誒 ， 由 七點半 就 做 到 十一點半 。	誒 ， 由 七點半 就 做 到 十一點半 。	INTJ _ ADP N ADV V ADP N _
都 唔 閃 嘅 ！	都 唔 閃 嘅 ！	ADV ADV ADJ PART _
ｏｋ ， 好 ， 掰掰 ！	ｏｋ ， 好 ， 掰掰 ！	V _ ADJ _ V _
你 阿媽 唔 得閒 呀 。	你 阿媽 唔 得閒 呀 。	PRO N ADV ADJ PART _
係 呀 ， 冇 而家 噉樣 㗎 ， 二十 、 二十 㗎 ， 冇 㗎 ， 呀 ， 嗰陣時 真 係 好 闊佬 㗎 。	係 呀 ， 冇 而家 噉樣 㗎 ， 二十 、 二十 㗎 ， 冇 㗎 ， 呀 ， 嗰陣時 真 係 好 闊佬 㗎 。	V PART _ V N ADV PART _ NUM _ NUM PART _ V PART _ INTJ _ N ADV V ADV ADJ PART _
《 夏天的故事 》	《 夏天的故事 》	_ PROPN _
我 過到去 呀 ， 驚 做 電燈膽 呀 。	我 過到去 呀 ， 驚 做 電燈膽 呀 。	PRO V PART _ V V N PART _
哎唷 ， 哎吔 ， 呢個 冇 人 贊成 嘅 。	哎唷 ， 哎吔 ， 呢個 冇 人 贊成 嘅 。	INTJ _ INTJ _ PART V N V PART _
唱 嗰 啲 ， 誒 ， 誒 ， 誒 ， 誒 ， 誒 。 《 從不喜歡孤單一個 》 都 有 人 唱 呢啲 。	唱 嗰 啲 ， 誒 ， 誒 ， 誒 ， 誒 ， 誒 。 《 從不喜歡孤單一個 》 都 有 人 唱 呢啲 。	V DET N _ INTJ _ INTJ _ INTJ _ INTJ _ INTJ _ _ PROPN _ ADV V N V PRO _
因為 - 因為 我 呢 個 年紀 嘅 人 ， 好似 呢 個 年紀 嘅 人 ， 應該 喺 屋企 帶孫 ， 有 孫 嘛 ， 可 ？ 帶孫 呀 ， 煮飯 買菜 呀 。	因為 - 因為 我 呢 個 年紀 嘅 人 ， 好似 呢 個 年紀 嘅 人 ， 應該 喺 屋企 帶孫 ， 有 孫 嘛 ， 可 ？ 帶孫 呀 ， 煮飯 買菜 呀 。	ADV _ ADV PRO PART N N PART N _ ADP PART N N PART N _ V ADP N V _ V N PART _ INTJ _ V PART _ V V PART _
走 啦 ！	走 喇 ！	V PART _
傻仔 ！	傻仔 ！	N _
係 呀 ！	係 呀 ！	V PART _
戰鬥力 超 勁 ！	戰鬥力 超 勁 ！	N ADV ADJ _
噉 根本 就 唔 識 廟街 個啲 …… 又 同 客 傾偈 啦 ， 飲酒 啦 ， 嗰啲 啦 。	噉 根本 就 唔 識 廟街 個啲 …… 又 同 客 傾偈 喇 ， 飲酒 喇 ， 嗰啲 喇 。	ADV ADV ADV ADV V PROPN PRO _ ADV V N V PART _ V PART _ PRO PART _
攞 嚟 啦 ！	攞 唻 喇 ！	V V PART _
《 分飛燕 》 呀 ， 日日 都 ， 好似 呢 排 都 有 。	《 分飛燕 》 呀 ， 日日 都 ， 好似 呢 排 都 有 。	_ PROPN _ PART _ ADV ADV _ ADV PART N ADV V _
你 做 過 第二 份 先 啦 ！	你 做 過 第二 份 先 喇 ！	PRO V V ADJ N PART PART _
我 睇 中 呢 個 老世 做 唔 嚟 。 我 叫 佢 ： 「 不如 誒 ， 呢 啲 檯檯凳凳 頂 畀 我 做 。 」 喺度 做 ， 我 先 做 咗 一 年 半 。	我 睇 中 呢 個 老世 做 唔 唻 。 我 叫 佢 ： 「 不如 誒 ， 呢 啲 檯檯凳凳 頂 畀 我 做 。 」 喺度 做 ， 我 先 做 咗 一 年 半 。	PRO V V PART N N V ADV V _ PRO V PRO _ _ ADV INTJ _ DET N N V ADP PRO V _ _ ADV V _ PRO ADV V V NUM N NUM _
而家 出發 ！	而家 出發 ！	N V _
對唔住 呀 ！	對唔住 呀 ！	V PART _
唏 ， 你 點 知 㗎 ？	唏 ， 你 點 知 㗎 ？	INTJ _ PRO ADV V PART _
你 搞 返 掂 佢 呀 。	你 搞 返 掂 佢 呀 。	PRO V V ADJ PRO PART _
換 咗 呀 ？	換 咗 呀 ？	V V PART _
我 都 冇 上堂 ， 你 知 㗎 啦 ！	我 都 冇 上堂 ， 你 知 㗎 喇 ！	PRO ADV V V _ PRO V PART PART _
可以 點 叫 我 呀 ？ 呢度 成 條 街 叫 我 大家姐 ， 因為 我 最 大 ， 年紀 最 大 吖嘛 。	可以 點 叫 我 呀 ？ 呢度 成 條 街 叫 我 大家姐 ， 因為 我 最 大 ， 年紀 最 大 吖嘛 。	V ADV V PRO PART _ PRO DET N N V PRO N _ ADV PRO ADV ADJ _ N ADV ADJ PART _
我 唱 下 呢 個 誒 ， 男兒當自強 ， 下嘛 ， 幾 雄壯 呀 。	我 唱 下 呢 個 誒 ， 男兒當自強 ， 下嘛 ， 幾 雄壯 呀 。	PRO V ADV DET N INTJ _ PROPN _ INTJ _ ADV ADJ PART _
係 ， 細個 到 而家 都 係 興趣 ， 呢啲 係 興趣 ， 下 。	係 ， 細個 到 而家 都 係 興趣 ， 呢啲 係 興趣 ， 下 。	V _ ADJ ADP N ADV V N _ PRO V N _ PART _
唔使 喇 。	唔使 嘑 。	V PART _
因住 整 爛 呀 ！	因住 整 爛 呀 ！	ADV V V PART _
都 唔 得 喎 。	都 唔 得 喎 。	ADV ADV V PART _
黎明 ？	黎明 ？	PROPN _
唔好 整 呀 ！	唔好 整 呀 ！	V V PART _
吖 ， 死𡃁妹 吖 ！	吖 ， 死笭妹 吖 ！	PART _ N PART _
走 啦 ， 走 啦 ， 走 ！	走 喇 ， 走 喇 ， 走 ！	V PART _ V PART _ V _
差唔多 啦 。	差唔多 喇 。	V PART _
你 ⋯⋯ 同 我 睇 啦 ！	你 ⋯⋯ 同 我 睇 喇 ！	PRO _ V PRO V PART _
係 呀 ， 唔錯 呀 ！	係 呀 ， 唔錯 呀 ！	V PART _ ADJ PART _
跟住 呢 ， 漸漸 我 識 咗 嗰 啲 客 呀 。 之後 呢 ， 我 覺得 嗰 啲 客 呢 ， 都 - 都 覺得 係 - 好似 當 我 係 朋友 噉 囖 。	跟住 呢 ， 漸漸 我 識 咗 嗰 啲 客 呀 。 之後 呢 ， 我 覺得 嗰 啲 客 呢 ， 都 - 都 覺得 係 - 好似 當 我 係 朋友 噉 囖 。	ADV PART _ ADV PRO V V DET N N PART _ ADP PART _ PRO V DET N N PART _ ADV _ ADV V V _ ADV V PRO V N ADV PART _
ｏｋ ！	ｏｋ ！	V _
噉 我 收工 返 到 屋企 ， 跟住 呢 ， 我 個 仔 問 我 喎 ： 「 你 聽日 去 旅行 呀 ？ 」	噉 我 收工 返 到 屋企 ， 跟住 呢 ， 我 個 仔 問 我 喎 ： 「 你 聽日 去 旅行 呀 ？ 」	ADV PRO V V ADP N _ ADV PART _ PRO N N V PRO PART _ _ PRO N V N PART _ _
多數 唱 張學友 呀 ， 張國榮 ， 誒 ， beyond 。	多數 唱 張學友 呀 ， 張國榮 ， 誒 ， beyond 。	ADV V PROPN PART _ PROPN _ INTJ _ PROPN _
你 痴線 嘅 ！	你 痴線 嘅 ！	PRO V PART _
由 細 到 大 都 中意 唱歌 嘅 ？	由 細 到 大 都 中意 唱歌 嘅 ？	ADP ADJ ADP ADJ ADV V V PART _
你 搞 返 掂 佢 呀 。	你 搞 返 掂 佢 呀 。	PRO V V ADJ PRO PART _
你 試 下 將 條 天線 㨃 出 出便 。	你 試 下 將 條 天線 㨃 出 出便 。	PRO V ADV ADP N N V V N _
點解 呀 ？	點解 呀 ？	ADV PART _
聽日 畀 你 睇 返 啲 錄影帶 ！	聽日 畀 你 睇 返 啲 錄影帶 ！	N V PRO V V N N _
你 過去 收 吖 。	你 過去 收 吖 。	PRO V V PART _
冇 問題 ， 嗱 ， 我 請 你 呀 ！	冇 問題 ， 嗱 ， 我 請 你 呀 ！	V N _ INTJ _ PRO V PRO PART _
屋企 係咪 呢 個 呢 ？	屋企 係咪 呢 個 呢 ？	N V DET N PART _
關 我 咩 事 喎 ？	關 我 咩 事 喎 ？	V PRO DET N PART _
係 呀 ， 新 出 㗎 ， 呢 隻 ！	係 呀 ， 新 出 㗎 ， 呢 隻 ！	V PART _ ADV V PART _ DET N _
哦 。	哦 。	INTJ _
誒 …… 有 - 有 - 有 一部分 歌 佢哋 成日 - 呢度 啲 人 成日 唱 嘅 。	誒 …… 有 - 有 - 有 一部分 歌 佢哋 成日 - 呢度 啲 人 成日 唱 嘅 。	INTJ _ V _ V _ V DET N PRO ADV _ PRO N N ADV V PART _
送 畀 你 送 畀 你 個 朋友 吖 ！	送 畀 你 送 畀 你 個 朋友 吖 ！	V ADP PRO V ADP PRO N N PART _
唔 知 阿哥 乜嘢 叫做 好 tei1si2 啦 。	唔 知 阿哥 乜嘢 叫做 好 tei1si2 喇 。	ADV V N PRO V ADJ N PART _
唏 ！ 都 唔 知 關 咩 事 。	唏 ！ 都 唔 知 關 咩 事 。	INTJ _ ADV ADV V V DET N _
我 妹 呢 ， 有 啲 問題 想 問 我 呀 。	我 妹 呢 ， 有 啲 問題 想 問 我 呀 。	PRO N PART _ V N N V V PRO PART _
呀 ， 你 諗 下 。	呀 ， 你 諗 下 。	PART _ PRO V ADV _
你 不如 一陣 先 問 下 ⋯⋯ 問 下 豪仔 夜晚 返 唔 返嚟 食飯 。	你 不如 一陣 先 問 下 ⋯⋯ 問 下 豪仔 夜晚 返 唔 返唻 食飯 。	PRO ADV N ADV V ADV _ V ADV PROPN N V ADV V N _
怕 咗 你 喇 ！	怕 咗 你 嘑 ！	V V PRO PART _
軒軒 ， 走 啦 ！	軒軒 ， 走 喇 ！	PROPN _ V PART _
點 分 呀 ？	點 分 呀 ？	ADV V PART _
關 我 咩 事 喎 ？	關 我 咩 事 喎 ？	V PRO DET N PART _
嚇 鬼 咩 ？	嚇 鬼 咩 ？	V N PART _
都 係 過 咗 十二 點 幾 先 瞓 。	都 係 過 咗 十二 點 幾 先 瞓 。	ADV V V V NUM N NUM ADV V _
佢 啲 - 掛 住 一 個 。	佢 啲 - 掛 住 一 個 。	PRO N _ V V NUM N _
你 返去 做 你 嘅 功課 啦 ！	你 返去 做 你 嘅 功課 喇 ！	PRO V V PRO PART N PART _
philip wong …… 又 食 咁 多 嘢 ……	philip wong …… 又 食 咁 多 嘢 ……	PROPN PROPN _ ADV V ADV ADJ N _
我 嚟 咗 香港 之後 呢 ， 香港 啲 朋友 就 同 我 講 話 ： 「 你 千祈 要 明白 呀 ， 你 喺 香港 做 歌手 呢 ， 同 喺 中國大陸 做 歌手 係 唔 同 㗎 。 」	我 唻 咗 香港 之後 呢 ， 香港 啲 朋友 就 同 我 講 話 ： 「 你 千祈 要 明白 呀 ， 你 喺 香港 做 歌手 呢 ， 同 喺 中國大陸 做 歌手 係 唔 同 㗎 。 」	PRO V V PROPN ADP PART _ PROPN N N ADV V PRO V V _ _ PRO ADV V V PART _ PRO ADP PROPN V N PART _ V ADP PROPN V N V ADV V PART _ _
十 個 一 蚊 。	十 個 一 緡 。	NUM N NUM N _
係 呀 ， 有 冇 量 過 血壓 呀 ？	係 呀 ， 有 冇 量 過 血壓 呀 ？	V PART _ V V V V N PART _
六十六 個 四 。	六十六 個 四 。	NUM N NUM _
愾 ！ 我 都 唔 知 你哋 咩 tei1唔tei1si2 。	愾 ！ 我 都 唔 知 你哋 咩 tei1唔tei1si2 。	INTJ _ PRO ADV ADV V PRO DET N _
快 啲 做 功課 啦 。	快 啲 做 功課 喇 。	ADV ADV V N PART _
呀 ， 你 企 喺度 ， 我哋 都 冇 唱 呀 。	呀 ， 你 徛 喺度 ， 我哋 都 冇 唱 呀 。	INTJ _ PRO V ADV _ PRO ADV V V PART _
快 啲 ， 扭 開 收音機 過去 再 跳 過 ！	快 啲 ， 扭 開 收音機 過去 再 跳 過 ！	ADJ ADV _ V V N V ADV V V _
關 你 咩 事 呀 ？	關 你 咩 事 呀 ？	V PRO DET N PART _
四 分 零五 秒 。	四 分 零五 秒 。	NUM N NUM N _
唔 公平 呀 ！	唔 公平 呀 ！	ADV V PART _
噉 佢哋 返嚟 又 聽 我 唱歌 ， 呀 ， 打賞 畀 我 。	噉 佢哋 返唻 又 聽 我 唱歌 ， 呀 ， 打賞 畀 我 。	ADV PRO V ADV V PRO V _ INTJ _ V ADP PRO _
喂 ！	喂 ！	INTJ _
讀 多 啲 書 自然 就 有用 ； 學 多 咗 嘢 自然 就 有用 。	讀 多 啲 書 自然 就 有用 ； 學 多 咗 嘢 自然 就 有用 。	V ADJ ADV N ADV ADV ADJ _ V ADJ V N ADV ADV ADJ _
以前 歌廳 有 個 - 有 個 箱 嘅 。	以前 歌廳 有 個 - 有 個 箱 嘅 。	N N V N _ V N N PART _
《 伴遊 》	《 伴遊 》	_ PROPN _
使 唔 使 我 呀 ， 幫手 呀 ， ei1 。	使 唔 使 我 呀 ， 幫手 呀 ， ei1 。	V ADV V PRO PART _ V PART _ INTJ _
因為 退休 之 年 嘅話 呢 ， 除去 食飯 ， 同 仔女 有 - 冇 - 冇 - 冇 - 冇 乜 傾 咖嘛 ！	因為 退休 之 年 嘅話 呢 ， 除去 食飯 ， 同 仔女 有 - 冇 - 冇 - 冇 - 冇 乜 傾 咖嘛 ！	ADV V PART N PART PART _ ADV V _ V N V _ V _ V _ V _ V PRO V PART _
洗 咗 嘞 ！	洗 咗 嘞 ！	V V PART _
我 話 畀 媽咪 知 ！	我 話 畀 媽咪 知 ！	PRO V V N V _
用 下 用 下 壞 㗎 啦 。	用 下 用 下 壞 㗎 喇 。	V ADV V ADV V PART PART _
好 攰 。	好 攰 。	ADV ADJ _
繼續 講 啦 ！ 係 啦 ， 係 啦 ， 繼續 講 ！ 講 快 啲 啦 ！	繼續 講 喇 ！ 係 喇 ， 係 喇 ， 繼續 講 ！ 講 快 啲 喇 ！	V V PART _ V PART _ V PART _ V V _ V ADJ ADV PART _
爺爺 ， 你 冇 tei1si2 嘅 ！	爺爺 ， 你 冇 tei1si2 嘅 ！	N _ PRO V N PART _
明明 啲 cd 同 而家 一樣 都 係 一百 蚊 倒 咋嘛 。	明明 啲 cd 同 而家 一樣 都 係 一百 緡 倒 咋嘛 。	ADV N N V N ADJ ADV V NUM N ADV PART _
我 轉頭 搵 你 吖 ！	我 轉頭 搵 你 吖 ！	PRO ADV V PRO PART _
血壓 高 囖 ！	血壓 高 囖 ！	N ADJ PART _
總之 我 聽晚 唔 返 啦 ～	總之 我 聽晚 唔 返 喇 ～	ADV PRO N ADV V PART _
喂 呀 ， 啲 閃 喺 佢 度 呀 ， 原來 。	喂 呀 ， 啲 閃 喺 佢 度 呀 ， 原來 。	INTJ PART _ N N V PRO ADP PART _ ADV _
等陣 先 ， 等陣 先 ！	等陣 先 ， 等陣 先 ！	V PART _ V PART _
呀 ！ 我 要 聽 《 森美小儀dotdotdot 》 呀 ！	呀 ！ 我 要 聽 《 森美小儀dotdotdot 》 呀 ！	INTJ _ PRO V V _ PROPN _ PART _
做咩 噉 問 呀 ？	做咩 噉 問 呀 ？	ADV ADV V PART _
住 喺 呢 間 酒店 真係 好 正 。	住 喺 呢 間 酒店 真係 好 正 。	V ADP PART N N ADV ADV ADJ _
嗱 ， 包 你 啦 …… 誒 …… 誒 …… 郵費 、 旅行費 啦 …… 誒 …… 酒店費 啦 。	嗱 ， 包 你 喇 …… 誒 …… 誒 …… 郵費 、 旅行費 喇 …… 誒 …… 酒店費 喇 。	INTJ _ V PRO PART _ INTJ _ INTJ _ N _ N PART _ INTJ _ N PART _
係 我 㗎 ！	係 我 㗎 ！	V PRO PART _
掰掰 ！	掰掰 ！	V _
呢 首 你 咪 錄 咗 囖 。	呢 首 你 咪 錄 咗 囖 。	PART N PRO ADV V V PART _
你 坐 低 ， 你 坐 低 ！	你 坐 低 ， 你 坐 低 ！	PRO V ADJ _ PRO V ADJ _
轉 個 圈 啦 ， 不如 。	轉 個 圈 喇 ， 不如 。	V N N PART _ ADV _
第二 日 我 拎 住 本 爛吓爛吓 嘅 yes! ， 問 佢 封面 去 咗 邊 。	第二 日 我 拎 住 本 爛吓爛吓 嘅 yes! ， 問 佢 封面 去 咗 邊 。	ADJ N PRO V V N ADJ PART PROPN _ V PRO N V V PRO _
屋企 仲 出現 咗 本 yes! 。	屋企 仲 出現 咗 本 yes! 。	N ADV V V N PROPN _
有 乜 傾 呢 ， 一味 講 ， 你 返去 自己 問 呀 ， 你 同 你 老豆 老母 有 咩 傾 吖 。	有 乜 傾 呢 ， 一味 講 ， 你 返去 自己 問 呀 ， 你 同 你 老頭 老母 有 咩 傾 吖 。	V PRO V PART _ ADV V _ PRO V PRO V PART _ PRO V PRO N N V PRO V PART _
出面 嗰度 識 好多 嗰 啲 朋友 ， 聽 下 歌 ， 開 下 心 。	出面 嗰度 識 好多 嗰 啲 朋友 ， 聽 下 歌 ， 開 下 心 。	N PRO V DET DET N N _ V ADV N _ V ADV N _
你 要 繳付 四千二百六十 蚊 兩 毫 四 仙 。	你 要 繳付 四千二百六十 緡 兩 毫 四 仙 。	PRO V V NUM N NUM N NUM N _
等 佢哋 用 完 呢 ， 又 唔 中 呢 ， 就 等 我哋 抽 。	等 佢哋 用 完 呢 ， 又 唔 中 呢 ， 就 等 我哋 抽 。	V PRO V V PART _ ADV ADV V PART _ ADV V PRO V _
抑係 噉 嘞 ， 我 畀 兩 蚊 你 ， 再 加 多 三 張 yes! 卡 。	抑係 噉 嘞 ， 我 畀 兩 緡 你 ， 再 加 多 三 張 yes! 卡 。	CONJ ADV PART _ PRO V NUM N PRO _ ADV V ADJ NUM N PROPN N _
關 我 咩 事 喎 ？	關 我 咩 事 喎 ？	V PRO DET N PART _
哎吔 ！	哎吔 ！	INTJ _
傾 唔 兩 句 呀 - 呀 - 呀 - 呀 ， 頂嘴 㗎 啦 ， 啱 唔 啱 先 。	傾 唔 兩 句 呀 - 呀 - 呀 - 呀 ， 頂嘴 㗎 喇 ， 啱 唔 啱 先 。	V ADV NUM N PART _ INTJ _ INTJ _ INTJ _ V PART PART _ ADJ ADV ADJ PART _
即係 佢 唔 想 見 到 ， 誒 ， 冇 咗 呢 個 檔口 。 噉 就 有 啲 特色 喺度 囖 。	即係 佢 唔 想 見 到 ， 誒 ， 冇 咗 呢 個 檔口 。 噉 就 有 啲 特色 喺度 囖 。	ADV PRO ADV V V V _ INTJ _ V V PART N N _ ADV ADV V N N ADV PART _
你 想 我 代 阿爺 丙 你 呀 ， 吓 ？	你 想 我 代 阿爺 丙 你 呀 ， 吓 ？	PRO V PRO V N V PRO PART _ INTJ _
我 唔 係 嗰 種 性格 ， 我 係 中意 响 出面 玩 嘅 性格 。	我 唔 係 嗰 種 性格 ， 我 係 中意 响 出面 玩 嘅 性格 。	PRO ADV V DET N N _ PRO V V ADP N V PART N _
你 陪 我 咋嘛 ， 有 乜 所謂 唧 ？	你 陪 我 咋嘛 ， 有 乜 所謂 唧 ？	PRO V PRO PART _ V DET N PART _
成日 都 講 埋 啲 咩 龜波氣功 吖 ， 打交 啦 。	成日 都 講 埋 啲 咩 龜波氣功 吖 ， 打交 喇 。	ADV ADV V PART N PRO N PART _ V PART _
快 啲 ！	快 啲 ！	ADJ ADV _
過嚟 ！	過唻 ！	V _
舊陣時 呢 ， 龍珠 係 好 興 㗎 。	舊陣時 呢 ， 龍珠 係 好 興 㗎 。	N PART _ PROPN V ADV ADJ PART _
嗰啲 呢 ？	嗰啲 呢 ？	PRO PART _
嗰陣時 啲 cd 舖 仲 多 過 而家 啲 七十一 。	嗰陣時 啲 cd 舖 仲 多 過 而家 啲 七十一 。	N N N N ADV ADJ ADP N N PROPN _
走 啦 ， 走 啦 ⋯⋯ 走 啦 ， 走 啦 。	走 喇 ， 走 喇 ⋯⋯ 走 喇 ， 走 喇 。	V PART _ V PART _ V PART _ V PART _
我 夠 問 緊 功課 啦 ！	我 夠 問 緊 功課 喇 ！	PRO ADJ V V N PART _
好 好睇 㗎 ！	好 好睇 㗎 ！	ADV ADJ PART _
噉 就 - 噉 有 啲 人 退 咗 休 就 頂 畀 我 ， 噉 就 頂 嚟 做 囖 。	噉 就 - 噉 有 啲 人 退 咗 休 就 頂 畀 我 ， 噉 就 頂 唻 做 囖 。	ADV ADV _ ADV V N N V V N ADV V ADP PRO _ ADV ADV V PART V PART _
啲 cd 又 唔 係 我 嘅 ！	啲 cd 又 唔 係 我 嘅 ！	N N ADV ADV V PRO PART _
我 就 要 搞 卡拉ｏｋ ， 琴師 都 唔 使 。	我 就 要 搞 卡拉ｏｋ ， 琴師 都 唔 使 。	PRO ADV V V N _ N ADV ADV V _
應該 都 唔 係 楊千嬅 。	應該 都 唔 係 楊千嬅 。	V ADV ADV V PROPN _
玩 得 開心 就 得 㗎 啦 ……	玩 得 開心 就 得 㗎 喇 ……	V PART ADJ ADV V PART PART _
哦 ， 嗰度 我 識 做 㗎 喇 。	哦 ， 嗰度 我 識 做 㗎 嘑 。	INTJ _ PRO PRO V V PART PART _
六十六 個 四 。	六十六 個 四 。	NUM N NUM _
邊個 中意 黎明 呀 ？	邊個 中意 黎明 呀 ？	PRO V PROPN PART _
喺 九零三 同埋 新城 之間 轉 嚟 轉 去 。	喺 九零三 同埋 新城 之間 轉 唻 轉 去 。	ADP PROPN CONJ PROPN ADP V V V V _
阿爸 、 阿媽 …… 唔 得閒 呀 ，	阿爸 、 阿媽 …… 唔 得閒 呀 ，	N _ N _ ADV ADJ PART _
跟住 我哋 係 攞 ……	跟住 我哋 係 攞 ……	ADV PRO V V _
啲 屋企人 有 冇 話 ： 「 哎吔 ， 唔好 開 歌檔 呀 ， 好 大 壓力 呀 。 」	啲 屋企人 有 冇 話 ： 「 哎吔 ， 唔好 開 歌檔 呀 ， 好 大 壓力 呀 。 」	N N V V V _ _ INTJ _ V V N PART _ ADV ADJ N PART _ _
係 喇 ， 豪仔 今晚 返 唔 返嚟 食飯 呀 ？	係 嘑 ， 豪仔 今晚 返 唔 返唻 食飯 呀 ？	V PART _ PROPN N V ADV V V PART _
呀 ， 呀 ， 又 有 人 唱 ， 都 有 人 唱 新 歌 呀 。	呀 ， 呀 ， 又 有 人 唱 ， 都 有 人 唱 新 歌 呀 。	PART _ PART _ ADV V N V _ ADV V N V ADJ N PART _
係 啦 ， 你哋 一 個 ⋯⋯ 好似 中意 ⋯⋯ 嗰 個 咩 …… 哦 ， eason ， 一 個 呢 ， 就 中意 嗰 個 ⋯⋯ 黎明 。	係 喇 ， 你哋 一 個 ⋯⋯ 好似 中意 ⋯⋯ 嗰 個 咩 …… 哦 ， eason ， 一 個 呢 ， 就 中意 嗰 個 ⋯⋯ 黎明 。	V PART _ PRO NUM N _ ADV V _ DET N PRO _ INTJ _ PROPN _ NUM N PART _ ADV V DET N _ PROPN _
嗱 ， 記 住 ， 每 面 三十 分鐘 。	嗱 ， 記 住 ， 每 面 三十 分鐘 。	INTJ _ V V _ DET N NUM N _
都 幾 襯 吖 ， 佢哋 。	都 幾 襯 吖 ， 佢哋 。	ADV ADV ADJ PART _ PRO _
喂 ， 關乎 到 你 有 冇 利是 收 個 喎 。	喂 ， 關乎 到 你 有 冇 利是 收 個 喎 。	INTJ _ V ADP PRO V V N V PART PART _
佢哋 要 返工 呀 ，	佢哋 要 返工 呀 ，	PRO V V PART _
天生我材必有用 。	天生我材必有用 。	V _
跟住 幾時 返 我 就 唔 知 㗎 。	跟住 幾時 返 我 就 唔 知 㗎 。	ADV N V PRO ADV ADV V PART _
打 鑊 你 ！	打 鑊 你 ！	V N PRO _
《 每一個明天 》	《 每一個明天 》	_ PROPN _
欸 ， 嗰 部 機 仲 喺 唔 喺度 呀 ？	欸 ， 嗰 部 機 仲 喺 唔 喺度 呀 ？	INTJ _ DET N N ADV V ADV V PART _
張 閃卡 本來 係 我 㗎嘛 。	張 閃卡 本來 係 我 㗎嘛 。	N N ADV V PRO PART _
三 歲 到 卅 歲 都 沉迷 。	三 歲 到 卅 歲 都 沉迷 。	NUM N ADP NUM N ADV V _
你 等 我 一陣 呀 ， 吓 ？	你 等 我 一陣 呀 ， 吓 ？	PRO V PRO ADV PART _ INTJ _
感覺 係 唔 同 。	感覺 係 唔 同 。	N V ADV V _
咩話 ？	咩話 ？	V _
佢 女朋友 喺度 。	佢 女朋友 喺度 。	PRO N V _
唔該 ！ 十 個 一 蚊 ！	唔該 ！ 十 個 一 緡 ！	V _ NUM N NUM N _
就嚟 有 閃卡 㗎 喇 ！	就唻 有 閃卡 㗎 嘑 ！	ADV V N PART PART _
《 夏天的故事 》 之後 ， 阿哥 就 冇 再 買 過 eason 以外 嘅 碟 。	《 夏天的故事 》 之後 ， 阿哥 就 冇 再 買 過 eason 以外 嘅 碟 。	_ PROPN _ ADP _ N ADV V ADV V V PROPN ADP PART N _
唔好 咁 嘈 啦 ！	唔好 咁 嘈 喇 ！	V ADV V PART _
怪唔之得 追 唔 倒 女仔 啦 ！	怪唔之得 追 唔 倒 女仔 喇 ！	ADV V ADV V N PART _
噉 有時 延遲 三 個 字 嘅 。	噉 有時 延遲 三 個 字 嘅 。	ADV ADV V NUM N N PART _
我 自己 攞 發電機 ， 係咪 我 就 有 電 喇 ， 呀 。	我 自己 攞 發電機 ， 係咪 我 就 有 電 嘑 ， 呀 。	PRO PRO V N _ ADV PRO ADV V N PART _ PART _
頭先 又 話 夜總會 嗰時 呢 ， 嗰時 廟街 係 同 而家 有 冇 分別 。	頭先 又 話 夜總會 嗰時 呢 ， 嗰時 廟街 係 同 而家 有 冇 分別 。	N ADV V N PRO PART _ PRO PROPN V V N V V N _
因為 我哋 ， 係 退休 先 嚟 。	因為 我哋 ， 係 退休 先 唻 。	ADV PRO _ V V ADV V _
第一 個 幾多 分 呀 ？	第一 個 幾多 分 呀 ？	ADJ N DET N PART _
bad taste ！	bad taste ！	ADJ N _
唔 得 呀 ， 得 呢 份 咋 ！	唔 得 呀 ， 得 呢 份 咋 ！	ADV V PART _ V DET N PART _
等 一陣 啦 ， 吓 ？	等 一陣 喇 ， 吓 ？	V ADV PART _ INTJ _
噉 我 去 咗 邊 呀 ？	噉 我 去 咗 邊 呀 ？	ADV PRO V V PRO PART _
不過 我 呢度 唔 唱 粵曲 ， 呀 ， 呢度 ， 歌 。	不過 我 呢度 唔 唱 粵曲 ， 呀 ， 呢度 ， 歌 。	CONJ PRO PRO ADV V N _ PART _ PRO _ N _
唏 ！ 做 賊 咁 做 。	唏 ！ 做 賊 咁 做 。	INTJ _ V N ADV V _
用 angle-sum-of-triangle 嘅 咩 ？	用 angle-sum-of-triangle 嘅 咩 ？	V PROPN PART PART _
噉 我 就 會 走 - 或者 走 去 第二 間 場 啦 ， 或者 跑場 啦 ， 嗰啲 。	噉 我 就 會 走 - 或者 走 去 第二 間 場 喇 ， 或者 跑場 喇 ， 嗰啲 。	ADV PRO ADV V V _ CONJ V V ADJ N N PART _ CONJ V PART _ PRO _
我 有排 都 未 做 完 呀 。	我 有排 都 未 做 完 呀 。	PRO ADV ADV ADV V V PART _
噉 你 幾時 返 呀 ？	噉 你 幾時 返 呀 ？	ADV PRO N V PART _
唏 ～ 噉樣 ？	唏 ～ 噉樣 ？	INTJ _ ADV _
兩 包 腸粉 就 六 蚊 ， 十二 蚊 ⋯⋯	兩 包 腸粉 就 六 緡 ， 十二 緡 ⋯⋯	NUM N N ADV NUM N _ NUM N _
《 有發生過 》	《 有發生過 》	_ PROPN _
《 不再讓你孤單 》	《 不再讓你孤單 》	_ PROPN _
哦 。	哦 。	INTJ _
若果 佢 唔 炒 我 魷魚 呢 ， 我 自己 就 開 唔 到 呢 一 度 。	若果 佢 唔 炒 我 魷魚 呢 ， 我 自己 就 開 唔 到 呢 一 度 。	CONJ PRO ADV V PRO N PART _ PRO PRO ADV V ADV V PART NUM N _
係 呀 ！	係 呀 ！	V PART _
甚至乎 我 請 佢哋 飲茶 ， 請 佢哋 食飯 。	甚至乎 我 請 佢哋 飲茶 ， 請 佢哋 食飯 。	ADV PRO V PRO V _ V PRO V _
總之 就 日日 係噉 喺度 聽 囖 。	總之 就 日日 係噉 喺度 聽 囖 。	ADV ADV ADV ADV ADV V PART _
部 機 都 冇 咗 嘞 。	部 機 都 冇 咗 嘞 。	N N ADV V V PART _
吓 ， 噉 都 畀 你 搵 到 呀 ？	吓 ， 噉 都 畀 你 搵 到 呀 ？	INTJ _ ADV ADV V PRO V V PART _
呢 句 得 喎 ！	呢 句 得 喎 ！	PART N V PART _
吖 ， 掰掰 啦 ， 同 小朋友 掰掰 。	吖 ， 掰掰 喇 ， 同 小朋友 掰掰 。	PART _ V PART _ ADP N V _
咩 事 呀 ？	咩 事 呀 ？	DET N PART _
我 唔使 你 出 呀 。	我 唔使 你 出 呀 。	PRO V PRO V PART _
呀 呀 ， 好似話 ， 《 讓一切隨風 》 呀 ， 幾乎 日日 都 有 人 唱 。	呀 呀 ， 好似話 ， 《 讓一切隨風 》 呀 ， 幾乎 日日 都 有 人 唱 。	PART PART _ ADP _ _ PROPN _ PART _ ADV ADV ADV V N V _
媽 、 爸 ， 八 日 七 夜 吉隆坡 加 浮羅交怡 之 旅 嚟 到 第四 日 。	媽 、 爸 ， 八 日 七 夜 吉隆坡 加 浮羅交怡 之 旅 唻 到 第四 日 。	N _ N _ NUM N NUM N PROPN V PROPN PART N V ADP ADJ N _
有 咩 好 聽 唧 ？	有 咩 好 聽 唧 ？	V PRO V V PART _
唔使 你 出 呀 ， 我 請 晒 你 呀 ！	唔使 你 出 呀 ， 我 請 晒 你 呀 ！	V PRO V PART _ PRO V PART PRO PART _
咩 呀 ？ 童年 經典 ── 龍珠 主題曲 。	咩 呀 ？ 童年 經典 ── 龍珠 主題曲 。	PRO PART _ N N _ PROPN N _
我哋 ， 我哋 走 㗎 喇 ， 而家 ， 而家 落 緊 雨 吖嘛 。	我哋 ， 我哋 走 㗎 嘑 ， 而家 ， 而家 落 緊 雨 吖嘛 。	PRO _ PRO V PART PART _ N _ N V V N PART _
噉 嗰 班 人 就 係 水上 嘅 ， 即係 躉船 呀 ， 運輸 嘅 。	噉 嗰 班 人 就 係 水上 嘅 ， 即係 躉船 呀 ， 運輸 嘅 。	ADV DET N N ADV V ADJ PART _ ADV N PART _ N PART _
點解 你 唔 得閒 唧 ！	點解 你 唔 得閒 唧 ！	ADV PRO ADV ADJ PART _
計數 ！	計數 ！	V _
呢 張 唔 係 你 中意 嘅 孫悟空 咩 ？	呢 張 唔 係 你 中意 嘅 孫悟空 咩 ？	PART N ADV V PRO V PART PROPN PART _
每 天 對住 啲 人 又 笑 ， 人哋 肯 幫 你 咖嘛 。	每 天 對住 啲 人 又 笑 ， 人哋 肯 幫 你 咖嘛 。	DET N ADP N N ADV V _ PRO V V PRO PART _
好 未 呀 ？	好 未 呀 ？	ADJ ADV PART _
對 人 好 ， 人哋 對 我 好 ， 係咪 呀 ？	對 人 好 ， 人哋 對 我 好 ， 係咪 呀 ？	V N ADJ _ PRO V PRO ADJ _ V PART _
畀 返 兩 蚊 你 囖 ， 好唔好 呀 ？	畀 返 兩 緡 你 囖 ， 好唔好 呀 ？	V V NUM N PRO PART _ V PART _
冇 ， 我 掛住 你 啫 。	冇 ， 我 掛住 你 啫 。	V _ PRO V PRO PART _
噉 初初 嗰時 ， 都 係 覺得 好 難 接受 囉 ， 跟住 但係 冇 辦法 。	噉 初初 嗰時 ， 都 係 覺得 好 難 接受 囉 ， 跟住 但係 冇 辦法 。	ADV ADV ADP _ ADV V V ADV ADJ V PART _ ADV CONJ V N _
冇 呀 ， 爺爺 。	冇 呀 ， 爺爺 。	V PART _ N _
快 啲 畀 返 啲 錢 我 呀 ！	快 啲 畀 返 啲 錢 我 呀 ！	ADV ADV V V N N PRO PART _
我 要 食 蛋撻 呀 ！	我 要 食 蛋澾 呀 ！	PRO V V N PART _
依個 ， 全部 都 自 - 自發性 嘅 。 早 諗 起 嗰 首 歌 ， 係 嗰 首 歌 可以 舒緩 我自己 嘅 。	依個 ， 全部 都 自 - 自發性 嘅 。 早 諗 起 嗰 首 歌 ， 係 嗰 首 歌 可以 舒緩 我自己 嘅 。	PRO _ ADV ADV ADJ _ ADJ PART _ ADV V V DET N N _ V DET N N V V PRO PART _
但係 呢 ， 冇 開 燈 呢 ， 真係 好 驚 ！	但係 呢 ， 冇 開 燈 呢 ， 真係 好 驚 ！	CONJ PART _ V V N PART _ ADV ADV ADJ _
八號 交 喇 ！	八號 交 嘑 ！	N V PART _
呀 ， 仲 走 喎 ！	呀 ， 仲 走 喎 ！	PART _ ADV V PART _
就嚟 畀 人 捉 㗎 喇 ！	就唻 畀 人 捉 㗎 嘑 ！	ADV ADP N V PART PART _
第七 條 我 做 咗 嘞 ， histogram 。	第七 條 我 做 咗 嘞 ， histogram 。	ADJ N PRO V V PART _ N _
咁 夜 先至 播 嗰啲 卡通片 ， 令到 嗰啲 細路 呢 ， 就 晚晚 喺度 捱夜 。	咁 夜 先至 播 嗰啲 卡通片 ， 令到 嗰啲 細路 呢 ， 就 晚晚 喺度 捱夜 。	ADV ADJ ADV V DET N _ V DET N PART _ ADV ADV ADV V _
因為 我哋 不嬲 唱歌 都 係 自己 一 個 舞台 唱歌 ， 唱 完 歌 就 走 嘞 ， 唔 需要 同 啲 客 打招呼 啦 。	因為 我哋 不嬲 唱歌 都 係 自己 一 個 舞台 唱歌 ， 唱 完 歌 就 走 嘞 ， 唔 需要 同 啲 客 打招呼 喇 。	ADV PRO ADV V ADV V PRO NUM N N V _ V V N ADV V PART _ ADV V V N N V PART _
唔好 咁 近 個 電視機 呀 ！	唔好 咁 近 個 電視機 呀 ！	V ADV V N N PART _
有 人氣 即是 有 財氣 ； 有 咗 財氣 先 有 - 有 福氣 ， 哦 。 有 咗 福氣 咪 就 有 運氣 囖 ， 可 。	有 人氣 即是 有 財氣 ； 有 咗 財氣 先 有 - 有 福氣 ， 哦 。 有 咗 福氣 咪 就 有 運氣 囖 ， 可 。	V N ADV V N _ V V N ADV V _ V N _ INTJ _ V V N ADV ADV V N PART _ INTJ _
我 默書 一百 分 呀 。	我 默書 一百 分 呀 。	PRO V NUM N PART _
你 就 - 啲 人 畀 利是 嘅 ， 而家 冇 喎 。	你 就 - 啲 人 畀 利是 嘅 ， 而家 冇 喎 。	PRO ADV _ N N V N PART _ N V PART _
咩 嚟 㗎 ， 咩 嚟 㗎 ， 呢 隻 ？	咩 唻 㗎 ， 咩 唻 㗎 ， 呢 隻 ？	PRO PART PART _ PRO PART PART _ DET N _
四萬一 …… 四萬幾 蚊 一 個 人 㗎 。	四萬一 …… 四萬幾 緡 一 個 人 㗎 。	NUM _ NUM N NUM N N PART _
等等 啦 ！	等等 喇 ！	V PART _
嘩 ！ 真係 喎 ！ 好 叻 喎 ！	嘩 ！ 真係 喎 ！ 好 叻 喎 ！	INTJ _ ADV PART _ ADV V PART _
默書 呢 ？	默書 呢 ？	V PART _
唔 得 呀 ！	唔 得 呀 ！	ADV V PART _
多多 ！	多多 ！	PROPN _
我哋 去 見識 下 吖嘛 。	我哋 去 見識 下 吖嘛 。	PRO V V ADV PART _
我 個 - 我 藝名 叫做 金燕子 ， 係 呀 ， 金燕子 ， 係 呀 ， 係 我 喺 廟街 ， 呢 個 廟街 嘅 藝名 - 藝名 嚟 㗎 。	我 個 - 我 藝名 叫做 金燕子 ， 係 呀 ， 金燕子 ， 係 呀 ， 係 我 喺 廟街 ， 呢 個 廟街 嘅 藝名 - 藝名 唻 㗎 。	PRO N _ PRO N V PROPN _ V PART _ PROPN _ V PART _ V PRO ADP PROPN _ PART N PROPN PART N _ N PART PART _
喂 呀 ， 特登 同 李嘉祺 換 㗎 ！	喂 呀 ， 特登 同 李嘉祺 換 㗎 ！	INTJ PART _ ADV V PROPN V PART _
快 啲 瞓 ！	快 啲 瞓 ！	ADV ADV V _
我哋 坐 郵輪 喎 ， 又 可以 呢 …… 喺 …… 喺 …… 誒 …… 上一上 岸 又 可以 去 shopping 喎 。	我哋 坐 郵輪 喎 ， 又 可以 呢 …… 喺 …… 喺 …… 誒 …… 上一上 岸 又 可以 去 shopping 喎 。	PRO V N PART _ ADV V PART _ V _ V _ INTJ _ V N ADV V V N PART _
走 啦 ！	走 喇 ！	V PART _
等陣 先 ， 等陣 先 ！	等陣 先 ， 等陣 先 ！	V PART _ V PART _
噉 呢 ， 佢 炒 咗 我 嘞 。 剛好 呢度 嘅 老世 呢 ， 佢 又 好 忙 ， 做 唔 嚟 ， 打理 唔 過嚟 ， 佢 有 其他 地方 。	噉 呢 ， 佢 炒 咗 我 嘞 。 剛好 呢度 嘅 老世 呢 ， 佢 又 好 忙 ， 做 唔 唻 ， 打理 唔 過唻 ， 佢 有 其他 地方 。	ADV PART _ PRO V V PRO PART _ ADV PRO PART N PART _ PRO ADV ADV ADJ _ V ADV V _ V ADV V _ PRO V DET N _
哦 。	哦 。	INTJ _
噉 喺 夜晚 呢 ， 即係 隔籬左右 呢 ， 都 係 政府合署 嘅 。 噉 所以 呢 ， 冇乜 人 行街 ， 噉 就 ， 好 - 好多 人 喺度 開 檔 嘅 。	噉 喺 夜晚 呢 ， 即係 隔籬左右 呢 ， 都 係 政府合署 嘅 。 噉 所以 呢 ， 冇乜 人 行街 ， 噉 就 ， 好 - 好多 人 喺度 開 檔 嘅 。	ADV ADP N PART _ ADV N PART _ ADV V N PART _ ADV ADV PART _ DET N V _ ADV ADV _ ADV _ DET N ADV V N PART _
爺爺 ， 我 行 得 喇 ！	爺爺 ， 我 行 得 嘑 ！	N _ PRO V V PART _
噉 都 要 執  ！	噉 都 要 執  ！	ADV ADV V V PART _
幾多 呀 ？	幾多 呀 ？	PRO PART _
刷 你 嘅 牙 啦 ！	刷 你 嘅 牙 喇 ！	V PRO PART N PART _
噉 或者話 ， 我 想 同 你 合唱 呢 首 歌 。 噉 我哋 有 個 最低 消費 㗎 。 同 一 個 歌手 合唱 呢 ， 一定 要 畀 一百 蚊 㗎 。	噉 或者話 ， 我 想 同 你 合唱 呢 首 歌 。 噉 我哋 有 個 最低 消費 㗎 。 同 一 個 歌手 合唱 呢 ， 一定 要 畀 一百 緡 㗎 。	ADV CONJ _ PRO V V PRO V DET N N _ ADV PRO V N ADJ N PART _ V NUM N N V PART _ ADV V V NUM N PART _
係 呀 ！	係 呀 ！	V PART _
唔 睇 。	唔 睇 。	ADV V _
喂 ， 阿ｂ 呀 ！	喂 ， 阿ｂ 呀 ！	INTJ _ PROPN PART _
噉 就 跟住 又 冇 做 嘞 ， 冇 做 呢 行 ， 走 咗 去 轉 行 做 咗 第二 啲 嘢 ， 我 做 咗 經紀 之嘛 。	噉 就 跟住 又 冇 做 嘞 ， 冇 做 呢 行 ， 走 咗 去 轉 行 做 咗 第二 啲 嘢 ， 我 做 咗 經紀 之嘛 。	ADV ADV ADV ADV V V PART _ V V PART V _ V V V V N V V ADJ N N _ PRO V V N PART _
卡拉ｏｋ 呀 ？	卡拉ｏｋ 呀 ？	N PART _
通常 呢 ， 有 二十幾 張 白卡 呢 ， 就 有 一 張 閃卡 嚟 㗎 。	通常 呢 ， 有 二十幾 張 白卡 呢 ， 就 有 一 張 閃卡 唻 㗎 。	N PART _ V NUM N N PART _ ADV V NUM N N V PART _
關 我 咩 事 呀 ？	關 我 咩 事 呀 ？	V PRO DET N PART _
做 咩 呀 ， 你 ？	做 咩 呀 ， 你 ？	V PRO PART _ PRO _
中間 唔 要 有 空白 呀 ， 知 唔 知 呀 ？	中間 唔 要 有 空白 呀 ， 知 唔 知 呀 ？	N ADV V V N PART _ V ADV V PART _
好 快 返嚟 。	好 快 返唻 。	ADV ADJ V _
我 都 唔 睇 呢啲 公仔 嘅 。	我 都 唔 睇 呢啲 公仔 嘅 。	PRO ADV ADV V DET N PART _
噉 我 - 我 跟住 去 咗 夜總會 ， 又 唱 咗 一 set 。	噉 我 - 我 跟住 去 咗 夜總會 ， 又 唱 咗 一 set 。	ADV PRO _ PRO ADV V V N _ ADV V V NUM N _
爺爺 ， 你 畀 我 啦 ！	爺爺 ， 你 畀 我 喇 ！	N _ PRO V PRO PART _
你 陪 我 啦 ！	你 陪 我 啦 ！	PRO V PRO PART _
就 搵 返 嗰 橛 出嚟 ， 哦 ， 就 係 噉 ！	就 搵 返 嗰 橛 出唻 ， 哦 ， 就 係 噉 ！	ADV V V DET N V _ INTJ _ ADV V ADV _
嗰陣時 呢 ， 陳奕迅 同埋 楊千嬅 呢 ， 啱啱 出道 嗰陣時 ， 佢哋 兩 個 係 一齊 㗎 。	嗰陣時 呢 ， 陳奕迅 同埋 楊千嬅 呢 ， 啱啱 出道 嗰陣時 ， 佢哋 兩 個 係 一齊 㗎 。	N PART _ PROPN CONJ PROPN PART _ ADV V ADP _ PRO NUM N V ADV PART _
就 噉 決定 啦 ！	就 噉 決定 喇 ！	ADV ADV V PART _
有 冇 掛住 我 呢 ？	有 冇 掛住 我 呢 ？	V V V PRO PART _
超級 撒亞 人 ！	超級 撒亞 人 ！	ADJ PROPN N _
唔 得 呀 ！	唔 得 呀 ！	ADV V PART _
阿哥 佢 中意 聽 陳奕迅 嘅話 ， 我 就 聽 陳奕迅 。	阿哥 佢 中意 聽 陳奕迅 嘅話 ， 我 就 聽 陳奕迅 。	N PRO V V PROPN CONJ _ PRO ADV V PROPN _
你 偏心 ！	你 偏心 ！	PRO V _
喂 ？ 喂 ？	喂 ？ 喂 ？	INTJ _ INTJ _
金剛郵輪 九 折 喎 ！	金剛郵輪 九 折 喎 ！	PROPN NUM N PART _
你 放 緊 暑假 㗎 ， 你 嗰陣時 ， 唔使 返學 㗎 ！	你 放 緊 暑假 㗎 ， 你 嗰陣時 ， 唔使 返學 㗎 ！	PRO V V N PART _ PRO N _ V V PART _
愾 ！ 你哋 啲 嘢 邊個 打 邊個 ， 唔 知 㗎 嘞 。	愾 ！ 你哋 啲 嘢 邊個 打 邊個 ， 唔 知 㗎 嘞 。	INTJ _ PRO N N PRO V PRO _ ADV V PART PART _
等陣 呀 ！	等陣 呀 ！	V PART _
好 正 㗎 ， 坐 郵輪 㗎 ！	好 正 㗎 ， 坐 郵輪 㗎 ！	ADV ADJ PART _ V N PART _
係 呀 ， 你 快 啲 教 我 啦 ， 唔 識 做 呀 。	係 呀 ， 你 快 啲 教 我 喇 ， 唔 識 做 呀 。	V PART _ PRO ADV ADV V PRO PART _ ADV V V PART _
爺爺 ， 你 再 畀 多 我 兩 蚊 吖 ！	爺爺 ， 你 再 畀 多 我 兩 緡 吖 ！	N _ PRO ADV V ADJ PRO NUM N PART _
找 返 你 三十 ⋯⋯	找 返 你 三十 ⋯⋯	V V PRO NUM _
愾吔 ， 做 鬼 咩 ！ 我 以前 電視臺 就 參加 比賽 ， 輸 咗 呢 。	愾吔 ， 做 鬼 咩 ！ 我 以前 電視臺 就 參加 比賽 ， 輸 咗 呢 。	INTJ _ V N PART _ PRO N N ADV V N _ V V PART _
你 放 緊 暑假 ， 唔使 返學 㗎 ！	你 放 緊 暑假 ， 唔使 返學 㗎 ！	PRO V V N _ V V PART _
乖乖地 ， 唔好 搞搞震 呀 ！	乖乖地 ， 唔好 搞搞震 呀 ！	ADV _ V V PART _
得 㗎 喇 ！	得 㗎 嘑 ！	V PART PART _
秋 ， 一四年 五月 二十二號 。	秋 ， 一四年 五月 二十二號 。	PROPN _ N N N _
你 問 同學 借 嚟 睇 咪 算 囖 。	你 問 同學 借 唻 睇 咪 算 囖 。	PRO V N V V V ADV V PART _
得 你 要 做 呀 ？	得 你 要 做 呀 ？	ADV PRO V V PART _
佢 日日 都 同 女朋友 去 玩 煮飯仔 ， 鬼 得閒 理 我哋 咩 ？	佢 日日 都 同 女朋友 去 玩 煮飯仔 ， 鬼 得閒 理 我哋 咩 ？	PRO ADV ADV ADP N V V N _ N ADJ V PRO PART _
關 我 咩 事 喎 ？	關 我 咩 事 喎 ？	V PRO DET N PART _
哦 ， 收 唔 到 喇 。	哦 ， 收 唔 到 嘑 。	INTJ _ V ADV V PART _
跳 兩 步 啦 ， 試 下 。	跳 兩 步 喇 ， 試 下 。	V NUM N PART _ V ADV _
快 啲 ， 快 啲 ， 快 啲 ！	快 啲 ， 快 啲 ， 快 啲 ！	ADJ ADV _ ADJ ADV _ ADJ ADV _
走 啦 ， 快 啲 ！	走 喇 ， 快 啲 ！	V PART _ ADJ ADV _
好 好彩 喎 ！	好 好彩 喎 ！	ADV ADJ PART _
畀 我 一 個 困難 呢 ， 係 歡樂 。	畀 我 一 個 困難 呢 ， 係 歡樂 。	V PRO NUM N N PART _ V ADJ _
你 試 下 唔 幫 我 吖 ！	你 試 下 唔 幫 我 吖 ！	PRO V ADV ADV V PRO PART _
唔 知 。	唔 知 。	ADV V _
每 一 個 歌手 呢 ， 都 有 一 個 藝名 ， 有 一 個 唱歌 嘅 名 嚟 嘅 ， 藝名 嚟 嘅 。	每 一 個 歌手 呢 ， 都 有 一 個 藝名 ， 有 一 個 唱歌 嘅 名 唻 嘅 ， 藝名 唻 嘅 。	DET NUM N N PART _ ADV V NUM N N _ V NUM N V PART N PART PART _ N PART PART _
爺爺 ， 好 好睇 㗎 ！	爺爺 ， 好 好睇 㗎 ！	N _ ADV ADJ PART _
因為 呢 ， 呢 條 街 呢 ， 就 係 日頭 呢 ， 就 係 誒 ， 畀 人 行 嘅 ， 條 路 。	因為 呢 ， 呢 條 街 呢 ， 就 係 日頭 呢 ， 就 係 誒 ， 畀 人 行 嘅 ， 條 路 。	ADV PART _ PART N N PART _ ADV V N PART _ ADV V INTJ _ V N V PART _ N N _
騎馬舞 嚟 㗎 喎 ， 呢 個 ！	騎馬舞 唻 㗎 喎 ， 呢 個 ！	N PART PART PART _ PART N _
噉 我 當時 個 內心 都 覺得 好 唔 開心 呀 ， 覺得 好似 好 委屈 自己 。	噉 我 當時 個 內心 都 覺得 好 唔 開心 呀 ， 覺得 好似 好 委屈 自己 。	ADV PRO N N N ADV V ADV ADV ADJ PART _ V ADV ADV V PRO _
因為 呢 ， 就 ， 誒 ， 我 ， 即係 話 有 啲 人 投訴 啦 ， 吓 ， 噉 誒 ， 話 噪音 啦 。 噉 所以 我哋 十一點半 呢 ， 即係 ， 應該 係 十一點 就 要 收 㗎 喇 。	因為 呢 ， 就 ， 誒 ， 我 ， 即係 話 有 啲 人 投訴 喇 ， 吓 ， 噉 誒 ， 話 噪音 喇 。 噉 所以 我哋 十一點半 呢 ， 即係 ， 應該 係 十一點 就 要 收 㗎 嘑 。	ADV PART _ ADV _ INTJ _ PRO _ ADV PART V N N V PART _ INTJ _ ADV INTJ _ V N PART _ ADV ADV PRO N PART _ ADV _ V V N ADV V V PART PART _
人 不 留 人 ， 就 雨 留 人 吖嘛 ！ 啱 唔 啱 先 。	人 不 留 人 ， 就 雨 留 人 吖嘛 ！ 啱 唔 啱 先 。	N ADV V N _ ADV N V N PART _ ADJ ADV ADJ PART _
阿哥 呀 ， 我 今日 扭 倒 㗎 ！	阿哥 呀 ， 我 今日 扭 倒 㗎 ！	N PART _ PRO N V V PART _
喺 邊 呀 ， 你 ？	喺 邊 呀 ， 你 ？	V PRO PART _ PRO _
係 閃卡 ！ 好嘢 ！ 好嘢 ！	係 閃卡 ！ 好嘢 ！ 好嘢 ！	V N _ INTJ _ INTJ _
得 㗎 啦 ， 得 㗎 啦 ， 係 ， 呢度 ！ 好 嘞 ！	得 㗎 喇 ， 得 㗎 喇 ， 係 ， 呢度 ！ 好 嘞 ！	V PART PART _ V PART PART _ V _ PRO _ ADJ PART _
十 蚊 ！	十 緡 ！	NUM N _
一樣 ， 一樣 ， 冇 乜 分別 ， 差唔多 。 係 呢 三 檔 以前 冇 ， 而家 有 。	一樣 ， 一樣 ， 冇 乜 分別 ， 差唔多 。 係 呢 三 檔 以前 冇 ， 而家 有 。	ADJ _ ADJ _ V DET N _ V _ V DET NUM N N V _ CONJ V _
噉 你 坐 低 就 唔好 講 咁 多 嘢 啦 ！	噉 你 坐 低 就 唔好 講 咁 多 嘢 喇 ！	ADV PRO V ADJ ADV V V ADV ADJ N PART _
未 聽 過 褦 ！	未 聽 過 褦 ！	ADV V V PART _
算 你 啦 ！	算 你 喇 ！	V PRO PART _
爺爺 ， 你 畀 我 睇 埋 啦 ！ 你 畀 我 睇 埋 啦 ！	爺爺 ， 你 畀 我 睇 埋 喇 ！ 你 畀 我 睇 埋 喇 ！	N _ PRO V PRO V PART PART _ PRO V PRO V PART PART _
去 瞓覺 ！	去 瞓覺 ！	V V _
其實 呢度 就 落雨 ， 個 電工 唔 畀 電 ， 佢哋 就 冇 電 嘞 。	其實 呢度 就 落雨 ， 個 電工 唔 畀 電 ， 佢哋 就 冇 電 嘞 。	ADV PRO ADV V _ N N ADV V N _ PRO ADV V N PART _
你 要 聽 歌 可以 用 十 蚊 去 買 一 隻 雜錦 錄音帶 ， 又 或者 係 用 廿 蚊 去 買 一 隻 老翻 。	你 要 聽 歌 可以 用 十 緡 去 買 一 隻 雜錦 錄音帶 ， 又 或者 係 用 廿 緡 去 買 一 隻 老翻 。	PRO V V N V V NUM N CONJ V NUM N ADJ N _ ADV CONJ V V NUM N V V NUM N N _
好 火爆 ， 都 要 變 到 好 溫柔 ， 好 可愛 。	好 火爆 ， 都 要 變 到 好 溫柔 ， 好 可愛 。	ADV ADJ _ ADV V V ADP ADV ADJ _ ADV ADJ _
太 新 啲 歌 。	太 新 啲 歌 。	ADV ADJ N N _
三 分 廿一 呀 。	三 分 廿一 呀 。	NUM N NUM PART _
噉 有 啲 人 移民 咗 去 外國 呢 ， 都 返嚟 講 話 ： 「 阿紅姐 ， 你 千祈 唔好 執 咗 呢 個 檔 呀 ， 呢度 係 廟街 嘅 文化 。 」	噉 有 啲 人 移民 咗 去 外國 呢 ， 都 返唻 講 話 ： 「 阿紅姐 ， 你 千祈 唔好 執 咗 呢 個 檔 呀 ， 呢度 係 廟街 嘅 文化 。 」	ADV V N N V V V N PART _ ADV V V V _ _ PROPN _ PRO ADV V V V DET N N PART _ PRO V PROPN PART N _ _
爺爺 ， 快 啲 啦 ！	爺爺 ， 快 啲 喇 ！	N _ ADJ ADV PART _
該 拎 嗰啲 都 拎 走 咗 啦 ！	該 拎 嗰啲 都 拎 走 咗 喇 ！	V V PRO ADV V V V PART _
嗯 ！ 係 呀 ， 係 呀 ， 呢 餅 呀 ！	嗯 ！ 係 呀 ， 係 呀 ， 呢 餅 呀 ！	INTJ _ V PART _ V PART _ PART N PART _
有 咩 好笑 ？	有 咩 好笑 ？	V DET ADJ _
我 話 ： 「 係 吖 ！ 」	我 話 ： 「 係 吖 ！ 」	PRO V _ _ V PART _ _
我 有 個 朋友 八號 生日 呀 ！	我 有 個 朋友 八號 生日 呀 ！	PRO V N N N V PART _
一路 做 功課 就 一路 聽 ！	一路 做 功課 就 一路 聽 ！	ADV V N ADV ADV V _
爺爺 呀 ， 快 啲 啦 ！	爺爺 呀 ， 快 啲 喇 ！	N PART _ ADJ ADP PART _
不過 又 驚 畀 你哋 知道 喎 。	不過 又 驚 畀 你哋 知道 喎 。	CONJ ADV V V PRO V PART _
我 聽晚 會 …… 唔 返嚟 。	我 聽晚 會 …… 唔 返唻 。	PRO N V _ ADV V _
嗰 日 之後 呢 ， 我哋 開始 識得 玩 㗎 喇 。	嗰 日 之後 呢 ， 我哋 開始 識得 玩 㗎 嘑 。	DET N ADP PART _ PRO V V V PART PART _
eason 每 兩 至 三 個 月 就 出 一 次 新 碟 。	eason 每 兩 至 三 個 月 就 出 一 次 新 碟 。	PROPN DET NUM CONJ NUM N N ADV V NUM N ADJ N _
你 成日 就 知道 多多 ！	你 成日 就 知道 多多 ！	PRO ADV ADV V PROPN _
愾 ！ 我 又 唔 識 佢哋 。	愾 ！ 我 又 唔 識 佢哋 。	INTJ _ PRO ADV ADV V PRO _
你 去 …… 你 …… 放 暑假 㗎 ， 唔使 返學 㗎 ！	你 去 …… 你 …… 放 暑假 㗎 ， 唔使 返學 㗎 ！	PRO V _ PRO _ V N PART _ V V PART _
太 悶 ， 喺 屋企 ， 除非 話 阿彌陀佛 對 住 部 - 四 埲 牆 啫 。	太 悶 ， 喺 屋企 ， 除非 話 阿彌陀佛 對 住 部 - 四 埲 牆 啫 。	ADV ADJ _ V N _ CONJ V PROPN V V N _ NUM N N PART _
你 以前 做 咩 ？	你 以前 做 咩 ？	PRO N V PRO _
噉 ， 喺 嗰度 識 咗 嗰 啲 唱歌 啲 朋友 啦 。 帶 咗 我 入 嚟 廟街 話 ： 「 哎 ， 廟街 都 有 歌 唱 㗎 喎 ， 誒 但係 嗰度 啲 唱歌 就 唔 同 嘞 ， 係 靠 啲 客 打賞 呀 噉 。 」	噉 ， 喺 嗰度 識 咗 嗰 啲 唱歌 啲 朋友 喇 。 帶 咗 我 入 唻 廟街 話 ： 「 哎 ， 廟街 都 有 歌 唱 㗎 喎 ， 誒 但係 嗰度 啲 唱歌 就 唔 同 嘞 ， 係 靠 啲 客 打賞 呀 噉 。 」	ADV _ ADP PRO V V DET N V N N PART _ V V PRO V V PROPN V _ _ INTJ _ PROPN ADV V N V PART PART _ INTJ CONJ PRO N V ADV ADV V PART _ V V N N V PART ADV _ _
米 嘈 醒 阿爺 呀 ！	米 嘈 醒 阿爺 呀 ！	ADV V V N PART _
我 唔 係 嗰 種 性格 ， 我 係 中意 响 出面 玩 嘅 性格 。 唔 中意 响 屋企 做 家務 呀 ， 帶 細路仔 嗰 種 性格 。	我 唔 係 嗰 種 性格 ， 我 係 中意 响 出面 玩 嘅 性格 。 唔 中意 响 屋企 做 家務 呀 ， 帶 細路仔 嗰 種 性格 。	PRO ADV V DET N N _ PRO V V ADP N V PART N _ ADV V ADP N V N PART _ V N DET N N _
冇 苛求 ， 冇 苛求 呀 。	冇 苛求 ， 冇 苛求 呀 。	V N _ V N PART _
所以 歌檔 就 係 噉樣 嚟 嘅 。 係 畀 啲 大家 勞動者 呀 ， 勞動 階級 ， 呀 …… 有陣時 就 有 啲 旅客 呀 ， 旅客 即係 旅遊人士 呀 。 啲 西人 呀 ， 佢 都 落 嚟 捧場 㗎 ， 啲 西人 。	所以 歌檔 就 係 噉樣 唻 嘅 。 係 畀 啲 大家 勞動者 呀 ， 勞動 階級 ， 呀 …… 有陣時 就 有 啲 旅客 呀 ， 旅客 即係 旅遊人士 呀 。 啲 西人 呀 ， 佢 都 落 唻 捧場 㗎 ， 啲 西人 。	ADV N ADV V ADV V PART _ V V N PRO N PART _ N N _ PART _ ADV ADV V N N PART _ N ADV V PART _ N N PART _ PRO ADV V V V PART _ N N _
喂 ， 你 做 咩 呀 ？	喂 ， 你 做 咩 呀 ？	INTJ _ PRO V PRO PART _
唔 好 。	唔 好 。	ADV ADJ _
佢 啱啱 話 畀 我 聽 嘅 。	佢 啱啱 話 畀 我 聽 嘅 。	PRO ADV V ADP PRO V PART _
再 舉 高 。	再 舉 高 。	ADV V ADJ _
梅艷芳 喺度 唱 過 ， 羅文 喺度 唱 過 ， 呀 ， 尹光 又 喺度 唱 過 。 幾多 明星 喺度 唱 過 呀 。	梅艷芳 喺度 唱 過 ， 羅文 喺度 唱 過 ， 呀 ， 尹光 又 喺度 唱 過 。 幾多 明星 喺度 唱 過 呀 。	PROPN ADV V V _ PROPN ADV V V _ INTJ _ PROPN ADV ADV V V _ DET N ADV V V PART _
其實 我 都 唔 明 ， 點解 阿哥 唔 直接 送 千嬅 隻 碟 畀 佢 朋友 。	其實 我 都 唔 明 ， 點解 阿哥 唔 直接 送 千嬅 隻 碟 畀 佢 朋友 。	ADV PRO ADV ADV PROPN _ ADV N ADV ADV V PROPN N N ADP PRO N _
好 啦 ！ 媽咪 聽日 煮 雞翼 獎勵 你 啦 ， 好 唔 好 ？	好 喇 ！ 媽咪 聽日 煮 雞翼 獎勵 你 喇 ， 好 唔 好 ？	ADJ PART _ N N V N V PRO PART _ ADJ ADV ADJ _
爺爺 ， 我 唔 睬 你 呀 ！	爺爺 ， 我 唔 睬 你 呀 ！	N _ PRO ADV V PRO PART _
係咪 呢 餅 呀 ？	係咪 呢 餅 呀 ？	ADV PART N PART _
突然間 覺得 香港 ， 哇 ， 啲 租 又 咁 貴 ， 呀 ， 又 有 咩 又 咁 貴 ， 有 咩 咁 貴 ， 噉 我 都 要 ……	突然間 覺得 香港 ， 哇 ， 啲 租 又 咁 貴 ， 呀 ， 又 有 咩 又 咁 貴 ， 有 咩 咁 貴 ， 噉 我 都 要 ……	ADV V PROPN _ INTJ _ N N ADV ADV ADJ _ INTJ _ ADV V PRO ADV ADV ADJ _ V PRO ADV ADJ _ ADV PRO ADV V _
又 點 呀 ？	又 點 呀 ？	ADV ADV PART _
即係 唱 完 歌 我 就 …… 嗰個 係 我 嘅 職業 囖 。	即係 唱 完 歌 我 就 …… 嗰個 係 我 嘅 職業 囖 。	ADV V V N PRO ADV _ PRO V PRO PART N PART _
係 褦 ！	係 褦 ！	V PART _
未 試 過 吖嘛 。	未 試 過 吖嘛 。	ADV V V PART _
你 快 啲 食 啦 ！	你 快 啲 食 喇 ！	PRO ADV ADV V PART _
係 佢 冇 運 啫 。	係 佢 冇 運 啫 。	V PRO V N PART _
又 聽 ？	又 聽 ？	ADV V _
我 想 教 咗 佢 先 呀 。	我 想 教 咗 佢 先 呀 。	PRO V V V PRO PART PART _
呢啲 都 唔 要 㗎 啦 ， 可 ？	呢啲 都 唔 要 㗎 喇 ， 可 ？	PRO ADV ADV V PART PART _ PART _
快 啲 啦 ！	快 啲 喇 ！	ADJ ADV PART _
好 ， 收 到 。	好 ， 收 到 。	ADJ _ V V _
你 就 好 啦 ！	你 就 好 喇 ！	PRO ADV ADJ PART _
九零三 ， 九零三 吖 ！ 快 啲 啦 ！	九零三 ， 九零三 吖 ！ 快 啲 喇 ！	PROPN _ PROPN PART _ ADV ADV PART _
喂 ， 明信片 呀 ！	喂 ， 明信片 呀 ！	INTJ _ N PART _
高 啲 ， 再 高 啲 ！ 係 啦 ， 跳 啦 ！	高 啲 ， 再 高 啲 ！ 係 喇 ， 跳 喇 ！	ADJ ADV _ ADV ADJ ADV _ V PART _ V PART _
係 呀 ！	係 呀 ！	V PART _
係 呀 ， 好 煩 㗎 ， 佢 。	係 呀 ， 好 煩 㗎 ， 佢 。	V PART _ ADV ADJ PART _ PRO _
快 啲 ！	快 啲 ！	ADJ ADV _
成日 都 喺度 …… 成日 爆 㗎 ， 佢 ！	成日 都 喺度 …… 成日 爆 㗎 ， 佢 ！	ADV ADV ADV _ ADV V PART _ PRO _
一百 。	一百 。	NUM _
我 - 我 唔 拉 人哋 嘅 電 。 你 睇 人哋 有 - 就 攞 電 ， 呀 ， 我 攞 發電機 。	我 - 我 唔 拉 人哋 嘅 電 。 你 睇 人哋 有 - 就 攞 電 ， 呀 ， 我 攞 發電機 。	PRO _ PRO ADV V PRO PART N _ PRO V PRO V _ ADV V N _ INTJ _ PRO V N _
《 抬起我的頭來 》	《 抬起我的頭來 》	_ PROPN _
我 唔 知 㗎 。	我 唔 知 㗎 。	PRO ADV V PART _
第二 個 。	第二 個 。	ADJ N _
知道 嘞 。	知道 嘞 。	V PART _
都 有 成 三十 年 㗎 喇 。	都 有 成 三十 年 㗎 嘑 。	ADV V DET NUM N PART PART _
問 咗 你 阿媽 啦 ！	問 咗 你 阿媽 喇 ！	V V PRO N PART _
噉 𢰸 ！	噉 𢰸 ！	ADV PART _
嗰陣時 梅艷芳 ， e1 e1 ， 重 參加 新秀 ， 呀 ， 歌 - 歌唱 新秀 ， 呀 ， 都 未 紅 。	嗰陣時 梅艷芳 ， e1 e1 ， 重 參加 新秀 ， 呀 ， 歌 - 歌唱 新秀 ， 呀 ， 都 未 紅 。	N PROPN _ INTJ INTJ _ ADJ V N _ PART _ N _ N N _ PART _ ADV ADV ADJ _
琴日 呢 ， 我 返 到 屋企 喎 ！	琴日 呢 ， 我 返 到 屋企 喎 ！	N PART _ PRO V ADP N PART _
冇 辦法 。	冇 辦法 。	V N _
如果 唔 係 呀 ， 阿爺 大家樂 見 唔 倒 我哋 呢 ， 就 死 㗎 喇 。	如果 唔 係 呀 ， 阿爺 大家樂 見 唔 倒 我哋 呢 ， 就 死 㗎 嘑 。	CONJ ADV V PART _ N PROPN V ADV V PRO PART _ ADV V PART PART _
呀 ， 我 對 呢 個 唱歌 好 有 興趣 嘅 。 初初 呢 ， 就 由 唱歌 而 - 而 嚟 嘅 。 噉 後尾 呢 ， 唱唱下 ， 中意 做 嘞 。	呀 ， 我 對 呢 個 唱歌 好 有 興趣 嘅 。 初初 呢 ， 就 由 唱歌 而 - 而 唻 嘅 。 噉 後尾 呢 ， 唱唱下 ， 中意 做 嘞 。	INTJ _ PRO V DET N V ADV V N PART _ ADV PART _ ADV ADP V ADV _ ADV V PART _ ADV N PART _ V _ V V PART _
大 蝦 細 ！	大 蝦 細 ！	ADJ V ADJ _
唏 ！ 唔記得 囉 喎 ！	唏 ！ 唔記得 囉 喎 ！	INTJ _ V PART PART _
等陣 呀 ！	等陣 呀 ！	V PART _
爺爺 呀 ， 你 睇 下 ！	爺爺 呀 ， 你 睇 下 ！	N PART _ PRO V ADV _
瞓覺 嘞 ！	瞓覺 嘞 ！	V PART _
四四方方 嗰 個 呀 ， 細 啲 呀 ！	四四方方 嗰 個 呀 ， 細 啲 呀 ！	ADJ DET N PART _ ADJ ADV PART _
即係 點樣 呀 ？ 係 動聽 。	即係 點樣 呀 ？ 係 動聽 。	ADV ADV PART _ V ADJ _
咩 mode 、 mean 、 median ？	咩 mode 、 mean 、 median ？	PRO N _ N _ N _
記 住 ， 第一 個 ， 《 抬起我的頭來 》 ， 三 分 廿一 秒 。	記 住 ， 第一 個 ， 《 抬起我的頭來 》 ， 三 分 廿一 秒 。	V V _ ADJ N _ _ PROPN _ _ NUM N NUM N _
好 啦 ！	好 喇 ！	ADJ PART _
啲 卡 都 冇 咗 啦 。	啲 卡 都 冇 咗 喇 。	N N ADV V V PART _
係 囖 ， 呢 個 好 啲 喎 ， 呢 個 呀 ！	係 囖 ， 呢 個 好 啲 喎 ， 呢 個 呀 ！	V PART _ DET N ADJ ADV PART _ PART N PART _
滴 到 周圍 都 係 ！	滴 到 周圍 都 係 ！	V ADP ADV ADV V _
繼續 講 吖 ！	繼續 講 吖 ！	V V PART _
哎吔 ， 係 呀 ？	哎吔 ， 係 呀 ？	INTJ _ V PART _
一 二 三 ， 呢 三 檔 ， 以前 冇 呀 。	一 二 三 ， 呢 三 檔 ， 以前 冇 呀 。	NUM NUM NUM _ PART NUM N _ N V PART _
誒 ， 老一輩 嗰啲 呢 ， 已經 過 咗 身 㗎 呢 ， 都 去 咗 七七八八 㗎 喇 。	誒 ， 老一輩 嗰啲 呢 ， 已經 過 咗 身 㗎 呢 ， 都 去 咗 七七八八 㗎 嘑 。	INTJ _ ADJ PRO PART _ ADV V V N PART PART _ ADV V V ADV PART PART _
怕 咗 你 呀 ！	怕 咗 你 呀 ！	V V PRO PART _
喺 未 有 ｍｐ３ 嘅 年代 ， 電台 播 咩 歌 ， 我哋 就 興 咩 歌 。	喺 未 有 ｍｐ３ 嘅 年代 ， 電台 播 咩 歌 ， 我哋 就 興 咩 歌 。	ADP ADV V N PART N _ N V DET N _ PRO ADV V DET N _
又 曬 黑 返嚟 喇 ， 哈哈 ……	又 曬 黑 返唻 嘑 ， 哈哈 ……	ADV V ADJ V PART _ INTJ _
肯定 係 阿哥 屈 我 啦 ！	肯定 係 阿哥 屈 我 喇 ！	V V N V PRO PART _
今日 星期三 咩 ？	今日 星期三 咩 ？	N N PART _
你 畀 我 兩 張 啦 ！	你 畀 我 兩 張 喇 ！	PRO V PRO NUM N PART _
佢哋 咁 friend 。	佢哋 咁 friend 。	PRO ADV ADJ _
所以 我 做 ， 冇 人 贊成 我 做 嘅 。 係 我 自己 ， 我 - 我 呢 個 人 唔 聽 人 講 嘅 。	所以 我 做 ， 冇 人 贊成 我 做 嘅 。 係 我 自己 ， 我 - 我 呢 個 人 唔 聽 人 講 嘅 。	ADV PRO V _ V N V PRO V PART _ V PRO PRO _ PRO _ PRO DET N N ADV V N V PART _
人哋 都 話 ， 唉 ， 你 一定 要 融入 香港 呢 個 潮流 囖 ， 如果 唔 係 ， 你 - 你 冇得 生存 㗎喇 。	人哋 都 話 ， 唉 ， 你 一定 要 融入 香港 呢 個 潮流 囖 ， 如果 唔 係 ， 你 - 你 冇得 生存 㗎嘑 。	PRO ADV V _ INTJ _ PRO ADV V V PROPN DET N N PART _ CONJ ADV V _ PRO _ PRO ADV V PART _
喺度 。	喺度 。	V _
我 得 一 個 女 ， 冇 仔 。	我 得 一 個 女 ， 冇 仔 。	PRO ADV NUM N N _ V N _
噉 咪 ， 嚟 到 香港 之後 ， 就 會 去 搵 朋友 啦 ， 睇 報紙 啦 。	噉 咪 ， 唻 到 香港 之後 ， 就 會 去 搵 朋友 喇 ， 睇 報紙 喇 。	ADV ADV _ V ADP PROPN ADP _ ADV V V V N PART _ V N PART _
四萬幾 蚊 一 個 人 㗎 ！	四萬幾 緡 一 個 人 㗎 ！	NUM N NUM N N PART _
繼續 玩 啦 …… 繼續 玩 啦 ！	繼續 玩 喇 …… 繼續 玩 喇 ！	V V PART _ V V PART _
唉 ！	唉 ！	INTJ _
總之 就 聽晚 就 唔 返 啦 ～ 」	總之 就 聽晚 就 唔 返 喇 ～ 」	ADV ADV N ADV ADV V PART _ _
唱 得 幾 好 㗎 ！	唱 得 幾 好 㗎 ！	V PART ADV ADJ PART _
我 叫做 李紅 呀 ， 個個 人 就 叫 我 做 紅姐 囖 。	我 叫做 李紅 呀 ， 個個 人 就 叫 我 做 紅姐 囖 。	PRO V PROPN PART _ DET N ADV V PRO V PROPN PART _
都 千禧年 啦 ， 邊 有 人 用 錄音帶 𠿪 ？	都 千禧年 喇 ， 邊 有 人 用 錄音帶 𠿪 ？	ADV N PART _ ADV V N V N PART _
等 我 仲 以為 阿哥 佢 對 我 咁 好 。	等 我 仲 以為 阿哥 佢 對 我 咁 好 。	V PRO ADV V N PRO V PRO ADV ADJ _
欸 ， 影 張 相 畀 阿哥 睇 先 ！	欸 ， 影 張 相 畀 阿哥 睇 先 ！	INTJ _ V N N ADP N V ADV _
噉 唔通 唔 着 咩 ？	噉 唔通 唔 着 咩 ？	ADV ADV ADV V PART _
不如 睇 下 鄭多變 教 嘅 蟹蟹瘦身操 先 啦 ！	不如 睇 下 鄭多變 教 嘅 蟹蟹瘦身操 先 喇 ！	ADV V ADV PROPN V PART PROPN PART PART _
你 覺得 呢 ， eason 同 千嬅 有 冇 機會 一齊 吖嗱 ？	你 覺得 呢 ， eason 同 千嬅 有 冇 機會 一齊 吖嗱 ？	PRO V PART _ PROPN V PROPN V V N ADV PART _
喂 ！	喂 ！	INTJ _
今日 星期四 呀 ！	今日 星期四 呀 ！	N N PART _
你 呀 ？	你 呀 ？	PRO PART _
噉 ， 終於 有 個 朋友 呢 ， 佢 介紹 我 去 酒樓 夜總會 唱歌 。	噉 ， 終於 有 個 朋友 呢 ， 佢 介紹 我 去 酒樓 夜總會 唱歌 。	ADV _ ADV V N N PART _ PRO V PRO V N N V _
你 可以 ⋯⋯ 做 我 的 ⋯⋯ 筆友 嗎 ？	你 可以 ⋯⋯ 做 我 的 ⋯⋯ 筆友 嗎 ？	PRO V _ V PRO PART _ N PART _
你 睇 下 ， 佢 成日 都 蝦 我 ！	你 睇 下 ， 佢 成日 都 蝦 我 ！	PRO V ADV _ PRO ADV ADV V PRO _
噉 ， 噉 嗰陣時 黃 、 賭 、 毒 ， 百花齊放 吖嘛 ， 最 - 最 搵 到 錢 嗰陣時 。	噉 ， 噉 嗰陣時 黃 、 賭 、 毒 ， 百花齊放 吖嘛 ， 最 - 最 搵 到 錢 嗰陣時 。	ADV _ ADV N N _ N _ N _ V PART _ ADV _ ADV V V N N _
你 可 唔 可以 唔好 嘈 呀 ？	你 可 唔 可以 唔好 嘈 呀 ？	PRO V ADV V V V PART _
哎 ！ 等 等 等 等 我 嚟 ！	哎 ！ 等 等 等 等 我 唻 ！	INTJ _ V V V V PRO V _
最 衰 都 係 嗰 個 無綫 啦 ！	最 衰 都 係 嗰 個 無綫 喇 ！	ADV ADJ ADV V DET N PROPN PART _
再 舉 高 先 跳 吖 。	再 舉 高 先 跳 吖 。	ADV V ADJ ADV V PART _
爺爺 ， 你 畀 我 睇 啦 ！	爺爺 ， 你 畀 我 睇 喇 ！	N _ PRO V PRO V PART _
誒 ， 食 啦 ！	誒 ， 食 喇 ！	INTJ _ V PART _
係 囖 ！	係 囖 ！	V PART _
開 咩 電視 唧 ？	開 咩 電視 唧 ？	V DET N PART _
你 冇份 聽 嘅 ， 冇份 唱 嘅 ， 係咪 呀 ？	你 冇份 聽 嘅 ， 冇份 唱 嘅 ， 係咪 呀 ？	PRO V V PART _ V V PART _ ADV PART _
除非 ⋯⋯ 你 買 本 yes! 畀 我 。	除非 ⋯⋯ 你 買 本 yes! 畀 我 。	ADV _ PRO V N PROPN ADP PRO _
淨係 坐 郵輪 嗰度 都 ……	淨係 坐 郵輪 嗰度 都 ……	ADV V N PRO ADV _
噉 佢 話 ： 「 你 幾時 會 返嚟 呀 ？ 」	噉 佢 話 ： 「 你 幾時 會 返唻 呀 ？ 」	ADV PRO V _ _ PRO N V V PART _ _
聽 唔 聽 倒 呀 ？	聽 唔 聽 倒 呀 ？	V ADV V V PART _
係 呀 ！	係 呀 ！	V PART _
執 嘢 ！	執 嘢 ！	V N _
等 你 媽咪 收工 返嚟 ， 同 你 對 晒 啲 功課 先 睇 啦 ！	等 你 媽咪 收工 返唻 ， 同 你 對 晒 啲 功課 先 睇 喇 ！	V PRO N V V _ ADP PRO V PART N N ADV V PART _
初初 呢 ， 就 由 唱歌 而 - 而 嚟 嘅 ， 噉 ， 後尾 呢 ， 唱唱下 ， 中意 做 嘞 。	初初 呢 ， 就 由 唱歌 而 - 而 唻 嘅 ， 噉 ， 後尾 呢 ， 唱唱下 ， 中意 做 嘞 。	ADV PART _ ADV ADP V CONJ _ CONJ V PART _ ADV _ ADV PART _ V _ V V PART _
嘩 ！	嘩 ！	INTJ _
五 蚊 啦 ！	五 緡 喇 ！	NUM N PART _
好 煩 呀 ， 你 ！	好 煩 呀 ， 你 ！	ADV ADJ PART _ PRO _
以前 消費力 - 消費力 高 呀 ， 而家 冇 呀 。	以前 消費力 - 消費力 高 呀 ， 而家 冇 呀 。	N N _ N ADJ PART _ CONJ V PART _
走 啦 ！	走 喇 ！	V PART _
唔好 嘈 喇 ！	唔好 嘈 嘑 ！	V V PART _
你 就 mean ！	你 就 mean ！	PRO ADV ADJ _
你 等 我 一陣 。	你 等 我 一陣 。	PRO V PRO ADV _
坐 低 啦 ， 好 唔 好 呀 ？	坐 低 喇 ， 好 唔 好 呀 ？	V ADJ PART _ ADJ ADV ADJ PART _
但係 發展 唔 到 。	但係 發展 唔 到 。	CONJ V ADV V _
每 一 個 歌手 都 有 一 個 藝名 ， 有 一 個 唱歌 嘅 名 嚟 嘅 ， 藝名 嚟 嘅 。	每 一 個 歌手 都 有 一 個 藝名 ， 有 一 個 唱歌 嘅 名 唻 嘅 ， 藝名 唻 嘅 。	DET NUM N N ADV V NUM N N _ V NUM N V PART N PART PART _ N PART PART _
我 先 啱啱 細 阿哥 幾 年 。	我 先 啱啱 細 阿哥 幾 年 。	PRO ADV ADV V N NUM N _
哎吔 ， 你 心虛 呀 ？	哎吔 ， 你 心虛 呀 ？	INTJ _ PRO V PART _
擰 晒 㗎 喇 ！	擰 晒 㗎 嘑 ！	V PART PART PART _
剩 落 呢啲 都 係 冇用 㗎 喇 ！	剩 落 呢啲 都 係 冇用 㗎 嘑 ！	V PART PRO ADV V ADJ PART PART _
一 行 出去 就 係 泳池 ， 再 行 出 啲 就 係 沙灘 。	一 行 出去 就 係 泳池 ， 再 行 出 啲 就 係 沙灘 。	ADV V V ADV V N _ ADV V V ADV ADV V N _
噉 我哋 一齊 去 飲茶 ， 一齊 去 食飯 。	噉 我哋 一齊 去 飲茶 ， 一齊 去 食飯 。	ADV PRO ADV V V _ ADV V V _
愾 ， 都 返 咗 嚟 喇 ！	愾 ， 都 返 咗 唻 嘑 ！	INTJ _ ADV V V V PART _
我 對 呢 個 - 唱歌 好 有 興趣 嘅 。	我 對 呢 個 - 唱歌 好 有 興趣 嘅 。	PRO ADP DET N _ V ADV V N PART _
真係 要 我 教訓 ， 係咪 呀 ？	真係 要 我 教訓 ， 係咪 呀 ？	ADV V PRO V _ ADV PART _
仲 嘈 呀馬 ？	仲 嘈 呀馬 ？	ADV V PART _
走 唔 倒 喇 ！	走 唔 倒 嘑 ！	V ADV V PART _
你哋 成日 都 唔 幫 我 錄 㗎 啦 。	你哋 成日 都 唔 幫 我 錄 㗎 喇 。	PRO ADV ADV ADV V PRO V PART PART _
嗰 日 ， 阿哥 買 返嚟 嘅 竟然 唔 係 陳奕迅 ， 而 係 楊千嬅 嘅 碟 。	嗰 日 ， 阿哥 買 返唻 嘅 竟然 唔 係 陳奕迅 ， 而 係 楊千嬅 嘅 碟 。	DET N _ N V V PART ADV ADV V PROPN _ CONJ V PROPN PART N _
我 知 呀 ， 呢個 。	我 知 呀 ， 呢個 。	PRO V PART _ PRO _
天生我材必有用 。	天生我材必有用 。	V _
我 請 你 去 ！	我 請 你 去 ！	PRO V PRO V _
不過 我 一 個 女人 ， 拉 電 嘅 體力 真係 有限 。 拉 唔 郁 嘅 ， 拉 唔 到 ， 搵 啲 工人 拉 。	不過 我 一 個 女人 ， 拉 電 嘅 體力 真係 有限 。 拉 唔 郁 嘅 ， 拉 唔 到 ， 搵 啲 工人 拉 。	CONJ PRO NUM N N _ V N PART N ADV V _ V ADV V PART _ V ADV V _ V N N V _
肥 死 你 呀 ！ 又 食 咁 多 嘢 ！	肥 死 你 呀 ！ 又 食 咁 多 嘢 ！	V V PRO PART _ ADV V ADV ADJ N _
你 畀 我 啦 ！ 你 畀 我 啦 ！ 你 畀 我 啦 ！	你 畀 我 喇 ！ 你 畀 我 喇 ！ 你 畀 我 喇 ！	PRO V PRO PART _ PRO V PRO PART _ PRO V PRO PART _
你 究竟 要 我 做 幾多 次 呀 ？	你 究竟 要 我 做 幾多 次 呀 ？	PRO ADV V PRO V DET N PART _
每 一 個 月 出糧 畀 我 。	每 一 個 月 出糧 畀 我 。	DET NUM N N V ADP PRO _
嗱 ， 我 全 程 包 晒 你 啦 ，	嗱 ， 我 全 程 包 晒 你 喇 ，	INTJ _ PRO DET N V PART PRO PART _
唔 得 呀 ！	唔 得 呀 ！	ADV V PART _
係 要 幫 人 打工 㗎 ！ 打 咗 工 又 有 經驗 喇 ， 自己 搞掂 。	係 要 幫 人 打工 㗎 ！ 打 咗 工 又 有 經驗 嘑 ， 自己 搞掂 。	V V V N V PART _ V V N ADV V N PART _ PRO V _
米 阻住 晒 啦 ！	米 阻住 晒 喇 ！	ADV V PART PART _
最 高 頻率 嗰 組 呀 ？	最 高 頻率 嗰 組 呀 ？	ADV ADJ N DET N PART _
因為 - 因為 我 呢 個 年紀 嘅 人 ， 好似 呢 個 年紀 嘅 人 ， 應該 喺 屋企 帶孫 ， 有 孫 嘛 ， 可 ？ 帶孫 呀 ， 煮飯 買菜 呀 。	因為 - 因為 我 呢 個 年紀 嘅 人 ， 好似 呢 個 年紀 嘅 人 ， 應該 喺 屋企 帶孫 ， 有 孫 嘛 ， 可 ？ 帶孫 呀 ， 煮飯 買菜 呀 。	ADV _ ADV PRO PART N N PART N _ ADP PART N N PART N _ V ADP N V _ V N PART _ INTJ _ V PART _ V V PART _
嗱 ， 一陣 就 去 呀 ！	嗱 ， 一陣 就 去 呀 ！	INTJ _ ADV ADV V PART _
唱歌 咪 可以 誒 ， 抒發 自己 內心 嘅 ， 唔 開心 嘅 嘢 啦 ， 下 ， 或者 又 抒發 自己 開心 嘅 嘢 啦 ， 係 。	唱歌 咪 可以 誒 ， 抒發 自己 內心 嘅 ， 唔 開心 嘅 嘢 喇 ， 下 ， 或者 又 抒發 自己 開心 嘅 嘢 喇 ， 係 。	V ADV V INTJ _ V PRO N PART _ ADV ADJ PART N PART _ INTJ _ CONJ ADV V PRO ADJ PART N PART _ V _
見 倒 人哋 有 十 個 一 蚊 左右 呢 ， 就 企 喺 佢 後面 。	見 倒 人哋 有 十 個 一 緡 左右 呢 ， 就 徛 喺 佢 後面 。	V V PRO V NUM N NUM N ADV PART _ ADV V ADP PRO N _
你 等 一陣 ， 吓 ？	你 等 一陣 ， 吓 ？	PRO V ADV _ INTJ _
或者 個 key 唔 啱 呃 ， 佢 都 可以 唱 ， 嚟 發洩 自己 。	或者 個 key 唔 啱 呃 ， 佢 都 可以 唱 ， 唻 發洩 自己 。	ADV N N ADV ADJ PART _ PRO ADV V V _ CONJ V PRO _
你 快 啲 執嘢 啦 ！	你 快 啲 執嘢 喇 ！	PRO ADV ADV V PART _
喂 ！ 借 餅 帶 嚟 吖 ！	喂 ！ 借 餅 帶 唻 吖 ！	INTJ _ V N N V PART _
爺爺 ， 你 再 畀 多 我 睇 多 兩 個 字 啦 ！	爺爺 ， 你 再 畀 多 我 睇 多 兩 個 字 喇 ！	N _ PRO ADV V ADJ PRO V ADJ NUM N N PART _
呀 ， eason 嗰 隻 碟 呢 ， 你 有 冇 聽 呀 ？	呀 ， eason 嗰 隻 碟 呢 ， 你 有 冇 聽 呀 ？	PART _ PROPN DET N N PART _ PRO V V V PART _
畀 我 睇 下 。	畀 我 睇 下 。	V PRO V ADV _
邊個 打 嚟 呀 ？	邊個 打 唻 呀 ？	PRO V V PART _
你 做 晒 嗱 ？	你 做 晒 嗱 ？	PRO V PART PART _
唔 知 呢 ？	唔 知 呢 ？	ADV V PART _
噉 嗰時 我 點解 會 入 咗 呢 個 行業 呢 。	噉 嗰時 我 點解 會 入 咗 呢 個 行業 呢 。	ADV PRO PRO ADV V V V DET N N PART _
係 呀 ， 好 正 㗎 ， 嗱 。	係 呀 ， 好 正 㗎 ， 嗱 。	V PART _ ADV ADJ PART _ INTJ _
因為 廟街 歌壇 就 係 靠 啲 客 打賞 畀 個 歌手 呀 。	因為 廟街 歌壇 就 係 靠 啲 客 打賞 畀 個 歌手 呀 。	ADV PROPN N ADV V V N N V ADP N N PART _
啲 人 呀 ， 嗰陣時 呢 ， 八零 年 - 年代 呀 、 七零年代 呀 ， 用 啲 五百 蚊 紙 摺 架 飛機 飛 埋 嚟 。 好 捨得 畀 錢 㗎 。	啲 人 呀 ， 嗰陣時 呢 ， 八零 年 - 年代 呀 、 七零年代 呀 ， 用 啲 五百 緡 紙 摺 架 飛機 飛 埋 唻 。 好 捨得 畀 錢 㗎 。	N N PART _ N PART _ N N _ N PART _ N PART _ V N NUM N N V N N V V V _ ADV ADJ V N PART _
你 畀 我 睇 埋 啦 ！	你 畀 我 睇 埋 喇 ！	PRO V PRO V PART PART _
講 你 聽 吖 ： 你哋 啲 後生仔 ， 我 係 過嚟人 。	講 你 聽 吖 ： 你哋 啲 後生仔 ， 我 係 過唻人 。	V PRO V PART _ PRO N N _ PRO V N _
有 餸 。	有 餸 。	V N _
咪 執 返 啲 嘢 去 阿哥 個 新 屋 度 囖 。	咪 執 返 啲 嘢 去 阿哥 個 新 屋 度 囖 。	ADV V V N N V N N ADJ N ADP PART _
唔好 咁 大聲 啦 ！	唔好 咁 大聲 喇 ！	V ADV ADV PART _
我 企 喺度 都 ， 你哋 都 喺度 唱 。	我 企 喺度 都 ， 你哋 都 喺度 唱 。	PRO V ADV ADV _ PRO ADV ADV V _
係 呀 ， 你 陪 我 去 啦 ！	係 呀 ， 你 陪 我 去 喇 ！	V PART _ PRO V PRO V PART _
我 唔 係 呢 個 年代 ！	我 唔 係 呢 個 年代 ！	PRO ADV V DET N N _
唔好 咁 大聲 呀 ！	唔好 咁 大聲 呀 ！	V ADV ADV PART _
我 揀 歌 呢 ， 你 計數 。	我 揀 歌 呢 ， 你 計數 。	PRO V N PART _ PRO V _
黐 埋 一齊 嗰個 叫 histogram 吖嘛 。	黐 埋 一齊 嗰個 叫 histogram 吖嘛 。	V V ADV PRO V N PART _
走 啦 ， 返 屋企 啦 ！	走 喇 ， 返 屋企 喇 ！	V PART _ V N PART _
噉 ， 我 嚟 到 香港 呢 ， 我 都 希望 搵 返 我 自己 中意 個 行業 做 囖 。	噉 ， 我 唻 到 香港 呢 ， 我 都 希望 搵 返 我 自己 中意 個 行業 做 囖 。	ADV _ PRO V ADP PROPN PART _ PRO ADV V V ADV PRO PRO V PART N V PART _
