अप्रयुज्यमानः प्रयोजनः उत्पत्तिः तुल्यः अप्राप्तस्य इति ।	प्र-युज् प्रयोजनस् उत्पत्ति तुल् प्राप्त इति ।	MASC;NEG;NOM;PASS;PRS;SG;V;V.PTCP N;NEUT;NOM;SG FEM;N;NOM;SG FUT;MASC;NOM;PASS;SG;V;V.PTCP ADJ;GEN;MASC;NEG;PASS;PST;SG;V.PTCP ADV _
ततो यथा मम मनोरथाः सिद्धिं यान्ति तथा अनुष्ठीयताम् इति ।	तद् यथा अस्मद् मनोरथ सिद्धि या तथा अनु-स्था इति ।	ADV ADV 1;GEN;PRO;SG MASC;N;NOM;PL ACC;FEM;N;SG 3;ACT;FIN;IND;PL;PRS;V ADV 3;FIN;IMP;PASS;SG;V ADV _
उक्तं च यतः	वच च यतः	NEUT;NOM;PASS;PST;SG;V;V.PTCP CONJ ADV
दैव वशात् उपपन्ने सति विभवे यस्य न अस्ति भोगः इच्छा न च पर लोके समीहे स भवति धन पालकः मूर्खः ।	दैव वश उप-पद सत् विभव यद् न अस् भोग इच्छा न च पर लोक समीह् तद् भू धन पालक मूर्ख ।	ADJ AT+ABL;MASC;N;SG ESS;MASC;PASS;PST;SG;V;V.PTCP ESS;MASC;N;SG ESS;MASC;N;SG GEN;MASC;PRO;SG NEG;PART 3;ACT;FIN;IND;PRS;SG;V MASC;N;NOM;SG FEM;N;NOM;SG NEG;PART CONJ ADJ ESS;MASC;N;SG 3;FIN;IND;MID;PFV;SG;V DET;MASC;NOM;SG 3;ACT;FIN;IND;PRS;SG;V N MASC;N;NOM;SG MASC;N;NOM;SG _
प्रातः स्वचक्रेण नारायणः भवत् शत्रु सैन्यम् व्यापादयिष्यति ।	प्रातर् स्वचक्र नारायण भवत् शत्रु सैन्य व्या-पद् ।	ADV INS;MASC;N;SG MASC;NOM;PROPN;SG 3;FORM;PRO N ACC;N;NEUT;SG 3;FIN;FUT;IND;SG;V;{ACT/CAUS} _
तत्र एकः सचिवः प्रोचुः	तत्र एक सचिव प्र-वच्	ADV MASC;NOM;NUM;SG MASC;N;NOM;SG 3;ACT;FIN;IND;PFV;PL;PST;V
यदि अहम् षट् मास अभ्यन्तरे तव पुत्रान् नयशास्त्रं प्रति अनन्य सदृशान् न करिष्यामि ततो न अर्हति देवो देव मार्ग संदर्शयितुम् । ”	यदि अस्मद् षष् मास् अभ्यन्तर युष्मद् पुत्र नयशास्त्र प्रति अनन्य सदृश न कृ तद् न अर्ह् देव देव मार्ग् सं-दृश् । "	CONJ 1;NOM;PRO;SG NUM N ESS;N;NEUT;SG 2;GEN;PRO;SG ACC;MASC;N;PL ACC;N;NEUT;SG ADP N ACC;ADJ;MASC;PL NEG;PART 1;ACT;FIN;FUT;IND;SG;V ADV NEG;PART 3;ACT;FIN;IND;PRS;SG;V MASC;N;NOM;SG N MASC;N;NOM;SG CAUS;NFIN;V _ _
पिङ्गलकः आह	पिङ्गलक अह्	MASC;NOM;PROPN;SG 3;ACT;FIN;IND;PFV;SG;V
अतः प्रभूना द्रव्येण तस्य एव वृद्धिः करणीया ।	अतस् प्रभु द्रव्य तद् एव वृद्धि करणीय ।	ADV ADJ;INS;MASC;SG INS;MASC;N;SG 3;GEN;MASC;PRO;SG ADV FEM;N;NOM;SG FEM;FUT;NOM;PASS;SG;V;V.PTCP _
अथवा साधु इदम् उच्यते -	अथवा साधु इदम् वच् -	ADV N;NEUT;NOM;SG NEUT;NOM;PRO;SG 3;FIN;IND;PASS;PRS;SG;V _
सः अब्रवीत्	तद् ब्रू	MASC;NOM;PRO;SG 3;ACT;FIN;IND;IPFV;SG;V
तस्मात् गृहाण एतत् ।	तद् ग्रह् एतद् ।	AT+ABL;NEUT;PRO;SG 2;ACT;FIN;IMP;PRS;SG;V ACC;NEUT;PRO;SG _
ब्रह्मा रुद्रः कुमारो हरि वरुण यमा वह्निः इद्रः कुबेरः चन्द्र आदित्यौ सरस्वती अदधि युग नगा वायुः उर्वी भुजङ्गाः ।	ब्रह्मन् रुद्र कुमार हरि वरुण यमा वह्नि इन्द्र कुबेर चन्द्र आदित्य सरस्वती अदधि युग नग वायु उर्वी भुजङ्ग ।	MASC;NOM;PROPN;SG MASC;NOM;PROPN;SG MASC;NOM;PROPN;SG PROPN PROPN MASC;NOM;PROPN;SG MASC;NOM;PROPN;SG MASC;NOM;PROPN;SG MASC;NOM;PROPN;SG PROPN DU;MASC;NOM;PROPN PROPN _ N MASC;N;NOM;PL MASC;N;NOM;SG N MASC;N;NOM;PL _
तेन अभिहितम् ।	तद् अभि-धा ।	INS;MASC;PRO;SG NEUT;NOM;PASS;PST;SG;V;V.PTCP _
त्वाम् अहम् गान्धर्वेण विवाहेन विवाहयामि ।	त्वद् अहम् गान्धर्व विवाह वि-वह् ।	2;ACC;PRO;SG 1;NOM;PRO;SG ADJ;INS;MASC;SG INS;MASC;N;SG 1;FIN;IND;PRS;SG;V;{ACT/CAUS} _
न अहम् अर्थ लिप्सुः ब्रवीमि ।	न अस्मद् अर्थ लिप्सु ब्रू ।	NEG;PART 1;NOM;PRO;SG N MASC;N;NOM;SG 1;ACT;FIN;IND;PRS;SG;V _
देवः अत्र प्रमाणम् ।	देव अत्र प्रमाण ।	MASC;N;NOM;SG ADV N;NEUT;NOM;SG _
भद्र मा एवम् वोचः ।	भद्र मा एवम् वच् ।	MASC;N;SG;VOC NEG;PART ADV 2;ACT;FIN;IMP;SG;V _
अतः अहं ब्रवीमि	अतः अहम् ब्रु	ADV 1;NOM;PRO;SG 1;ACT;FIN;IND;PRS;SG;V
समये न आगतः ततः प्रवेश परीक्षायाम् न अनुमतः ।	समय न आ-गम् ततः प्रवेश परीक्षा न अनु-मन् ।	ESS;MASC;N;SG NEG;PART MASC;NOM;PASS;PST;SG;V;V.PTCP ADV N ESS;FEM;N;SG NEG;PART MASC;NOM;PASS;PST;SG;V;V.PTCP _
अपृष्टः अत्र अप्रधानः यः ब्रूते राज्ञः पुरः कुधीः ।	अ-प्रश अत्र अप्रधान यद् ब्रू राजन् पुरस् कुधी ।	MASC;NOM;PASS;PST;SG;V;V.PTCP ADV ADJ;MASC;NOM;SG MASC;NOM;PRO;SG 3;FIN;IND;MID;PRS;SG;V AT+ABL;MASC;N;SG ADP ACC;ADJ;MASC;SG _
तत् सिद्धाः अस्माकम् सर्वे हृदय स्था मनो रथाम् ।	तद् सिद्ध अहम् सर्व हृदय स्थ मनस् रथ ।	3;NEUT;NOM;PRO;SG MASC;N;NOM;PL 1;GEN;PL;PRO DET;MASC;NOM;PL N ADJ;MASC;NOM;PL N MASC;N;NOM;PL _
न अहम् विद्या विक्रयं करोमि शासन शतेन ।	न अहम् विद्यविक्रय विक्रय कृ शासन शत ।	NEG;PART 1;NOM;PRO;SG N ACC;MASC;N;SG 1;ACT;FIN;IND;PRS;SG;V N INS;NEUT;NUM;SG _
सञ्जीवकस्य गम्भीर तर रावम् दूर आशृणोत् ।	सञ्जिवक गम्भीर तर राव दूर आ-श्रु ।	GEN;MASC;PROPN;SG ADJ ADJ ACC;MASC;N;SG ADJ 3;ACT;FIN;IND;IPFV;SG;V _
एवम् च ततो धर्म अर्थ कामशास्त्राणि ज्ञायन्ते ।	एवम् च तद् धर्मा अर्थ कामशास्त्र ज्ञा ।	ADV CONJ ADV PROPN PROPN ACC;NEUT;PL;PROPN 3;FIN;IND;PASS;PL;PRS;V _
प्रथमम् अहम् शृणोमि अथ लिखामि ।	प्रथम अहम् स्णु अथ लिख् ।	ACC;ADJ;NEUT;SG 1;NOM;PRO;SG 1;ACT;FIN;IND;PRS;SG;V ADV 1;ACT;FIN;IND;PRS;SG;V _
अहम् त्वाम् शासन शतेन नियोजयिष्यामि ।	अहम् त्वद् शासन शत नि-युज् ।	1;NOM;PRO;SG 2;ACC;PRO;SG N INS;NEUT;NUM;SG 1;FIN;FUT;IND;SG;V;{ACT/CAUS} _
किन्तु त्वत् प्रार्थना सिद्धि अर्थस्य सरस्वती विनोदं करिष्यामि ।	किन्तु त्वद् प्रार्थना सिध अर्थ सरस्वती विनोद कृ ।	ADV PRO N PASS;PST;V;V.PTCP GEN;MASC;N;SG PROPN ACC;MASC;N;SG 1;ACT;FIN;FUT;IND;SG;V _
अयम् तावत् अस्मत् स्वामी भीतः मूढ मनाः संतिष्ठते ।	इदम् तावत् अहम् स्वामिन् भी मुह मनस् सं-स्था ।	DET;MASC;NOM;SG ADV 1;PRO MASC;N;NOM;SG MASC;NOM;PASS;PST;SG;V;V.PTCP PASS;PST;V;V.PTCP MASC;N;NOM;SG 3;FIN;IND;MID;PRS;SG;V _
सकल अर्थशास्त्र सारम् जगति समालोक्य विष्णुशर्मा इदम् । तन्त्रैः पञ्चभिः एतत् चकार सुमनोहरं शास्त्रम् ॥	सकल अर्थशास्त्र सार जगत् समालोक् विष्णुशर्मन् इदम् । तन्त्र पञ्चन् एतद् कृ सुमनोहर् शास्त्र ॥	ADJ PROPN ACC;MASC;N;SG ESS;N;NEUT;SG V;V.CVB MASC;NOM;PROPN;SG DET;MASC;NOM;SG _ INS;N;NEUT;PL INS;NUM;PL ACC;NEUT;PRO;SG 3;ACT;FIN;IND;PFV;SG;V ACC;ADJ;NEUT;SG ACC;N;NEUT;SG _
तद् यथा गांधिक व्यवहारः , निक्षेप प्रवेशः , गोष्ठिक कर्म परिचित ग्राहक अगमः , मिथ्या आक्रय कथनम् , कूट तुला मानम् , देशांतराद् भांड आनयनं च इति ।	तद् यथा गान्धिक व्यवहार , नि-क्षेप प्रवेश , गोष्ठिककर्मन् कर्मन् परि-चित् ग्राहक आगम , मिथ्या मक्रय कथन , कूट तुला मान , देशान्तर भाण्ड आनयन च इति ।	NEUT;NOM;PRO;SG ADV N MASC;N;NOM;SG _ N MASC;N;NOM;SG _ N N ADJ;PASS;PST;V.PTCP N MASC;N;NOM;SG _ ADV N N;NEUT;NOM;SG _ ADJ N N;NEUT;NOM;SG _ AT+ABL;N;NEUT;SG N N;NEUT;NOM;SG CONJ ADV _
अवश्यम् प्रातः व्यापादयिष्यति प्रतिपक्षम् ।	अवश्यम् प्रातर् व्या-पद् प्रतिपक्ष ।	ADV ADV 3;FIN;FUT;IND;SG;V;{ACT/CAUS} ACC;MASC;N;SG _
तस्य ब्राह्मण्स्य दारिद्र्तः प्रतिदिनम् वदति ।	तद् ब्राह्मण दारिद्र्त प्रति-दिनम् वद् ।	DET;GEN;MASC;SG GEN;MASC;N;SG FEM;N;NOM;SG ADV 3;ACT;FIN;IND;PRS;SG;V _
एवम् अस्तु प्रतिपन्नः गरुडेन ।	एवम् अस् प्रति-पद् गरुड ।	ADV 3;ACT;FIN;IMP;SG;V MASC;NOM;PASS;PST;SG;V;V.PTCP INS;MASC;PROPN;SG _
यत्र कीलिका अपनीयते तत्र यन्त्रम् इदम् अवतरति ।	यत्र कीलिका अप-नी तत्र यन्त्र इदम् अव-तॄ ।	ADV FEM;N;NOM;SG 3;FIN;IND;PASS;PRS;SG;V ADV N;NEUT;NOM;SG DET;NEUT;NOM;SG 3;ACT;FIN;IND;PRS;SG;V _
तथा च	तथा च	ADV CONJ
ततो धर्मशास्त्राणि मन्वादीनि अर्थशास्त्राणि चाणक्यादीनि कामशास्त्राणि वात्स्यायनादीनि ।	तद् धर्मशास्त्र मन्वादि अर्थशास्त्र चाणक्यादि कामशास्त्र वात्स्यायनादि ।	ADV ACC;NEUT;PL;PROPN ACC;NEUT;PL;PROPN ACC;NEUT;PL;PROPN ACC;NEUT;PL;PROPN ACC;NEUT;PL;PROPN ACC;NEUT;PL;PROPN _
ततः राजा अब्रवीत्	ततः राजन् ब्रू	ADV MASC;N;NOM;SG 3;ACT;FIN;IND;IPFV;SG;V
तस्मात् समादिश्यताम् किम् कर्तव्यः ।	तद् सम्-अा-दिश् किम् कृ ।	AT+ABL;NEUT;PRO;SG 3;FIN;IMP;PASS;PRS;SG;V NEUT;NOM;PRO;SG FUT;MASC;NOM;PASS;SG;V;V.PTCP _
तत् एषा कदाचिद् वैश्या सुता भविष्यति ।	तद् एतद् कदा-चिद् वैश्या सुत भू ।	NEUT;NOM;PRO;SG DET;FEM;NOM;SG ADV N FEM;N;NOM;SG 3;ACT;FIN;FUT;IND;SG;V _
एतत् आकर्ण्य करटकः आह	एतद् आकर्ण्य करटक अह्	ACC;NEUT;PRO;SG V;V.CVB MASC;NOM;PROPN;SG 3;ACT;FIN;IND;PFV;SG;V
एवम् मथुरा अगामीनि भाण्डानि आदाय शुभायाम् तिथौ गुरु जन अनुज्ञातः सु रथ अधिरूढः प्रस्थितः ।	एवम् मथुरा अगामिन् भाण्ड आदा शुभ तिथ गुरु जन अनु-ज्ञ सु रथ अधि-रुह् प्र-स्था ।	ADV FEM;NOM;PROPN;SG ACC;ADJ;NEUT;PL ACC;N;NEUT;PL V;V.CVB ADJ;ESS;FEM;SG ESS;FEM;N;SG ADJ N MASC;NOM;PASS;PST;SG;V;V.PTCP ADV N MASC;NOM;PASS;PST;SG;V;V.PTCP MASC;NOM;PASS;PST;SG;V;V.PTCP _
अहम् ते तम् उपायम् करिष्यामि येन तया सह अहीन कालं त्वम् संभोग सुखम् अनुभविष्यसि ।	अहम् त्वद् तद् उपाय कृ यद् तद् सह अहीन काल त्वद् संभोग सुख् अनु-भू ।	1;NOM;PRO;SG 2;DAT;PRO;SG ACC;DET;MASC;SG ACC;MASC;N;SG 1;ACT;FIN;FUT;IND;SG;V INS;MASC;PRO;SG FEM;INS;PRO;SG ADV ADJ ACC;MASC;N;SG 2;NOM;PRO;SG N ACC;N;NEUT;SG 2;ACT;FIN;FUT;IND;SG;V _
ततः सुधा प्लावितम् इव आत्मानः मन्यमानः देवीम् उवाच ।	ततः सुधा प्लु इव आत्मन् मन्यमत् देवी वच् ।	ADV N ACC;MASC;N;PST;SG;V.PTCP;{CAUS/PASS} CONJ ACC;PRO;REFL;SG MASC;NOM;PASS;PRS;SG;V;V.PTCP ACC;FEM;N;SG 3;ACT;FIN;IND;PFV;SG;V _
इति पूर्वम् अभय प्रदानं दत्तम् ।	इति पूर्व अ-भय प्रआन दा ।	ADV ADV N N;NEUT;NOM;SG NEUT;NOM;PASS;PST;SG;V;V.PTCP _
वयाम्सि किम् न कुर्वन्ति चञ्च्वा स्वाः उदर पूरणम् ॥	वयस् किम् न कृ चञ्चु स्व उदर पूरण ॥	N;NEUT;NOM;PL PART NEG;PART 3;ACT;FIN;IND;PL;PRS;V FEM;INS;N;SG ACC;MASC;PRO;REFL;SG N ACC;MASC;N;SG _
पुरन्दर पुरस्य वृद्धिम् सर्व गुण सम्पन्नम् पृथिव्याः चूडामणि रत्न भूतम्	पुरन्दर पुर वृद्धि सर्व गुण सं-पद् पृथिवी चूडामणिरत्न रत्न भू	PROPN GEN;N;NEUT;SG ACC;FEM;N;SG PRO N NEUT;NOM;PASS;PST;SG;V;V.PTCP FEM;GEN;N;SG N N NEUT;NOM;PASS;PST;SG;V;V.PTCP
किम् न पश्यसि पीड्यमानानि अपत्यानि येन क्षुधया निश्चिन्तः तिष्ठसि ।	किम् न पश् पीड् अपत्य यद् क्षुधा निस्-चिन्त स्था ।	NEUT;NOM;PART;SG NEG;PART 2;ACT;FIN;IND;PRS;SG;V ACC;ADJ;NEUT;PASS;PL;PRS;V.PTCP ACC;N;NEUT;PL DET;INS;MASC;SG FEM;INS;N;SG ADJ;MASC;NOM;SG 2;ACT;FIN;IND;PRS;SG;V _
स नूनं द्राक् प्रबुद्धान् करिष्यति इति ।	तद् नूनम् द्राक् प्र-बुद्ध कृ इति ।	MASC;NOM;PRO;SG ADV ADV ACC;ADJ;MASC;PL 3;ACT;FIN;FUT;IND;SG;V ADV _
अत्र अस्ति विष्णुशर्मा नाम ब्राह्मणः सकल शास्त्र पारम् गतः च अत्र संसदि लब्ध कीर्तिः ।	अत्र अस् विष्णुशर्म नामन् ब्राह्मण सकल सास्त्र पार गम् च अत्र संसद् लभ कीर्ति ।	ADV 3;ACT;FIN;IND;PRS;SG;V MASC;NOM;PROPN;SG N;NEUT;NOM;SG MASC;N;NOM;SG ADJ N ACC;N;NEUT;SG MASC;NOM;PASS;PST;SG;V;V.PTCP CONJ ADV ESS;FEM;N;SG PASS;PST;V;V.PTCP MASC;N;NOM;SG _
देवि विज्ञायतां सम्यक् स एते कञ्चुकिनः वदन्ति ।	देव वि-ज्ञा सम्यक् तद् एतद् कञ्चुकिन् वद् ।	FEM;N;SG;VOC 3;FIN;IMP;PASS;PRS;SG;V ADV MASC;NOM;PRO;SG DET;MASC;NOM;PL MASC;N;NOM;PL 3;ACT;FIN;IND;PL;PRS;V _
कः अर्थः पुत्रेण जातेन यः न विद्वान् न भक्तिमान् अस्ति ॥	किम् अर्थ पुत्र जन् यद् न विद्वस् न भक्तिमत् अस् ॥	DET;MASC;NOM;SG MASC;N;NOM;SG INS;MASC;N;SG INS;MASC;PASS;PST;SG;V;V.PTCP MASC;NOM;PRO;SG NEG;PART ADJ;MASC;NOM;SG NEG;PART ADJ;MASC;NOM;SG 3;ACT;FIN;IND;PRS;SG;V _
सः अब्रवीत्	तद् ब्रू	MASC;NOM;PRO;SG 3;ACT;FIN;IND;IPFV;SG;V
एवम् उक्ते तस्य राज्ञा देव मार्गम् दर्शितः ।	एवम् वच् तद् राजन् देव मार्ग दृश् ।	ADV ESS;NEUT;PASS;PST;SG;V;V.PTCP GEN;MASC;PRO;SG INS;MASC;N;SG ADJ ACC;MASC;N;SG MASC;NOM;PST;SG;V;V.PTCP;{CAUS/PASS} _
भद्र करटक अस्मत् स्वामी पिङ्गलकः उदक ग्रहण अर्थम् इतः प्रवृत्तः ।	भद्र करटक अहम् स्वामिन् पिङ्गलक उदक ग्रहण अर्थ इतस् प्र-वृत् ।	MASC;N;SG;VOC MASC;PROPN;SG;VOC 1;AT+ABL;PL;PRO MASC;N;NOM;SG MASC;NOM;PROPN;SG N N ACC;MASC;N;SG ADV MASC;NOM;PASS;PST;SG;V;V.PTCP _
किंचिद् विज्ञप्यम् अस्ति ।	किम्-चिद् वि-ज्ञा अस् ।	NEUT;NOM;PRO;SG FUT;NEUT;NOM;SG;V;V.PTCP;{CAUS/PASS} 3;ACT;FIN;IND;PRS;SG;V _
एवम् वादिन्याम् राज दुहितरि कौलिकः गम्भीर श्लक्ष्णया गिरा शनैः इदम् उवाच ।	एवम् वादिनी राजन् दुहितृ कौलिक गम्भीर श्लक्ष्ण गिर् शनैस् इदम् वच् ।	ADV ESS;FEM;N;SG N ESS;FEM;N;SG MASC;N;NOM;SG ADJ ADJ;FEM;INS;SG FEM;INS;N;SG ADV ACC;NEUT;PRO;SG 3;ACT;FIN;IND;PFV;SG;V _
अथ भवाम् कर्तुम् मनाः	अथ भव कृ मनस्	ADV 2;FORM;MASC;NOM;PRO;SG NFIN;V MASC;N;NOM;SG
अथातः प्रारभ्यते मित्रभेदो नाम प्रथमम् तन्त्र ।	अथात प्रा-रभ् मित्रभेद नामन् प्रथम तन्त्र ।	ADV 3;FIN;IND;PASS;PRS;SG;V MASC;NOM;PROPN;SG ACC;N;NEUT;SG ADJ;NEUT;NOM;SG N;NEUT;NOM;SG _
सः न पराभवम् आप्नोति स शक्रात् अपि कर्हिचित् ॥	तद् न पराभव आप् तद् शक्र अपि कर्हि-चिद् ॥	MASC;NOM;PRO;SG NEG;PART ACC;MASC;N;SG 3;ACT;FIN;IND;PRS;SG;V MASC;NOM;PRO;SG AT+ABL;MASC;PROPN;SG ADV ADV _
देव समर्थेन शत्रुणा समागत्य पुर रोधः कृतः ।	देव समर्थ शत्रु समा-गम् पुर रोध कृ ।	MASC;N;SG;VOC ADJ;INS;MASC;SG INS;MASC;N;SG V;V.CVB N MASC;N;NOM;SG MASC;NOM;PASS;PST;SG;V;V.PTCP _
वर्धमानो महान् स्नेहः सिंह गोवृषयोः वने । जम्बुकेन अति लुब्धेन पिशुनेन विनाशितः ॥	वृध् महत् स्नेह सिंह गोवृष वन । जम्बुक अति लुभ पिशुन विनासित् ॥	MASC;NOM;SG;V;V.PTCP ADJ;MASC;NOM;SG MASC;N;NOM;SG N DU;GEN;MASC;N ESS;N;NEUT;SG _ INS;MASC;N;SG ADV INS;MASC;PASS;PST;SG;V;V.PTCP INS;MASC;N;SG MASC;NOM;PST;SG;V;V.PTCP;{CAUS/PASS} _
स्वल्पम् अपि संचीयमानः वल्मीकवत् वर्धते ।	स्वल्प अपि सं-चि वल्मीक-वत् वृध् ।	ADJ;NEUT;NOM;SG ADV MASC;NOM;PASS;PRS;SG;V;V.PTCP ADV;EQT 3;FIN;IND;MID;PRS;SG;V _
तत् न युक्तम् ।	तद् न युज् ।	DET;NEUT;NOM;SG NEG;PART NEUT;NOM;PASS;PST;SG;V;V.PTCP _
तौ परस्परम् विचारम् आरब्धौ ।	तद् परस्पर विचार आ-रभ् ।	DU;MASC;NOM;PRO ACC;ADJ;MASC;SG ACC;MASC;N;SG DU;IND;MASC;NOM;PASS;PST;V;V.PTCP _
किं बहुना –	क बहु –	NEUT;NOM;PRO;SG INS;MASC;N;SG _
अजात मृत मूर्खेभ्यः मृत अजातौ सुतौ वरम् । यतः तौ स्वल्प दुःखाय यावत् जीवं जडो दहेत् ॥	जात मृ मूर्ख मृ जात सुत वरम् । यतः तद् स्वल्प दुःख यावत् जीव जड दह् ॥	ADJ;NEG PASS;PST;V;V.PTCP ADJ;AT+ABL;MASC;PL PASS;PST;V;V.PTCP ADJ;DU;MASC;NEG;NOM DU;MASC;N;NOM ADV _ ADV;AT+ABL;NEUT;SG 3;DU;MASC;NOM;PRO ADJ DAT;N;NEUT;SG ADV ACC;MASC;N;SG MASC;N;NOM;SG 3;ACT;FIN;OPT;SG;V _
ततः प्रभृती एतत् पञ्चतन्त्रकम् नाम नीतिशास्त्रं बाल अवबोधन अर्थम् भूतले प्रवृत्तम् ।	ततः प्रभृति एतद् पञ्चतन्त्र नामन् नीतिशास्त्र बाल अवबोधनध अर्थ भूतल प्र-वृ ।	ADV DU;FEM;N;NOM DET;NEUT;NOM;SG NEUT;NOM;PROPN;SG N;NEUT;NOM;SG N;NEUT;NOM;SG N N ACC;MASC;N;SG ESS;N;NEUT;SG NEUT;NOM;PASS;PST;SG;V;V.PTCP _
त्वम् इच्छसि चेत् अहम् भवतः गृहम् आगमिष्यामि ।	त्वद् इष् चेद् अहम् भवत् गृह आ-गम् ।	2;NOM;PRO;SG 2;ACT;FIN;IND;PRS;SG;V CONJ 1;NOM;PRO;SG 3;FORM;GEN;PRO;SG ACC;N;NEUT;SG 1;ACT;FIN;FUT;IND;SG;V _
तत् प्रभूते अपि वित्त पायाः चिन्तनीयाः कर्तव्याः च इति ।	तद् प्रभूत अपि वित्त पा चिन्त् कृ च इति ।	3;NEUT;NOM;PRO;SG ADJ;ESS;NEUT;SG ADV N DAT;FEM;N;SG FUT;MASC;NOM;PASS;PL;V;V.PTCP FUT;MASC;NOM;PASS;PL;V;V.PTCP CONJ ADV _
अथ तया गत्वा सर्वम् सगर्वया राज्ञे निवेदितम् ।	अथ तद् गम् सर्व स-गर्वय राजन् नि-विद् ।	ADV DET;FEM;INS;SG V;V.CVB ACC;DET;NEUT;SG FEM;INS;N;SG DAT;MASC;N;SG NEUT;NOM;PST;SG;V;V.PTCP;{CAUS/PASS} _
यत्नेन मतिमान् तस्मात् अर्थम् एकम् प्रसाधयेत् ॥	यत्न मतिमात् तद् अर्थ एक प्र-सिध् ॥	INS;MASC;N;SG ADJ;MASC;NOM;SG AT+ABL;MASC;PRO;SG ACC;MASC;N;SG ACC;MASC;NUM;SG 3;CAUS;FIN;OPT;SG;V _
चाणक्याय च विदुषे नमः अस्तु नयशास्त्र कर्तृभ्यः ॥	चाणक्य च विद्वस् नमस् अस् नयशास्त्र कर्तृ ॥	DAT;MASC;PROPN;SG CONJ DAT;MASC;N;SG N;NEUT;NOM;SG 3;ACT;FIN;IMP;SG;V PROPN DAT;MASC;N;PL _
एतस्मिन् अन्तरे ते वानराः यथा इच्छया क्रीडितुम् आरब्धम् ।	एतद् अन्तर तद् वानर यथा इच्छा क्रीड् आ-रब्ध् ।	DET;ESS;NEUT;SG ESS;N;NEUT;SG DET;MASC;NOM;PL MASC;N;NOM;PL ADV FEM;INS;N;SG NFIN;V NEUT;NOM;PASS;PST;SG;V;V.PTCP _
कथम् असौ कृत घ्नः भविष्यति ।	कथम् अदस् कृत घ्न भू ।	ADV MASC;NOM;PRO;SG PASS;PST;V;V.PTCP MASC;N;NOM;SG 3;ACT;FIN;FUT;IND;SG;V _
इति उक्ते असौ सिंह सकाशम् गतः ।	इति वच् अदस् सिंह सकाश गत ।	ADV ESS;NEUT;PASS;PST;SG;V;V.PTCP MASC;NOM;PRO;SG N ACC;MASC;N;SG MASC;NOM;PASS;PST;SG;V;V.PTCP _
तथा तस्य मया शरणा अगतः ।	तथा तद् अहम् शरण अ-गम् ।	ADV GEN;MASC;PRO;SG 1;INS;PRO;SG FEM;N;NOM;SG MASC;NOM;PASS;PST;SG;V;V.PTCP _
तत् लिख्यताम् अद्यतनः दिवसः	तद् लिख् अद्यतन दिवस	DET;NEUT;NOM;SG 3;FIN;IMP;PASS;PRS;SG;V ADJ;MASC;NOM;SG MASC;N;NOM;SG
अहम् तव पुत्रान् मास षट्केन यदि नीतिशास्त ज्ञानम् न करोमि ततः अहम् स्व नाम त्यागम् करोमि ।	अहम् त्वद् पुत्र मास षट्क यदि नीतिशस्त्र ज्यन न कृ ततः अहम् स्व नामन् त्याग कृ ।	1;NOM;PRO;SG 2;GEN;PRO;SG ACC;MASC;N;PL N INS;N;NEUT;SG CONJ PROPN N;NEUT;NOM;SG NEG;PART 1;ACT;FIN;IND;PRS;SG;V ADV 1;NOM;PRO;SG DET;REFL N ACC;MASC;N;SG 1;ACT;FIN;IND;PRS;SG;V _
तत् यथा श्रूयते ।	तद् यथा श्रु ।	3;NEUT;NOM;PRO;SG ADV 3;FIN;IND;PASS;PRS;SG;V _
किम् अत्र ज्ञातव्यम्	किम् अत्र ज्ञा	NEUT;NOM;PRO;SG ADV FUT;NEUT;NOM;PASS;SG;V;V.PTCP
अशाश्वतो यं जीवितव्य विषयः ।	शाश्वत यद् जीवितव्य विषय ।	ADJ;MASC;NEG;NOM;SG ACC;MASC;PRO;SG N MASC;N;NOM;SG _
तिष्ठत यूयम् यथा सुखम् ।	स्था त्वद् यथा सुख ।	2;ACT;FIN;IMP;PL;V 2;NOM;PL;PRO ADV N;NEUT;NOM;SG _
तदा एतेषां यथा बुद्धि प्रबोधनं भवति तथा कः अपि उपायः अनुष्ठीयताम् ।	तदा एतद् यथा बुद्धि प्रबोधन भू तथा किम् अपि उपाय अनु-स्था ।	ADV GEN;NEUT;PL;PRO ADV N ACC;N;NEUT;SG 3;ACT;FIN;IND;PRS;SG;V ADV DET;MASC;NOM;SG ADV MASC;N;NOM;SG 3;FIN;IMP;PASS;SG;V _
कियन्तम् अध्वानम् गत्वा यथाशक्ति कम् अशन उपायम् कृत्वा द्रुततरम् पुनः आगच्छ ।	कियत् अध्वन् गम् यथा-शक्ति किम् अशन उपाय कृ द्रुततर पुनर् आ-गम् ।	ACC;DET;MASC;SG ACC;MASC;N;SG V;V.CVB ADV ACC;MASC;PRO;SG N ACC;MASC;N;SG V;V.CVB ACC;N;NEUT;SG ADV 2;ACT;FIN;IMP;SG;V _
श्रूयतां मम एष सिंह नादः ।	श्रु अस्मद् एतद् सिंह नाद ।	3;FIN;IMP;PASS;SG;V 1;GEN;PRO;SG DET;MASC;NOM;SG N MASC;N;NOM;SG _
अस्ति दाक्षिणात्ये जनपदे महिलारोप्यं नाम नगरम् ।	अस् दाक्षिणात्य जनपद महिलारोप्य नामन् नगर ।	3;ACT;FIN;IND;PRS;SG;V ADJ;ESS;NEUT;SG ESS;N;NEUT;SG NEUT;NOM;PROPN;SG N;NEUT;NOM;SG N;NEUT;NOM;SG _
ततः बुद्धि प्रबोधनः भवति ।	ततः बुद्धि प्रबोधन भू ।	ADV N MASC;N;NOM;SG 3;ACT;FIN;IND;PRS;SG;V _
अनभिज्ञम् भवान् किल सेवा धर्मस्य ।	अन्-अभिज्ञ भवत् किल सेवा धर्म ।	MASC;N;NOM;SG 3;FORM;MASC;NOM;PRO;SG ADV N GEN;MASC;N;SG _
यस्या अर्थाः स पुमान् लोके यस्या अर्थाः स च पण्डितः ॥	यद् अर्थ तद् पुंस् लोक् यद् अर्थ तद् च पण्डित ॥	GEN;MASC;PRO;SG MASC;N;NOM;PL MASC;NOM;PRO;SG MASC;N;NOM;SG ESS;MASC;N;SG GEN;MASC;PRO;SG MASC;N;NOM;PL MASC;NOM;PRO;SG CONJ ADJ;MASC;NOM;SG _
तत्र बभूवुः धर्म उपार्जित भूरि विभवः वर्ध्दमान नाम वणिक् पुत्रः ।	तत्र भू धर्म उप-र्ज् भूरि विभव वर्ध्दमान नामन् वणिज् पुत्र ।	ADV 3;ACT;FIN;IND;PFV;PL;V N PASS;PST;V;V.PTCP ADV ADJ;MASC;NOM;SG MASC;NOM;PROPN;SG N;NEUT;NOM;SG N MASC;N;NOM;SG _
तत् एतान् पश्यतः मे महत् अपि राज्यम् न सौख्यम् आवहति ।	तद् एतद् पश्् अहम् महत् अपि राज्य न सौख्य आ-वह् ।	ADV ACC;MASC;PL;PRO ACT;GEN;MASC;PRS;SG;V;V.PTCP 1;GEN;PRO;SG ADJ;NEUT;NOM;SG ADV N;NEUT;NOM;SG NEG;PART ACC;N;NEUT;SG 3;ACT;FIN;IND;PRS;SG;V _
अधुना जामातृ प्रभावेण सकलाम् वसुमतीम् वशे करिष्यामि ।	अधुना जामातृ प्रभाव सकल वसुमती वश कृ ।	ADV N INS;MASC;N;SG ACC;ADJ;FEM;SG ACC;FEM;N;SG ESS;MASC;N;SG 1;ACT;FIN;FUT;IND;SG;V _
अस्ति कस्मिंश्चिद् अधिष्ठाने यज्ञदत्तो नाम ब्राह्मणः ।	अस् किम्-चिद् अधिष्ठान यज्ञदत्त नामन् ब्राह्मण ।	3;ACT;FIN;IND;PRS;SG;V DET;ESS;NEUT;SG ESS;N;NEUT;SG MASC;NOM;PROPN;SG N;NEUT;NOM;SG MASC;N;NOM;SG _
अथ तत् अवधार्य सञ्जीवकस्य रक्षापुरुषान् निरूप्या शेष सार्थम् स प्रस्थितः ।	अथ तद् अव-धृ सञ्जीवक रक्षापुरुष नि-रूप् शेष सार्थ तद् प्र-स्था ।	ADV ACC;NEUT;PRO;SG V;V.CVB GEN;MASC;PROPN;SG ACC;MASC;N;PL V;V.CVB N ACC;N;NEUT;SG MASC;NOM;PRO;SG MASC;NOM;PASS;PST;SG;V;V.PTCP _
अस्ति दक्षिणात्ये जनपदे महिलारोप्यं नाम नगरम् ।	अस् दक्षिणात्य जनपद महिलारोप्य नामन् नगर ।	3;ACT;FIN;IND;PRS;SG;V ADJ;ESS;MASC;SG ESS;MASC;N;SG NEUT;NOM;PROPN;SG N;NEUT;NOM;SG N;NEUT;NOM;SG _
सः राजा तत् आकर्ण्य विष्णुशर्माणम् आहूय प्रोवाच ।	तद् राजन् तद् आ-कर्ण विष्णुशर्माण आहू प्र-वच् ।	DET;MASC;NOM;SG MASC;N;NOM;SG ACC;NEUT;PRO;SG ADJ;V.CVB ACC;MASC;PROPN;SG V;V.CVB 3;ACT;FIN;IND;PFV;SG;V _
ततः असौ प्राह	ततः अदस् प्र-अह्	ADV MASC;NOM;PRO;SG 3;ACT;FIN;IND;PFV;SG;V
कौलिकः श्वशुर साहाय्ये कृतनिश्चम् अद्य वर्तते ।	कौलिक श्वशुर साहाय्य कृतनिश्च अद्य वृत् ।	MASC;N;NOM;SG N ESS;N;NEUT;SG ACC;MASC;N;SG ADV 3;FIN;IND;MID;PRS;SG;V _
मम अशीति वर्षस्य व्यावृत्त सर्व इन्द्रिय अर्थस्य न किंचिद् अर्थेन प्रयोजनम् ।	अस्मद् अशीति वर्ष व्य्-आ-वृत् सर्व इन्द्रिय अर्थ न किम्-चिद् अर्थ प्रयोजन ।	1;GEN;PRO;SG NUM GEN;MASC;N;SG PASS;PST;V;V.PTCP ADJ ADJ GEN;MASC;N;SG NEG;PART DET;NEUT;NOM;SG INS;MASC;N;SG N;NEUT;NOM;SG _
इति कथामुखम् ।	इति कथामुख ।	ADV N;NEUT;NOM;SG _
यत उक्तं च	यत वच् च	ADV NEUT;NOM;PASS;PST;SG;V;V.PTCP CONJ
किम् तया क्रियते धेन्वा या न सूते न क्षीरम् ददाति ।	किम् तद् कृ धेनु यद् न सू न क्षीर दा ।	NEUT;NOM;PRO;SG 3;DET;FEM;INS;SG 3;FIN;IND;PASS;PRS;SG;V FEM;INS;N;SG FEM;NOM;PRO;SG NEG;PART 3;FIN;IND;MID;PRS;SG;V NEG;PART ACC;N;NEUT;SG 3;ACT;FIN;IND;PRS;SG;V _
कथम् एतत् दमनकः कथयति ।	कथम् एतद् दमनक कथ् ।	ADV ACC;NEUT;PRO;SG MASC;NOM;PROPN;SG 3;ACT;FIN;IND;PRS;SG;V _
किं तस्य जीवित फलम् मनुष्य लोके	किम् तद् जीवित फल मनुष्यलोक मनुष्यलोक	DET;NEUT;NOM;SG 3;GEN;NEUT;PRO;SG N;PASS;PST;V.PTCP N;NEUT;NOM;SG ADJ ESS;MASC;N;SG
तस्य त्रयः पुत्राः परम दुर्मेधसः वसुशक्तिः उग्रशक्तिः अनन्तशक्तिश् च इति बभूवुः ।	तद् त्रि पुत्र परम दुर्मेधस् वसुशक्ति उग्रशक्ति अनन्तशक्ति च इति भू ।	3;GEN;MASC;PRO;SG MASC;NOM;NUM;PL MASC;N;NOM;PL ADV;RL ADJ;MASC;NOM;PL MASC;NOM;PROPN;SG MASC;NOM;PROPN;SG MASC;NOM;PROPN;SG CONJ ADV 3;ACT;FIN;IND;PFV;PL;V _
उक्तं च	वच् च	NEUT;NOM;PASS;PST;SG;V;V.PTCP CONJ
पञ्चतन्त्रम् कथामुखम्	पञ्चतन्त्र कथामुख	NEUT;NOM;PROPN;SG N;NEUT;NOM;SG
भोः भगवन् मत् अनुग्रह अर्थम् एतान् अर्थशास्त्रं प्रति द्राग् यथा आनं षड्दर्शनान् विदधासि तथा कुरु ।	भोस् भगवत् अस्मद् अनुग्रह अर्थ एतद् अर्थशास्त्र प्रति द्राक् यथा अन् षड्दर्शन वि-धा तथा कृ ।	INTJ N;NEUT;NOM;SG 1;PRO N ACC;MASC;N;SG ACC;MASC;PL;PRO ACC;NEUT;PROPN;SG ADP ADV ADV 1;ACT;FIN;IND;IPFV;SG;V ACC;MASC;N;PL 2;ACT;FIN;IND;PRS;SG;V ADV 2;ACT;FIN;IMP;SG;V _
दमनकः आह	दमनक अह्	MASC;NOM;PROPN;SG 3;ACT;FIN;IND;PFV;SG;V
मानुषी कन्या अहम् ।	मानुष कन अहम् ।	ADJ;FEM;NOM;SG ADJ;FEM;NOM;RL;SG 1;NOM;PRO;SG _
किम् अहम् जानामि त्वयि मित्रे यत् अभिहितं मया ।	किम् अहम् ज्ञा त्वद् मित्र यद् अभि-धा अहम् ।	ACC;NEUT;PRO;SG 1;NOM;PRO;SG 1;ACT;FIN;IND;PRS;SG;V 2;ESS;PRO;SG ESS;MASC;N;SG NEUT;NOM;PRO;SG NEUT;NOM;PASS;PST;SG;V;V.PTCP 1;INS;PRO;SG _
विक्रमसेन व्यापाद्य अस्मत् श्वशुरकम् अन्तःपुर मध्याद् एनाम् गृह्णामि ।	विक्रमस व्य्-आ-पद् अहम् श्वशुरक अन्तःपुर मध्य एन ग्रह् ।	INS;MASC;N;SG V;V.CVB 1;PRO ACC;MASC;N;SG N AT+ABL;MASC;N;SG 3;ACC;FEM;PRO;SG 1;ACT;FIN;IND;PRS;SG;V _
तत् गत्वा ब्रूहि राजः ।	तद् गम् ब्रू राजन् ।	ADV V;V.CVB 2;ACT;FIN;IMP;SG;V GEN;MASC;N;SG _
देवः कथम् निराकुलस् तिष्ठति ।	देव कथम् निस्-आकुल स्था ।	MASC;N;NOM;SG ADV ADJ;MASC;NOM;SG 3;ACT;FIN;IND;PRS;SG;V _
यस्या अर्थाः तस्य मित्राणि यस्या अर्थाः तस्य बान्धवाः ।	यद् अर्थ तद् मित्र यद् अर्थ तद् बान्धव ।	GEN;MASC;PRO;SG MASC;N;NOM;PL GEN;MASC;PRO;SG N;NEUT;NOM;PL GEN;MASC;PRO;SG MASC;N;NOM;PL GEN;MASC;PRO;SG MASC;N;NOM;PL _
ते अपि तानि अधीत्य मास षट्केन यथा उक्तह् संवृत्ताः ।	तद् अपि तद् अ-धि मास षट्क यथा वच् सम्-जन् ।	MASC;NOM;PL;PRO ADV ACC;NEUT;PL;PRO PST;V;V.CVB N INS;MASC;NUM;SG ADV PASS;PST;V;V.PTCP MASC;NOM;PASS;PL;PST;V;V.PTCP _
जायन्ते विरला लोके जलदा इव सज्जनाः ॥	जन् विरल लोक जलद इव सज्जन ॥	3;FIN;IND;MID;PL;PRS;V ADJ;MASC;NOM;PL ESS;MASC;N;SG MASC;N;NOM;PL CONJ MASC;N;NOM;PL _
अथ तान् शास्त्र विमुखान् समालोक्य स राजा सचिवान् आहूय प्रोवाच ।	अथ तद् शास्त्र विमुख समालोक् तद् राजन् सचिव आहूय प्रो-वच् ।	ADV ACC;MASC;PL;PRO N ACC;ADJ;MASC;PL V;V.CVB DET;MASC;NOM;SG MASC;N;NOM;SG ACC;MASC;N;PL V;V.CVB 3;ACT;FIN;IND;PFV;PST;SG;V _
तत् कथ्यताम् एवम् गते सत्यम् ।	तद् कथ् एवम् गम् सत्य ।	ACC;DET;NEUT;SG 3;FIN;IMP;PASS;SG;V ADV ESS;NEUT;PASS;PST;SG;V;V.PTCP N;NEUT;NOM;SG _
तस्मै समर्पय एतान् ।	तद् सम्-ऋ एतद् ।	DAT;MASC;PRO;SG 2;FIN;IMP;PRS;SG;V;{ACT/CAUS} ACC;MASC;PL;PRO _
अथ तम् विषण्णम् आलोक्य सार्थिकैः अभिहितम्	अथ तद् विषण्ण आ-लोक् सार्थिक अभि-धा	ADV ACC;DET;MASC;SG ACC;MASC;N;SG V;V.CVB INS;MASC;N;PL NEUT;NOM;PASS;PST;SG;V;V.PTCP
अथ विष्णुशर्म तम् राजानम् उच्यते	अथ विष्णुशर्मा तद् राजन् वच्	ADV MASC;NOM;PROPN;SG ACC;DET;MASC;SG ACC;MASC;N;SG 3;FIN;IND;PASS;PRS;SG;V
किम् अधुना मया विधेयम् ।	किम् अधुना अहम् वि-धा ।	ACC;NEUT;PRO;SG ADV 1;INS;PRO;SG FUT;NEUT;NOM;PASS;SG;V;V.PTCP _
तत् अर्थम् स्नेह आर्द्र हृदयः त्रि रात्रम् प्रयाणम् भङ्गम् अकरोत् ।	तद् अर्थ स्नेह आर्द्र हृदय त्रि रात्रि प्रयाण भङ्गम् क्र् ।	3;ACC;DET;NEUT;SG ACC;N;NEUT;SG N ADJ MASC;N;NOM;SG NUM ACC;MASC;N;SG N ACC;MASC;N;SG 3;ACT;FIN;IND;IPFV;SG;V _
तत् श्रुत्वा सा पुलकित सर्व अङ्गी सत्वरम् गत्वा राजानम् ऊचे ।	तद् श्रु तद् पुलकित सर्व अङ्गिन् सत्वर गम् राजन् वच् ।	ACC;NEUT;PRO;SG V;V.CVB FEM;NOM;PRO;SG ADJ ADJ ADJ;NEUT;NOM;SG ACC;N;NEUT;SG V;V.CVB ACC;MASC;N;SG 3;FIN;IND;MID;PFV;SG;V _
देव अभयेन प्रसादः क्रियताम् ।	देव अभय प्रसाद कृ ।	MASC;N;SG;VOC INS;MASC;N;SG MASC;N;NOM;SG 3;FIN;IMP;PASS;SG;V _
अनन्त पारं किल शब्द शास्त्रम् स्वल्पं तथा आयुः वह वः च विघ्नाः । सारं ततो ग्राह्यम् अप अस्य फल्गु हंसैः यथा क्षीरम् इव अम्बु मध्यात् ॥	अनन्त पार किल शब्द शास्त्रम स्वल्प तथा आयुस् वह युष्मद् च विघ्न । सार तद् ग्रह् अप अस् फल्गु हंस यथा क्षीर इव अम्बु मध्य ॥	ADJ N;NEUT;NOM;SG ADV N N;NEUT;NOM;SG ADJ;NEUT;NOM;SG ADV N;NEUT;NOM;SG 2;ACT;ADJ;FIN;IMP;SG 2;DAT;PL;PRO CONJ MASC;N;NOM;PL _ N;NEUT;NOM;SG ADV FUT;NEUT;NOM;PASS;SG;V;V.PTCP ADV V;V.CVB ACC;N;NEUT;SG INS;MASC;N;PL CONJ N;NEUT;NOM;SG ADV N AT+ABL;MASC;N;SG _
अप्रियस्य अपि वचसः परिणाम विरोधिनः वक्ता श्रोता च यत्र अस्ति रमन्ते तत्र सम्पदः ।	अप्रिय अपि वचस् परिणाम विरोधिन् वक्तृ श्रोतृ च यत्र अस् रम् तत्र सम्पद् ।	GEN;N;NEUT;SG ADV GEN;N;NEUT;SG N ADJ;GEN;MASC;SG MASC;N;NOM;SG MASC;N;NOM;SG CONJ ADV 3;ACT;FIN;IND;PRS;SG;V 3;FIN;IND;MID;PL;PRS;V ADV FEM;N;NOM;PL _
वयस्यः एनम् आरुह्य कीलिकाम् दत्त्वा यत्र इष्यते तत्र गम्यते ।	वयस्य एन आ-रुह् कीलिका दा यत्र इष् तत्र गम् ।	MASC;N;NOM;SG 3;ACC;DET;MASC;SG V;V.CVB ACC;FEM;N;SG V;V.CVB ADV 3;FIN;IND;PASS;PRS;SG;V ADV 3;FIN;IND;PASS;PRS;SG;V _
कतिभिः दिवसैः महा अटवीम् प्रविष्टः ।	कति दिवस महत् अटवी प्र-विश् ।	DET;INS;PL INS;MASC;N;PL ADJ ACC;FEM;N;SG MASC;NOM;PASS;PST;SG;V;V.PTCP _
तावत् तस्याः एक प्रदेशे तृणैः महान् कूपः दृष्टः ।	तावत् तद् एक प्रदेश तृण महत् कूप दृश् ।	ADV AT+ABL;FEM;PRO;SG NUM ESS;MASC;N;SG INS;N;NEUT;SG ADJ;MASC;NOM;SG MASC;N;NOM;SG MASC;NOM;PASS;PST;SG;V;V.PTCP _
तथा च	तथा च	ADV CONJ
दमनक आह	दमनक अह्	MASC;N;NOM;SG 3;ACT;FIN;IND;PFV;SG;V
ततः रथकारः तम् आह	ततः रथकार तद् अह्	ADV MASC;NOM;PROPN;SG ACC;MASC;PRO;SG 3;ACT;FIN;IND;PFV;SG;V
अप्रधानः प्रधानम् स्यात् सेवते यदि पार्थिवम् ।	अ-प्रधान प्रधन अस् सेव् यदि पार्थिव ।	MASC;N;NOM;SG ACC;MASC;N;SG 3;ACT;FIN;OPT;SG;V 3;FIN;IND;MID;PRS;SG;V CONJ ACC;MASC;N;SG _
वयस्य किम् अधुना कर्तव्यम् ।	वयस्य किम् अधुना कृ ।	MASC;N;SG;VOC NEUT;NOM;PRO;SG ADV FUT;NEUT;NOM;PASS;SG;V;V.PTCP _
करटकः आह	करटक अह्	MASC;NOM;PROPN;SG 3;ACT;FIN;IND;PFV;SG;V
नहि तत् विद्यते किञ्चित् यत् अर्थेन न सिध्यति ।	नहि तद् विद् किम्-चिद् यद् अर्थ न सिध् ।	NEG;PART 3;NEUT;NOM;PRO;SG 3;FIN;IND;PASS;PRS;SG;V ADV NEUT;NOM;PRO;SG INS;MASC;N;SG NEG;PART 3;ACT;FIN;IND;PRS;SG;V _
ततः प्राप्तस्य सतः रक्षणे विवर्धने उपयोगे आदि कार्यम् ।	ततः प्राप्त सत रक्षण विवर्धन उप-योग आदि कृ ।	ADV ADJ;GEN;MASC;PASS;PST;SG;V.PTCP GEN;MASC;N;SG ADJ;ESS;MASC;SG ADJ;ESS;MASC;SG ADJ;ESS;MASC;SG ADV;NEUT;NOM;SG FUT;NEUT;NOM;PASS;SG;V;V.PTCP _
तत्र ये कर्म कराः स्थापनादयस्ते मध्यह्न वेलायाम् आहार अर्थम् नगर मध्ये गच्छन्ति ।	तत्र यद् कर्म कर्मकरि स्थापनादयस्त मध्यह्न वेला आहार अर्थ नगर मध्य गम् ।	ADV DET;MASC;NOM;PL N MASC;N;NOM;PL ESS;MASC;N;SG N ESS;N;NEUT;SG N ACC;MASC;N;SG N ESS;N;NEUT;SG 3;ACT;FIN;IND;PL;PRS;V _
निराकुलस् तिष्ठ ।	निस्-आकुल स्था ।	MASC;N;NOM;SG 2;ACT;FIN;IMP;SG;V _
तत् सङ्क्षेप्र मात्रम् शास्त्रम् किंचिद् एतेषाम् प्रबोधन अर्थम् चिन्त्यताम् ।	तद् सङ्क्षेप्र मत्र शस्त्र किम्-चिद् एतद् प्रबोधन अर्थ चिन्त् ।	ADV N ADJ;NEUT;NOM;SG N;NEUT;NOM;SG DET GEN;MASC;PL;PRO N ACC;MASC;N;SG 3;FIN;IMP;PASS;SG;V _
करटकः आह	करटक अह्	MASC;NOM;PROPN;SG 3;ACT;FIN;IND;PFV;SG;V
तत् श्रुत्वा पिङ्गलकः अब्रवीत्	तद् श्रु पिङ्गलक ब्रू	ACC;NEUT;PRO;SG V;V.CVB MASC;NOM;PROPN;SG 3;ACT;FIN;IND;IPFV;SG;V
वरं गर्भस्रावो वरम् ऋतुषु न ऐव अभि गमनं वरं जातः प्रोतो वरम् अपि च कन्या एव जनिता । वरं वन्ध्या भार्या वरम् अपि च गर्भेषु वसतिर् न च अविद्वान् रूप द्रविण गुण युक्तः अपि तनयः ॥	वरम् गर्भस्राव वरम् ऋतु न इ अभि गमन वरम् जात प्रोत वरम् अपि च कन्य एव जन् । वरम् वन्ध्य भार्य वरम् अपि च गर्भ वसति न च विद्वस् रूप द्रविण गुण युज् अपि तनय ॥	ADV;CMPR MASC;N;NOM;SG ADV;CMPR ESS;MASC;N;PL NEG;PART 1;ACT;DU;FIN;IND;IPFV;V ADP ACC;MASC;N;SG ADV;CMPR MASC;N;NOM;SG ADJ;MASC;NOM;SG ADV;CMPR ADV CONJ FEM;N;NOM;SG ADV FEM;NOM;PASS;PST;SG;V;V.PTCP _ ADV;CMPR ADJ;FEM;NOM;SG FEM;N;NOM;SG ADV;CMPR ADV CONJ ESS;MASC;N;PL ADJ;MASC;NOM;SG NEG;PART CONJ ADJ;MASC;NEG;NOM;SG N N N MASC;NOM;PASS;PST;SG;V;V.PTCP ADV MASC;N;NOM;SG _
यावत् अयम् प्राणेन न वियुज्यते तावत् इमम् गृहाण	यावत् इदम् प्राण न वियुज् तावत् इदम् ग्रह्	ADV DET;MASC;NOM;SG INS;MASC;N;SG NEG;PART 3;FIN;IND;PASS;PRS;SG;V ADV ACC;MASC;PRO;SG 2;ACT;FIN;IMP;PRS;SG;V
चिन्तितः अस्ति मया अस्य रिपोः वध उपायम् ।	चिन्त अस् अहम् इदम् रिपु वध उपाय ।	MASC;NOM;PASS;PST;SG;V;V.PTCP 3;ACT;FIN;IND;PRS;SG;V 1;INS;PRO;SG DET;GEN;MASC;SG GEN;MASC;N;SG N MASC;N;NOM;SG _
तत् वरम् सत्त्वम् आलम्बितम् ।	तद् वरम् अस् आ-लम्ब् ।	NEUT;NOM;PRO;SG ADV ACT;NEUT;NOM;PRS;SG;V;V.PTCP NEUT;NOM;PASS;PST;SG;V;V.PTCP _
सुहृदाम् उपकारम् करणात् द्विषतानम् अपि उपकारम् करणात् नृप संश्रय इष्यन्ते बुधैः जठरं को न बिभर्ति केवलम्	सुहृद् उपकार करण द्विष अपि उपकार करण नृप संश्रय इष् बुध जठर किम् न भृ केवल	GEN;MASC;N;PL ACC;MASC;N;SG AT+ABL;N;NEUT;SG GEN;MASC;N;PL ADV ACC;MASC;N;SG AT+ABL;N;NEUT;SG N MASC;N;NOM;SG 3;FIN;IND;PASS;PL;PRS;V INS;MASC;N;PL ACC;N;NEUT;SG MASC;NOM;PRO;SG NEG;PART 3;ACT;FIN;IND;PRS;SG;V ADV
देव किम् निमित्तम् इह आगमनेन अनुगृहीता अस्मि ।	देव किम् निमित्त इह आगमन अनु-ग्रह् अस् ।	MASC;N;SG;VOC ACC;DET;NEUT;SG ACC;N;NEUT;SG ADV INS;N;NEUT;SG FEM;NOM;PASS;PST;SG;V;V.PTCP 1;ACT;FIN;IND;PRS;SG;V _
सः अब्रवीत्	तद् ब्रू	MASC;NOM;PRO;SG 3;ACT;FIN;IND;IPFV;SG;V
तत्र आसीत् मारीचः नाम राक्षसः ।	तत्र आस् मारीच नामन् राक्षस ।	ADV 3;ACT;FIN;IND;IPFV;SG;V MASC;NOM;PROPN;SG N;NEUT;NOM;SG MASC;N;NOM;SG _
मया एवम् निश्चितम् असौ राज दुहिता हर्म्य तले एकाकिनी स्वपिति ।	अहम् एवम् निश्-चि अदस् राज दुहितृ हर्म्य तल एकाकिन् स्वप् ।	1;INS;PRO ADV NEUT;NOM;PASS;PST;SG;V;V.PTCP DET;FEM;NOM;SG N FEM;N;NOM;SG N ESS;N;NEUT;SG ADJ;FEM;NOM;SG 3;ACT;FIN;IND;PRS;SG;V _
अस्ति एवम् परम् अहम् देश काल वित् अपि	अस् एवम् पर अहम् देश काल विद् अपि	3;ACT;FIN;IND;PRS;SG;V ADV ADJ;NEUT;NOM;SG 1;NOM;PRO;SG N N MASC;N;NOM;SG ADV
देवदत्तः विष्वामित्रेण ओदनम् पाचयति ।	देवदत्त विष्वमित्र ओदन पच् ।	MASC;NOM;PROPN;SG INS;MASC;PROPN;SG ACC;MASC;N;SG 3;FIN;IND;PRS;SG;V;{ACT/CAUS} _
लोक मार्गेण अपि रक्ष्यमाणः अर्थः बहु अप द्रवतया सद्यस् विनश्येत् ।	लोक मार्ग अपि रक्ष् अर्थ बहु अप द्रव सद्यस् विनश् ।	N INS;MASC;N;SG ADV MASC;NOM;PASS;PRS;SG;V;V.PTCP MASC;N;NOM;SG N;NEUT;NOM;SG ADP FEM;INS;N;SG ADV 3;ACT;FIN;OPT;SG;V _
तस्मै कदाचिद् रात्रौ शय्या आरूढस्य चिन्ता समुत्पन्ना ।	तद् कदा-चिद् रात्रि शय्या अअ-रुह् चिन्ता समुत्-पद् ।	DAT;MASC;PRO;SG ADV ESS;FEM;N;SG N GEN;MASC;PASS;PST;SG;V;V.PTCP FEM;N;NOM;SG FEM;NOM;PASS;PST;SG;V;V.PTCP _
उक्तं च	वच् च	NEUT;NOM;PASS;PST;SG;V;V.PTCP CONJ
तत्र अमरशक्तिर् नाम्नः राजा बभूव ।	तत्र अमरशक्ति नामन् राजन् भू ।	ADV MASC;NOM;PROPN;SG GEN;N;NEUT;SG MASC;N;NOM;SG 3;ACT;FIN;IND;PFV;SG;V _
निरतिशयं गरिमाणं तेन जनन्याः स्मरन्ति विद्वांसः ।	निरतिशय गरिमन् तद् जनन स्मृ विद्वस् ।	ACC;ADJ;MASC;SG ACC;MASC;N;SG DET;INS;NEUT;SG FEM;GEN;N;SG 3;ACT;FIN;IND;PL;PRS;V MASC;N;NOM;PL _
अत्र च मद् दत्तां वृत्तिं भुञ्जानानां पण्डितानां पञ्चशती तिष्ठति ।	अत्र च अस्मद् दत्त वृत्ति भुज पण्डित पञ्चशती स्था ।	ADV CONJ 1;PRO ACC;FEM;N;SG ACC;FEM;N;SG GEN;MASC;PL;PRS;V;V.PTCP GEN;MASC;N;PL FEM;NOM;NUM;SG 3;ACT;FIN;IND;PRS;SG;V _
क्षत्रियस्य तिस्रः भार्या धर्मम् भवन्ति ।	क्षत्रिय त्रि भार्य धर्म भू ।	GEN;MASC;N;SG FEM;NOM;NUM;PL FEM;N;NOM;PL ACC;N;NEUT;SG 3;ACT;FIN;IND;PL;PRS;V _
कथम् मम उपरि विपर्ययम् करिष्यति ।	कथम् अहम् उपरि विपर्यय कृ ।	ADV 1;GEN;PRO;SG ADP ACC;MASC;N;SG 3;ACT;FIN;FUT;IND;SG;V _
भद्र अहम् न सेवा अभिज्ञः ?	भद्र अहम् न सेवा अभिज्ञ ?	MASC;N;SG;VOC 1;NOM;PRO;SG NEG;PART N MASC;N;NOM;SG _
तत् कथम् एनम् वशी करिष्यसि ?	तद् कथम् एन वशिन् कृ ?	ADV ADV 3;ACC;MASC;PRO;SG MASC;N;NOM;SG 2;ACT;FIN;FUT;IND;SG;V _
तत् यथा अनुश्रूयते ।	तद् यथा अनु-श्रु ।	3;DET;NEUT;NOM;SG ADV 3;FIN;IND;PASS;PRS;SG;V _
किं बहुना	क बहु	NEUT;NOM;PRO;SG INS;MASC;N;SG
आवयोः भक्षित शेष आहारः अस्ति एव ।	अस्मद् भक्ष् शेष आहार अस् एव ।	1;DU;GEN;PRO PASS;PST;V;V.PTCP MASC;N;NOM;SG MASC;N;NOM;SG 3;ACT;FIN;IND;PRS;SG;V ADV _
अथ तत् अवस्थम् आलोक्य वर्धमानः परम् विषादम् अगमत् ।	अथ तद् अवस्था आ-लोक् वर्धमान परम् विषाद गम् ।	ADV ACC;DET;NEUT;SG ACC;N;NEUT;SG V;V.CVB MASC;NOM;PROPN;SG ACC;ADJ;MASC;SG ACC;MASC;N;SG 3;ACT;FIN;IND;PST;SG;V _
यदि एवम् भवान् कृत निश्चयः ततः गच्छतु भवान् अभिमत सिद्धये ।	यदि एवम् भवत् कृत निश्चय ततः गम् भवत् अभि-मत सिद्धि ।	CONJ ADV 3;FORM;MASC;NOM;PRO;SG PASS;PST;V;V.PTCP MASC;N;NOM;SG ADV 3;ACT;FIN;IMP;SG;V 3;FORM;MASC;NOM;PRO;SG N DAT;FEM;N;SG _
देव श्रूयताम् मे तथ्य वचनम् ।	देव श्रु अहम् तथ्य वचन ।	MASC;N;SG;VOC 3;FIN;IMP;PASS;PRS;SG;V 1;GEN;PRO;SG ADJ N;NEUT;NOM;SG _
त्वम् मम पूर्व पत्नी ।	त्वद् अहम् पूर्व पत्नी ।	2;NOM;PRO;SG 1;GEN;PRO;SG ADJ ACC;N;NEUT;SG _
भद्रे कियत् मात्रम् एनम् मानुष विग्रह प्रयोजनम् ।	भद्र कियत् मात्र एन मानुष विग्रह प्रयोजन ।	FEM;N;SG;VOC ADV N;NEUT;NOM;SG 3;ACC;DET;MASC;SG ADJ N N;NEUT;NOM;SG _
विष्णुशर्मणा अपि तान् आदाय तत् अर्थम् मित्रभेद मित्रप्राप्ति काकोलूकीय लब्धप्रणाश अपरीक्षितकारकाणि च इति पञ्चतन्त्राणि रचयित्वा पाठिताः ते राजपुत्राः ।	विष्णुशर्मा अपि तद् आ-दा तद् अर्थ मित्रभेद मित्रप्राप्ति काकोलूकीय लब्धप्रणाश अपरीक्षितकारक च इति पञ्चतन्त्र रच् पाठ तद् राजपुत्र ।	INS;MASC;PROPN;SG ADV ACC;DET;MASC;PL V;V.CVB DET ACC;MASC;N;SG PROPN PROPN PROPN PROPN NEUT;NOM;PL;PROPN CONJ ADV NEUT;NOM;PL;PROPN V;V.CVB MASC;NOM;PL;PST;V;V.PTCP;{CAUS/PASS} DET;MASC;NOM;PL MASC;N;NOM;PL _
अयम् एव मन्त्रि प्राधान्ये महान् दोषः साधुम् च उच्यते	इदम् एव मन्त्रिन् प्राधान्य महत् दोष साधु च वच्	MASC;NOM;PRO;SG ADV N ESS;N;NEUT;SG ADJ;MASC;NOM;SG MASC;N;NOM;SG ACC;MASC;N;SG CONJ 3;FIN;IND;PASS;PRS;SG;V
मनवे वाचस्पतये शुक्राय पराशराय ससुताय ।	मनु वाचस्पति शुक्र पराशर ससुत ।	DAT;MASC;PROPN;SG DAT;MASC;PROPN;SG DAT;MASC;PROPN;SG DAT;MASC;PROPN;SG DAT;MASC;PROPN;SG _
देव द्वादशभिर् वर्षैः व्याकरणम् श्रूयते ।	देव द्वादशभि वर्ष व्याकरण श्रु ।	MASC;N;SG;VOC INS;NUM;PL INS;N;NEUT;PL N;NEUT;NOM;SG 3;FIN;IND;PASS;PRS;SG;V _
तस्य मङ्गल वृषभौ सञ्जीवक नन्दक नामानौ गृह उत्पन्नौ धूः वोढारौ स्थितौ ।	तद् मङ्गल वृषभ सञ्जीवक नन्दक नामन् गृह उत्-पद धुर् वह् स्था ।	3;GEN;MASC;PRO;SG N DU;MASC;N;NOM PROPN PROPN DU;MASC;N;NOM N DU;MASC;NOM;PASS;PST;V;V.PTCP ACC;FEM;N;PL 3;ACT;DU;FIN;FUT;IND;V DU;MASC;NOM;PASS;PST;V;V.PTCP _
यस्य अयम् आद्यः श्लोकः	यद् इदम् आद्य श्लोक	GEN;NEUT;PRO;SG DET;MASC;NOM;SG ADJ;MASC;NOM;SG MASC;N;NOM;SG
वचः तत्र प्रयोक्तव्यं यत्र उक्तं लभते फलम् ।	वचस् तत्र प्र-युज् यत्र वच् लभ् फल ।	N;NEUT;NOM;SG ADV FUT;NEUT;NOM;PASS;SG;V;V.PTCP ADV NEUT;NOM;PASS;PST;SG;V;V.PTCP 3;FIN;IND;MID;PRS;SG;V ACC;N;NEUT;SG _
भद्रे त्वत् अर्थम् एव इदम् इह आगमनम् ।	भद्र त्वद् अर्थ एव इदम् इह आगमन ।	FEM;N;SG;VOC 2;PRO ACC;N;NEUT;SG ADV DET;NEUT;NOM;SG ADV N;NEUT;NOM;SG _
अधीते य इदम् नित्यम् नीतिशस्त्रम् शृणोति च ।	अधी यद् इदम् नित्य नीतिशस्त्र श्रु च ।	3;FIN;IND;MID;PRS;SG;V MASC;NOM;PRO;SG ACC;DET;NEUT;SG ACC;ADJ;NEUT;SG ACC;NEUT;PROPN;SG 3;ACT;FIN;IND;PRS;SG;V CONJ _
ततः रथकारः तस्य निश्चयम् विज्ञाय अवदत् ।	ततः रथकार तद् निश्चय विज्ञ विज्ञयवद् ।	ADV MASC;N;NOM;SG GEN;MASC;PRO;SG ACC;MASC;N;SG V;V.CVB 3;ACT;FIN;IND;IPFV;SG;V _
