看来 自行车 已经 成为 大多 北京人 生活 中 不可缺少 的 一部分 。	看来 自行车 已经 成为 大多 北京人 生活 中 不可缺少 的 一部分 。	V N ADV V ADJ N N ADP ADJ PART N _
在 北京 住 过 一 段 时间 的 人 都 知道 为什么 北京人 这么 爱 骑 自行车 。	在 北京 住 过 一 段 时间 的 人 都 知道 为什么 北京人 这么 爱 骑 自行车 。	ADP PROPN V V NUM N N PART N ADV V ADV N ADV V V N _
刚 到 20 岁 的 时候 ， 我 跟 两 个 朋友 一起 玩 的 一 天 发生 了 件 事情 。	刚 到 20 岁 的 时候 ， 我 跟 两 个 朋友 一起 玩 的 一 天 发生 了 件 事情 。	ADV V NUM N PART N _ PRO CONJ NUM N N ADV V PART NUM N V V N N _
我 老公 不好意思 地 说 ： “ 太 冷 了 吧 ？ 我们 怎么 办 ？ ”	我 老公 不好意思 地 说 ： “ 太 冷 了 吧 ？ 我们 怎么 办 ？ ”	PRO N V PART V _ _ ADV ADJ PART PART _ PRO ADV V _ _
虽然 他们 已经 老 了 ， 但是 他们 比 很多 年轻人 强 得 多 ！	虽然 他们 已经 老 了 ， 但是 他们 比 很多 年轻人 强 得 多 ！	CONJ PRO ADV ADJ PART _ ADV PRO ADP DET N ADJ PART ADJ _
我 觉得 北京人 爱 骑 自行车 的 理由 又 在于 北京 的 交通 混乱 。	我 觉得 北京人 爱 骑 自行车 的 理由 又 在于 北京 的 交通 混乱 。	PRO V N V V N PART N ADV V PROPN PART N N _
因此 骑 自行车 的 人 似乎 与日俱增 。	因此 骑 自行车 的 人 似乎 与日俱增 。	CONJ V N PART N ADV V _
医生 给 我 开 神经安药 了 。	医生 给 我 开 神经安药 了 。	N ADP PRO V N PART _
老师 觉得 怎么样 ？	老师 觉得 怎么样 ？	N V PRO _
老人 的 早晨 从 6点 开始 。	老人 的 早晨 从 6点 开始 。	N PART N ADP N V _
有点儿 恼火 了 。	有点儿 恼火 了 。	ADV ADJ PART _
风雨交加 ， 电闪雷鸣 了 ， 我们 都 精疲力尽 。	风雨交加 ， 电闪雷鸣 了 ， 我们 都 精疲力尽 。	V _ V PART _ PRO ADV V _
所有 运动员 背后 ， 也许 是 因为 有 许许多多 支持 他们 的 观众 ， 家人 ， 不断 为 他们 喝彩 ， 鼓掌 ， 加油 ， 才 使得 他们 在 运动场 上 发挥 出 自己 最 好 的 水平 。	所有 运动员 背后 ， 也许 是 因为 有 许许多多 支持 他们 的 观众 ， 家人 ， 不断 为 他们 喝彩 ， 鼓掌 ， 加油 ， 才 使得 他们 在 运动场 上 发挥 出 自己 最 好 的 水平 。	DET N N _ ADV V ADP V DET V PRO PART N _ N _ ADV ADP PRO V _ V _ V _ ADV V PRO ADP N ADP V V PRO ADV ADJ PART N _
但是 除了 我 以外 都 一直 睡 着 。	但是 除了 我 以外 都 一直 睡 着 。	CONJ ADP PRO ADP ADV ADV V V _
为 送 给 朋友们 也 买 了 好 几 个 礼物 。	为 送 给 朋友们 也 买 了 好 几 个 礼物 。	ADP V ADP N ADV V V ADV DET N N _
她 同意 和 他 在一起 了 ， 我们 都 非常 激动 。	她 同意 和 他 在一起 了 ， 我们 都 非常 激动 。	PRO V ADP PRO V PART _ PRO ADV ADV ADJ _
毫无 疑问 ， 那时 我 自以为是 。	毫无 疑问 ， 那时 我 自以为是 。	V N _ N PRO V _
我 去 名古屋 见 过 了 以前 作为 交换生 在 日本 遇 到 的 老朋友 。	我 去 名古屋 见 过 了 以前 作为 交换生 在 日本 遇 到 的 老朋友 。	PRO V PROPN V V V N V N ADP PROPN V V PART N V
我 不 知道 那时 别 的 朋友 干 什么 。	我 不 知道 那时 别 的 朋友 干 什么 。	PRO ADV V N PRO PART N V PRO _
本 故事 是 实在 的 。	本 故事 是 实在 的 。	DET N V ADJ PART _
在 我 爬山 的 时候 ， 迎 来 了 一 阵 风暴 并 开始 下 雨 ， 又 冷 又 累 。	在 我 爬山 的 时候 ， 迎 来 了 一 阵 风暴 并 开始 下 雨 ， 又 冷 又 累 。	ADP PRO V PART N _ V V V NUM N N CONJ V V N _ ADV ADJ ADV ADJ _
穆斯林人 相信 第一 次 看 见 克尔白 时 想 什么 ， 真主 肯定 将 你 想 的 就 给 你 。	穆斯林人 相信 第一 次 看 见 克尔白 时 想 什么 ， 真主 肯定 将 你 想 的 就 给 你 。	N V NUM N V V PROPN ADP V PRO _ PROPN ADV ADP PRO V PART ADV V PRO _
我们 做 学校 的 巴士 去 那里 ， 终于 到 了 向往 的 地方 。	我们 做 学校 的 巴士 去 那里 ， 终于 到 了 向往 的 地方 。	PRO V N PART N V PRO _ ADV V V V PART N _
我 牵 了 她 手 的 时候 ， 仿佛 触电 。	我 牵 了 她 手 的 时候 ， 仿佛 触电 。	PRO V V PRO N PART N _ ADV V _
我们 相约 在 当初 表白 的 地方 ， 我 再次 向 她 表白 ， 但是 被 她 拒绝 了 。	我们 相约 在 当初 表白 的 地方 ， 我 再次 向 她 表白 ， 但是 被 她 拒绝 了 。	PRO V ADP N V PART N _ PRO ADV ADP PRO V _ CONJ ADP PRO V V _
每 天 清晨 ， 五 六 点 钟 ， 我们 还 在 被了 里 睡觉 时 ， 清洁 工人们 已经 在 大街 上 开始 了 让 人们 赞扬 的 工作 了 ， 有 了 他们 ， 我们 生活 的 城市 才 会 整洁 干净 。	每 天 清晨 ， 五 六 点 钟 ， 我们 还 在 被了 里 睡觉 时 ， 清洁 工人们 已经 在 大街 上 开始 了 让 人们 赞扬 的 工作 了 ， 有 了 他们 ， 我们 生活 的 城市 才 会 整洁 干净 。	PRO N N _ NUM NUM N N _ PRO ADV ADP N ADP V ADP _ N N ADV ADP N ADP V V V N V PART V PART _ V V PRO _ PRO V PART N ADV V ADJ ADJ _
还有 内向 的 人 。	还有 内向 的 人 。	CONJ ADJ PART N _
有的 老人 打 太极 ， 有的 打 乒乓球 ， 有的 在 操场 风风火火 地 广场舞 。	有的 老人 打 太极 ， 有的 打 乒乓球 ， 有的 在 操场 风风火火 地 广场舞 。	DET N V N _ PRO V N _ PRO ADP N ADV PART N _
在 2012年 我 跟 三 个 朋友 一起 去 韩国 南部 旅游 了 。	在 2012年 我 跟 三 个 朋友 一起 去 韩国 南部 旅游 了 。	ADP N PRO CONJ NUM N N ADV V PROPN N V PART _
我们 赶快 去 了 坐 最 热门 的 游乐器 。 机 （ 机械 ） 。	我们 赶快 去 了 坐 最 热门 的 游乐器 。 机 （ 机械 ） 。	PRO ADV V V V ADV ADJ PART N _ N _ N _ _
吃 了 几 天 就 好 起来 了 。	吃 了 几 天 就 好 起来 了 。	V V DET N ADV ADJ V PART _
他 明明 显得 很 冷 ， 不过 欣然 给 我 让 他 的 外衣 。	他 明明 显得 很 冷 ， 不过 欣然 给 我 让 他 的 外衣 。	PRO ADV V ADV ADJ _ ADV ADV ADP PRO V PRO PART N _
从 我 的 宿舍 到 教室楼 ， 走路 大概 要 20 分钟 。	从 我 的 宿舍 到 教室楼 ， 走路 大概 要 20 分钟 。	ADP PRO PART N V N _ V ADV V NUM N _
回来 的 时候 用 西海岸 高速 公路 了 。	回来 的 时候 用 西海岸 高速 公路 了 。	V PART N V N N N PART _
起初 我 制定 旅行 计划 的 时候 人家 都 不但 说 一 个 女生 去 中国 自助游 容易 遇 到 危险 ， 而 顽强 地 反对 。	起初 我 制定 旅行 计划 的 时候 人家 都 不但 说 一 个 女生 去 中国 自助游 容易 遇 到 危险 ， 而 顽强 地 反对 。	N PRO V N N PART N N ADV ADV V NUM N N V PROPN V ADJ V V N _ CONJ ADJ PART V _
虽然 他们 让 我 开 车 ， 一 个 人 爬 山 ， 不 让 我 睡 好 ， 喝 酒 ， 不过 跟 她们 在一起 旅行 更 有意思 。	虽然 他们 让 我 开 车 ， 一 个 人 爬 山 ， 不 让 我 睡 好 ， 喝 酒 ， 不过 跟 她们 在一起 旅行 更 有意思 。	CONJ PRO V PRO V N _ NUM N N V N _ ADV V PRO V ADJ _ V N _ ADV ADP PRO V V ADV ADJ _
比如说 凤凰古镇 ， 它 特别 好 的 保持 了 陕西 原来 的 样貌 ， 对于 我们 外国人 来 说 ， 这里 是 可以 让 我们 更 深刻 的 了解 陕西 人文 的 地方 。	比如说 凤凰古镇 ， 它 特别 好 的 保持 了 陕西 原来 的 样貌 ， 对于 我们 外国人 来 说 ， 这里 是 可以 让 我们 更 深刻 的 了解 陕西 人文 的 地方 。	V PROPN _ PRO ADV ADJ PART V V PROPN ADJ PART N _ ADP PRO N CONJ V _ PRO V V V PRO ADV ADJ PART V PROPN N PART N _
我 在 那 呆 了 10 天 。	我 在 那 呆 了 10 天 。	PRO ADP PRO V V NUM N _
因为 我 不 想 让 她 每 天 伤心 难过 。	因为 我 不 想 让 她 每 天 伤心 难过 。	CONJ PRO ADV V V PRO N N ADJ ADJ _
那时 ， 我 就 想 起来 了 ， 我 把 我 背包 放 在 公交车 里 。	那时 ， 我 就 想 起来 了 ， 我 把 我 背包 放 在 公交车 里 。	N _ PRO ADV V V PART _ PRO ADP PRO N V ADP N ADP _
5年 以前 有 一些 事情 对 我们 来 说 非常 重要 ， 但是 现在 我 几乎 都 忘记 了 ， 例如 以前 我 和 我 的 男友 分手 的 时候 ， 当时 我 觉得 我 不 会 活 下去 ， 但是 现在 我 对 他 很 无所谓 。	5年 以前 有 一些 事情 对 我们 来 说 非常 重要 ， 但是 现在 我 几乎 都 忘记 了 ， 例如 以前 我 和 我 的 男友 分手 的 时候 ， 当时 我 觉得 我 不 会 活 下去 ， 但是 现在 我 对 他 很 无所谓 。	N ADP V DET N ADP PRO CONJ V ADV ADJ _ CONJ N PRO ADV ADV V PART _ V N PRO ADP PRO PART N V PART N _ N PRO V PRO ADV V V V _ CONJ N PRO ADP PRO ADV V _
以上 这些 中国 印象 ， 让 我 久久 不 能 忘记 。	以上 这些 中国 印象 ， 让 我 久久 不 能 忘记 。	DET DET PROPN N _ V PRO ADV ADV V V _
在 去 富士山 之前 我 还 找 到 了 来自 澳大利亚 的 朋友 ， 他 在 日本 教 英语 。	在 去 富士山 之前 我 还 找 到 了 来自 澳大利亚 的 朋友 ， 他 在 日本 教 英语 。	ADP V PROPN N PRO ADV V V V V PROPN PART N _ PRO ADP PROPN V N _
我 忙 跑 上前 去 帮 他 盖 上 了 井盖 。	我 忙 跑 上前 去 帮 他 盖 上 了 井盖 。	PRO ADJ V ADP V V PRO V V V N _
不过 我们 足足 找 了 半 个 小时 ， 才 找 到 。	不过 我们 足足 找 了 半 个 小时 ， 才 找 到 。	ADV PRO ADV V V NUM N N _ ADV V V _
还 走访 了 凤凰古镇 ， 感受 明清 时代 建 在 北方 的 南方 小镇 ， 那里 真的 特别 美 ， 好像 自己 回 到 了 古代 的 中国 一样 ， 真的 好 想 再 去 一 次 ；	还 走访 了 凤凰古镇 ， 感受 明清 时代 建 在 北方 的 南方 小镇 ， 那里 真的 特别 美 ， 好像 自己 回 到 了 古代 的 中国 一样 ， 真的 好 想 再 去 一 次 ；	ADV V V PROPN _ V N N V V N PART N N _ PRO ADV ADV ADJ _ V PRO V V V N PART PROPN ADJ _ ADV ADV V ADV V NUM N _
我 说 ： “ 要不然 咱们 去 附近 的 餐厅 吧 。	我 说 ： “ 要不然 咱们 去 附近 的 餐厅 吧 。	PRO V _ _ ADV PRO V ADJ PART N PART _
可是 对 我 来 说 那天 是 在 我 心里 永远 忘 不 了 一 天 。	可是 对 我 来 说 那天 是 在 我 心里 永远 忘 不 了 一 天 。	ADV ADP PRO CONJ V N V ADP PRO N ADV V ADV V NUM N _
不 到 三 个 小时 ， 忽然 从 后脖子 到 头订 ， 血力 上 起来 ， 就 不 能 动 ， 又 因为 我 唱 的 歌 是 高音 ， 所以 唱 中 发生 了 。	不 到 三 个 小时 ， 忽然 从 后脖子 到 头订 ， 血力 上 起来 ， 就 不 能 动 ， 又 因为 我 唱 的 歌 是 高音 ， 所以 唱 中 发生 了 。	ADV V NUM N N _ ADV ADP N ADP N _ N V V _ ADV ADV V V _ ADV CONJ PRO V PART N V N _ ADV V ADP V PART _
不顾 我 不 在 他们 好好 玩 。	不顾 我 不 在 他们 好好 玩 。	V PRO ADV V PRO ADV V _
那时 天气 虽然 风和日丽 ， 可是 我 心里 风雨交加 电闪雷鸣 .....	那时 天气 虽然 风和日丽 ， 可是 我 心里 风雨交加 电闪雷鸣 .....	N N CONJ ADJ _ ADV PRO N ADJ ADJ _
为 他 感 到 骄傲 ！	为 他 感 到 骄傲 ！	ADP PRO V V ADJ _
他 的 用心 也 让 我 感动 。	他 的 用心 也 让 我 感动 。	PRO PART N ADV V PRO V _
这时 ， 一 个 小朋友 走 来 ， 他 一 只 肩膀 断 了 ， 看 上去 很 可怜 。	这时 ， 一 个 小朋友 走 来 ， 他 一 只 肩膀 断 了 ， 看 上去 很 可怜 。	N _ NUM N N V V _ PRO NUM N N V V _ V V ADV ADJ _
原定 计划 是 早晨 在 一 座 山 上 吃 午饭 。	原定 计划 是 早晨 在 一 座 山 上 吃 午饭 。	ADJ N V N ADP NUM N N ADP V N _
我 认为 她 是 世界 上 最 好 的 女孩子 ， 她 深深 地 偷 走 了 我 的 心 。	我 认为 她 是 世界 上 最 好 的 女孩子 ， 她 深深 地 偷 走 了 我 的 心 。	PRO V PRO V N N ADV ADJ PART N _ PRO ADV PART V V V PRO PART N _
我们 真的 是 一 个 幸福 的 一 对 了 。	我们 真的 是 一 个 幸福 的 一 对 了 。	PRO ADV V NUM N ADJ PART NUM N PART _
初 来 到 成都 ， 人生地不熟 。	初 来 到 成都 ， 人生地不熟 。	ADV V V PROPN _ V _
我 可怕 因为 感觉 头 就 要 爆炸 。	我 可怕 因为 感觉 头 就 要 爆炸 。	PRO ADJ CONJ V N ADV V V _
吃 完 后 ， 自然 去 了 ktv ， 我 跟 常 见 的 老板 打招呼 后 ， 对 他 说 “ 请 给 我们 时间 多 一点 ” ， 后 进 去 房子 立刻 热烈 地 唱歌 了 。	吃 完 后 ， 自然 去 了 ktv ， 我 跟 常 见 的 老板 打招呼 后 ， 对 他 说 “ 请 给 我们 时间 多 一点 ” ， 后 进 去 房子 立刻 热烈 地 唱歌 了 。	V V ADP _ ADJ V V PROPN _ PRO ADP ADV V PART N V ADP _ ADP PRO V _ ADV V PRO N ADV DET _ _ ADV V V N ADV ADJ PART V PART _
我 到 新疆 一点儿 也 不 高兴 ， 只 难受 。	我 到 新疆 一点儿 也 不 高兴 ， 只 难受 。	PRO V PROPN ADV ADV ADV ADJ _ ADV ADJ _
久而久之 ， 我们 成为 了 好 朋友 。	久而久之 ， 我们 成为 了 好 朋友 。	ADV _ PRO V V ADJ N _
爬山 的 时候 我们 见 到 很多 中国 家庭 。	爬山 的 时候 我们 见 到 很多 中国 家庭 。	V PART N PRO V V DET PROPN N _
期待 是 期待 ， 而 感 到 有点 麻烦 。	期待 是 期待 ， 而 感 到 有点 麻烦 。	V V V _ CONJ V V ADV ADJ _
我 坐 公交车 去 酒店 。	我 坐 公交车 去 酒店 。	PRO V N V N _
我 和 朋友 一直 走路 累 很 筋疲力尽 。	我 和 朋友 一直 走路 累 很 筋疲力尽 。	PRO PART N ADV V ADJ ADV ADJ _
在 那 我 见 过 最 奇怪 的 就 是 女仆 咖啡馆 ， 女孩子们 穿 着 女仆装 并且 在 店 里 跳舞 ， 想 要 摆 出 一 副 很 可爱 的 样子 ， 我 觉得 很 奇怪 。	在 那 我 见 过 最 奇怪 的 就 是 女仆 咖啡馆 ， 女孩子们 穿 着 女仆装 并且 在 店 里 跳舞 ， 想 要 摆 出 一 副 很 可爱 的 样子 ， 我 觉得 很 奇怪 。	ADP PRO PRO V V ADV ADJ PART ADV V N N _ N V V N CONJ ADP N ADP V _ V V V V NUM N ADV ADJ PART N _ PRO V ADV ADJ _
我们 的 生命 中 总 是 有些 人 出现 ， 有些 人 消失 ， 但 那些 消失 不见 的 人 ， 却 总 能 在 我 的 生命 里 掀起 一 丝 波澜 。	我们 的 生命 中 总 是 有些 人 出现 ， 有些 人 消失 ， 但 那些 消失 不见 的 人 ， 却 总 能 在 我 的 生命 里 掀起 一 丝 波澜 。	PRO PART N ADP ADV V DET N V _ DET N V _ CONJ DET V V PART N _ ADV ADV V ADP PRO PART N ADP V NUM N N _
这 就 是 我 最 难忘 的 一 次 回忆 、 一 次 体验 ， 希望 今后 的 生活 每天 都 成为 难忘 的 回忆 ！	这 就 是 我 最 难忘 的 一 次 回忆 、 一 次 体验 ， 希望 今后 的 生活 每天 都 成为 难忘 的 回忆 ！	PRO ADV V PRO ADV ADJ PART NUM N N _ NUM N N _ V N PART N N ADV V ADJ PART N _
每天 都 会 在 她 的 座位 上 放 一 盒 巧克力 或者 一 朵 玫瑰花 ， 并且 写 给 她 一 首 诗 ， 把 这 个 份 特别 的 爱 给 特别 的 她 。	每天 都 会 在 她 的 座位 上 放 一 盒 巧克力 或者 一 朵 玫瑰花 ， 并且 写 给 她 一 首 诗 ， 把 这 个 份 特别 的 爱 给 特别 的 她 。	N ADV V ADP PRO N N ADP V NUM N N CONJ NUM N N _ CONJ V ADP PRO NUM N N _ ADP DET N N ADJ PART N V ADJ PART PRO _
本 信 这 个 产物 没有 效果 。	本 信 这 个 产物 没有 效果 。	DET N DET N N V N _
这 次 旅社 的 老板 是 少数民族 之一 ， 藏族 。	这 次 旅社 的 老板 是 少数民族 之一 ， 藏族 。	DET N N PART N V N NUM _ N _
她 告诉 我 她 已经 有 了 新 的 男朋友 ， 我 感觉 极度 悲伤 ， 甚至 想 自杀 ， 但是 朋友们 和 家人 制止 了 我 。	她 告诉 我 她 已经 有 了 新 的 男朋友 ， 我 感觉 极度 悲伤 ， 甚至 想 自杀 ， 但是 朋友们 和 家人 制止 了 我 。	PRO V PRO PRO ADV V V ADJ PART N _ PRO V ADV ADJ _ ADV V V _ CONJ N CONJ N V V PRO _
我 先 说 我 的 生活 很 单调 的 ， 那么 我 不 是 主动 的 人 ， 所以 我 难忘 的 事 不 多 。	我 先 说 我 的 生活 很 单调 的 ， 那么 我 不 是 主动 的 人 ， 所以 我 难忘 的 事 不 多 。	PRO ADV V PRO PART N ADV ADJ PART _ ADV PRO ADV V ADJ PART N _ ADV PRO V PART N ADV ADJ _
对 我 来 说 很 难忘 也 感觉 很 新鲜 的 旅行 。	对 我 来 说 很 难忘 也 感觉 很 新鲜 的 旅行 。	ADP PRO CONJ V ADV ADJ ADV V ADV ADJ PART N _
当时 我 真的 紧张 了 ， 因为 是 我 见 了 十 个 他 的 家人 ， 所以 一直 积食 了 。	当时 我 真的 紧张 了 ， 因为 是 我 见 了 十 个 他 的 家人 ， 所以 一直 积食 了 。	N PRO ADV ADJ PART _ CONJ V PRO V V NUM N PRO PART N _ ADV ADV V PART _
我 是 个 特别 安静 的 人 。	我 是 个 特别 安静 的 人 。	PRO V N ADV ADJ PART N _
很 羡慕 他 的 身材 ， 看 到 他 的 肌肉 我 下 定 决心 努力 运动 ， 变 成 他 的 样子 ， 虽然 很 难 ， 但 我 也 想 试试 去 做 。	很 羡慕 他 的 身材 ， 看 到 他 的 肌肉 我 下 定 决心 努力 运动 ， 变 成 他 的 样子 ， 虽然 很 难 ， 但 我 也 想 试试 去 做 。	ADV V PRO PART N _ V V PRO PART N PRO V V N ADV V _ V V PRO PART N _ CONJ ADV ADJ _ ADV PRO ADV V V V V _
生活 上 我们 面对 很多 事情 有的 是 很 愉快 ， 有的 是 很 痛苦 ， 但是 从 这些 经历 我们 会 学 了 很多 事儿 ， 也 得 到 了 经验 。	生活 上 我们 面对 很多 事情 有的 是 很 愉快 ， 有的 是 很 痛苦 ， 但是 从 这些 经历 我们 会 学 了 很多 事儿 ， 也 得 到 了 经验 。	N ADP PRO V DET N PRO V ADV ADJ _ PRO V ADV ADJ _ CONJ ADP DET N PRO V V V DET N _ ADV V V V N _
所以 我 一 有 时间 ， 就 带 着 一 把 钱 和 一 个 行李箱 去 旅行 。	所以 我 一 有 时间 ， 就 带 着 一 把 钱 和 一 个 行李箱 去 旅行 。	ADV PRO ADV V N _ ADV V V NUM N N CONJ NUM N N V V _
我 问 她 是否 愿意 成为 我 的 女朋友 ， 他 最终 同意 了 。	我 问 她 是否 愿意 成为 我 的 女朋友 ， 她 最终 同意 了 。	PRO V PRO ADV V V PRO PART N _ PRO ADV V V _
这 两 件 事 是 实际 上 一 件 事 。	这 两 件 事 是 实际 上 一 件 事 。	DET NUM N N V N ADP NUM N N _
我们 不 顺畅 的 聊 着 聊 着 跟 一 个 女生 亲密 起来 。	我们 不 顺畅 的 聊 着 聊 着 跟 一 个 女生 亲密 起来 。	PRO ADV ADJ PART V V V V ADP NUM N N V V _
那儿 有 很多 吸毒者 ， 而 有 黑市 。	那儿 有 很多 吸毒者 ， 而 有 黑市 。	PRO V DET N _ CONJ V N _
我 没 告诉 父母 而 把 本 信 送 给 总统 看 。	我 没 告诉 父母 而 把 本 信 送 给 总统 看 。	PRO V V N CONJ ADP N N V ADP N V _
我们 还 去 了 洞窟 。	我们 还 去 了 洞窟 。	PRO ADV V V N _
加拿大 的 自然 环境 果然 美 极 了 。	加拿大 的 自然 环境 果然 美 极 了 。	PROPN PART N N ADV ADJ ADV PART _
一切 都 还 可以 ， 但 有 一 天 我 脑海 浮 出 了 奇惯 的 想法 。	一切 都 还 可以 ， 但 有 一 天 我 脑海 浮 出 了 夸惯 的 想法 。	PRO ADV ADV ADJ _ CONJ V NUM N PRO N V V V ADJ PART N _
我 难忘 这 两 件 相反 的 事 ， 每 个 地方 都 有 好处 和 坏处 。	我 难忘 这 两 件 相反 的 事 ， 每 个 地方 都 有 好处 和 坏处 。	PRO V DET NUM N ADJ PART N _ DET N N ADV V N CONJ N _
以后 我 去 ktv 时 很 小心 。	以后 我 去 ktv 时 很 小心 。	N PRO V PROPN ADP ADV ADJ _
听说 他们 下午 三点 才 起来 了 。	听说 他们 下午 三点 才 起来 了 。	V PRO N N ADV V PART _
关于 信 得 内容 ， 首先 ， 其 内 解译 了 我 对 国家 内 一些 问题 的 观点 和 看法 。	关于 信 得 内容 ， 首先 ， 其 内 解译 了 我 对 国家 内 一些 问题 的 观点 和 看法 。	ADP N PART N _ ADV _ PRO ADP V V PRO ADP N ADP DET N PART N CONJ N _
那里 恰巧 是 贫民区 。	那里 恰巧 是 贫民区 。	PRO ADV V N _
那 时候 ， 我们 都 是 变变不舍 了 。	那 时候 ， 我们 都 是 恋恋不舍 了 。	DET N _ PRO ADV V V V _
我 在 香港 住 在 哪个 姐姐 的 家 ， 见 了 她 的 父母 。	我 在 香港 住 在 哪个 姐姐 的 家 ， 见 了 她 的 父母 。	PRO ADP PROPN V V PRO N PART N _ V V PRO PART N _
我 和 我 先生 还 没 结婚 的 时候 ， 我们 不 知道 了 对方 是否 结婚 的 合适 人 。	我 和 我 先生 还 没 结婚 的 时候 ， 我们 不 知道 了 对方 是否 结婚 的 合适 人 。	PRO CONJ PRO N ADV V V PART N _ PRO ADV V V N ADV V PART ADJ N _
他们 都 一起 欢迎 了 我们 。	他们 都 一起 欢迎 了 我们 。	PRO ADV ADV V V PRO _
很多 人 看 克拉白 时 开始 哭 了 。	很多 人 看 克拉白 时 开始 哭 了 。	DET N V PROPN ADP V V PART _
这 不 是 出乎 我 的 意料 的 。	这 不 是 出乎 我 的 意料 的 。	PRO ADV V V PRO PART V PART _
所以 我 一 个 人 爬 山 上 吃 午饭 。	所以 我 一 个 人 爬 山 上 吃 午饭 。	ADV PRO NUM N N V N ADP V N _
可是 和 她 在一起 两 个 月 后 ， 我 发现 我 仍然 不 能 忘记 第一 个 女朋友 ， 所以 我 给 她 说 了 实话 ， 于是 我们 分手 了 。	可是 和 她 在一起 两 个 月 后 ， 我 发现 我 仍然 不 能 忘记 第一 个 女朋友 ， 所以 我 给 她 说 了 实话 ， 于是 我们 分手 了 。	ADV ADP PRO V NUM N N ADP _ PRO V PRO ADV ADV V V ADJ N N _ ADV PRO ADP PRO V V N _ ADV PRO V PART _
虽然 我 和 我 的 朋友 不 想 去 ， 但 “ 机不可失 时不再来 ” ， 我 给 朋友 这样 告诉 了 以后 她 勉强 同意 跟 我 一起 去 过境处 。	虽然 我 和 我 的 朋友 不 想 去 ， 但 “ 机不可失 时不再来 ” ， 我 给 朋友 这样 告诉 了 以后 她 勉强 同意 跟 我 一起 去 过境处 。	CONJ PRO CONJ PRO PART N ADV V V _ ADV _ N N _ _ PRO ADP N ADV V V ADP PRO ADJ V ADP PRO ADV V N _
以后 他 常常 过来 我 的 学校 一起 吃饭 了 ， 来 到 周末 就 见面 去 玩 了 。	以后 他 常常 过来 我 的 学校 一起 吃饭 了 ， 来 到 周末 就 见面 去 玩 了 。	N PRO ADV V PRO PART N ADV V PART _ V V N ADV V V V PART _
后来 她 问 起 我 是 谁 送 的 巧克力 ， 我 装作 不 知道 ， 并 和 她 一起 去 寻找 答案 ， 我 十分 享受 我们 在一起 的 每 一 分 每 一 秒 。	后来 她 问 起 我 是 谁 送 的 巧克力 ， 我 装作 不 知道 ， 并 和 她 一起 去 寻找 答案 ， 我 十分 享受 我们 在一起 的 每 一 分 每 一 秒 。	N PRO V V PRO V PRO V PART N _ PRO V ADV V _ CONJ ADP PRO ADV V V N _ PRO ADV V PRO V PART PRO NUM N PRO NUM N _
只有 想 快点 去 酒店 休息 。	只有 想 快点 去 酒店 休息 。	ADV V ADV V N V _
虽然 那样 ， 我 决定 了 一定 要 享受 旅程 。	虽然 那样 ， 我 决定 了 一定 要 享受 旅程 。	CONJ PRO _ PRO V V ADV V V N _
这 10 天 之内 我 时而 读 古兰经 时而 做 礼拜 。	这 10 天 之内 我 时而 读 古兰经 时而 做 礼拜 。	DET NUM N ADP PRO ADV V PROPN ADV V N _
虽然 内容 忘记 了 单 还 记得 他 对 我 的 热情 。	虽然 内容 忘记 了 但 还 记得 他 对 我 的 热情 。	CONJ N V V ADJ ADV V PRO V PRO PART N _
初次 我 不 理解 他们 这样 多 骑 自行车 ， 但 不 过 多久 我 才 知道 他们 为什么 这么 爱 骑 自行车 。	初次 我 不 理解 他们 这样 多 骑 自行车 ， 但 不 过 多久 我 才 知道 他们 为什么 这么 爱 骑 自行车 。	N PRO ADV V PRO PRO ADJ V N _ CONJ ADV V N PRO ADV V PRO PRO ADV V V N _
我 很 想 再 见 他们 。	我 很 想 再 见 他们 。	PRO ADV V ADV V PRO _
因为 我 的 旅行 的 目的 是 不 是 观光 ， 就 是 帮助 别人 。	因为 我 的 旅行 的 目的 是 不 是 观光 ， 就 是 帮助 别人 。	CONJ PRO PART N PART N V ADV V V _ ADV V V PRO _
我门 积极 地 回答 ， 还 看 到 佛教 的 寺庙 ， 有 一些 中国人 来 那儿 做 礼拜 ， 也 跟 佛家 照相 了 。	我们 积极 地 回答 ， 还 看 到 佛教 的 寺庙 ， 有 一些 中国人 来 那儿 做 礼拜 ， 也 跟 佛家 照相 了 。	PRO ADV PART V _ ADV V V N PART N _ V DET N V PRO V N _ ADV ADP N V V _
在 我 离开 日本 之前 ， 我 又 去 探望 那 个 澳大利亚 的 朋友 和 他 喜欢 的 女孩 。	在 我 离开 日本 之前 ， 我 又 去 探望 那 个 澳大利亚 的 朋友 和 他 喜欢 的 女孩 。	ADP PRO V PROPN ADP _ PRO ADV V V DET N PROPN PART N CONJ PRO V PART N _
他 的 用心 让 我 感觉 暖和 。	他 的 用心 让 我 感觉 暖和 。	PRO PART N V PRO V ADJ _
来 中国 前 我 没 谈 过 恋爱 ， 本来 我 不 能 相信 男人 ， 所以 到 二十五 岁 都 没 爱 过 男人 。	来 中国 前 我 没 谈 过 恋爱 ， 本来 我 不 能 相信 男人 ， 所以 到 二十五 岁 都 没 爱 过 男人 。	V PROPN ADP PRO V V V N _ ADV PRO ADV V V N _ ADV ADP NUM N ADV V V V N _
时光 很 快 快 过 两 个 月 了 。	时光 很 快 快 过 两 个 月 了 。	N ADV ADJ ADJ V NUM N N PART _
是 他们 。	是 他们 。	V PROPN _
得 了 冠军 的 他 张 开 双 臂 欢呼 ， 我 觉得 他 一定 不 敢 相信 自己 眼前 的 这 一切 。	得 了 冠军 的 他 张 开 双 臂 欢呼 ， 我 觉得 他 一定 不 敢 相信 自己 眼前 的 这 一切 。	V V N PART PRO V V N N V _ PRO V PRO ADV ADV V V PRO N PART PRO PRO _
对 我 来 说 最 难 忘记 的 事 就 是 有关 天池 和 找 对象 的 事情 。	对 我 来 说 最 难 忘记 的 事 就 是 有关 天池 和 找 对象 的 事情 。	ADP PRO CONJ V ADV ADJ V PART N ADV V V PROPN CONJ V N PART N _
城市 虽 小 ， 但 力量 很 大 。	城市 虽 小 ， 但 力量 很 大 。	N CONJ ADJ _ ADV N ADV ADJ _
后来 我 先生 也 二话不说 ， 积极 支持 我 的 决定 。	后来 我 先生 也 二话不说 ， 积极 支持 我 的 决定 。	N PRO N ADV V _ ADJ V PRO PART N _
凌晨 三点 以后 才 出发 。	凌晨 三点 以后 才 出发 。	N N ADP ADV V _
我 在 哪儿 认识 了 两 个 人 。	我 在 哪儿 认识 了 两 个 人 。	PRO ADP PRO V V NUM N N _
我 觉得 很 尴尬 。	我 觉得 很 尴尬 。	PRO V ADV ADJ _
但是 现在 我 已经 不 后悔 了 ， 因为 我 怕 让 她 受 到 伤害 。	但是 现在 我 已经 不 后悔 了 ， 因为 我 怕 让 她 受 到 伤害 。	ADV N PRO ADV ADV V V _ CONJ PRO V V PRO V V N _
一 个 人 是 从 香港 来 的 姐姐 。	一 个 人 是 从 香港 来 的 姐姐 。	NUM N N V ADP PROPN V PART N _
我们 常常 跟 我 朋友们 一起 去 旅行 还有 吃饭 了 。	我们 常常 跟 我 朋友们 一起 去 旅行 还有 吃饭 了 。	PRO ADV ADP PRO N ADV V V CONJ V PART _
去年 我 刚 到 北京 的 时候 惊讶 地 发现 街 上 有 许多 人 骑 自行车 。	去年 我 刚 到 北京 的 时候 惊讶 地 发现 街 上 有 许多 人 骑 自行车 。	N PRO ADV V PROPN PART N ADJ PART V N ADP V DET N V N _
我 感觉 他 真的 是 个 很 乖 的 。	我 感觉 他 真的 是 个 很 乖 的 。	PRO V PRO ADV V N ADV ADJ PART _
所以 我 建议 大家 偶尔 不 停 别人 说 什么 ， 你 要 硬 着 头皮 干 下去 。	所以 我 建议 大家 偶尔 不 听 别人 说 什么 ， 你 要 硬 着 头皮 干 下去 。	ADV PRO V PRO ADV ADV V PRO V PRO _ PRO V V V N V V _
我们 要 去 目的地 ！	我们 要 去 目的地 ！	PRO V V N _
从 那 次 旅行 我 学 到 了 我 不 需要 旅伴 ， 我 一 个 人 就 够 了 。	从 那 次 旅行 我 学 到 了 我 不 需要 旅伴 ， 我 一 个 人 就 够 了 。	ADP DET N N PRO V V V PRO ADV V N _ PRO NUM N N ADV V PART _
如果 我 选择 别人 说 的 那样 的 旅行 方式 ， 并 不 可能 见 了 很多 陌生人 到 今 恐怕 不 敢 跟 陌生人 打交道 。	如果 我 选择 别人 说 的 那样 的 旅行 方式 ， 并 不 可能 见 了 很多 陌生人 到 今 恐怕 不 敢 跟 陌生人 打交道 。	CONJ PRO V PRO V PART DET PART N N _ ADV ADV V V V DET N V N V ADV V ADP N V _
我 简直 开心 坏 了 。	我 简直 开心 坏 了 。	PRO ADV ADJ ADV PART _
那儿 离 我 学校 不 到 公交 一 个 站 。	那儿 离 我 学校 不 到 公交 一 个 站 。	N V PRO N ADV V N NUM N N _
当然 我 一 个 人 去 的 。	当然 我 一 个 人 去 的 。	ADV PRO NUM N N V PART _
玩笑 。	玩笑 。	N _
我 经过 几 次 上下学 的 过程 以后 就 体会 到 这 事实 了 。	我 经过 几 次 上下学 的 过程 以后 就 体会 到 这 事实 了 。	PRO V NUM N N PART N ADP ADV V V DET N PART _
见 过 他 之后 我 就 去 东京 了 。	见 过 他 之后 我 就 去 东京 了 。	V V PRO ADP PRO ADV V PROPN PART _
最后 本来 我 的 朋友 不 太 想 去 那里 却 她 给 我 感谢 。	最后 本来 我 的 朋友 不 太 想 去 那里 却 她 给 我 感谢 。	ADV ADV PRO PART N ADV ADV V V PRO ADV PRO ADP PRO V _
突然 风雨交加 ， 电闪雷鸣 。	突然 风雨交加 ， 电闪雷鸣 。	ADV ADJ _ ADJ _
照片 里 出现 了 几 个 奥林匹克 运动员 。	照片 里 出现 了 几 个 奥林匹克 运动员 。	N ADP V V DET N PROPN N _
那里 的 好 回忆 是 感动 的 。	那里 的 好 回忆 是 感动 的 。	PRO PART ADJ N V ADJ PART _
两 三 个 星期 以前 我 去 香港 旅游 。	两 三 个 星期 以前 我 去 香港 旅游 。	NUM NUM N N ADP PRO V PROPN V _
其实 最 幸福 的 时间 到 这儿 ， 大概 八 个 月 后 我们 分手 了 ， 原因 是 他 是 个 花花公子 。	其实 最 幸福 的 时间 到 这儿 ， 大概 八 个 月 后 我们 分手 了 ， 原因 是 他 是 个 花花公子 。	ADV ADV ADJ PART N V PRO _ ADV NUM N N ADP PRO V PART _ N V PRO V N N _
天气 变 冷 了 ， 我们 冷 得 瑟瑟 发抖 起来 。	天气 变 冷 了 ， 我们 冷 得 瑟瑟 发抖 起来 。	N V ADJ PART _ PRO ADJ PART ADV V V _
跟 前面 说 的 一样 ， 因为 所有 运动员 都 竭尽全力 去 拼搏 ， 所以 我们 才 没有 留有 遗憾 的 观看 到 精彩绝伦 的 比赛 。	跟 前面 说 的 一样 ， 因为 所有 运动员 都 竭尽全力 去 拼搏 ， 所以 我们 才 没有 留有 遗憾 的 观看 到 精彩绝伦 的 比赛 。	ADP N V PART ADJ _ CONJ DET N ADV V V V _ ADV PRO ADV V V N PART V V ADJ PART N _
我 遇 到 他 的 时候 他 不 确定 要 不 要 开始 和 我们 都 认识 的 一 个 女孩 约会 ， 我 告诉 他 要 相信 自己 可以 做 到 的 。	我 遇 到 他 的 时候 他 不 确定 要 不 要 开始 和 我们 都 认识 的 一 个 女孩 约会 ， 我 告诉 他 要 相信 自己 可以 做 到 的 。	PRO V V PRO PART N PRO ADV V V ADV V V ADP PRO ADV V PART NUM N N V _ PRO V PRO V V PRO V V V PART _
可是 我 毫不犹豫 地 决定 。	可是 我 毫不犹豫 地 决定 。	ADV PRO ADJ PART V _
我们 早上 从 首尔 出发 的 时候 ， 天气 风和日丽 。	我们 早上 从 首尔 出发 的 时候 ， 天气 风和日丽 。	PRO N ADP PROPN V PART N _ N ADJ _
我 想 说 不关 你 是 老人 ， 年轻人 或者 小孩子 ， 也 不管 你 的 工作 是 什么 ， 你 一定 要 愉快 地 开始 新 的 一 天 ， 也 就 是 早晨 ！	我 想 说 不关 你 是 老人 ， 年轻人 或者 小孩子 ， 也 不管 你 的 工作 是 什么 ， 你 一定 要 愉快 地 开始 新 的 一 天 ， 也 就 是 早晨 ！	PRO V V CONJ PRO V N _ N CONJ N _ CONJ CONJ PRO PART N V PRO _ PRO ADV V ADJ PART V ADJ PART NUM N _ ADV ADV V N _
果然 ， 我 不 能 找 到 我 的 背包 。	果然 ， 我 不 能 找 到 我 的 背包 。	ADV _ PRO ADV V V V PRO PART N _
有 一 天 有 学校 的 活动 跟 香港 的 高中生 交流 。	有 一 天 有 学校 的 活动 跟 香港 的 高中生 交流 。	V NUM N V N PART N ADP PROPN PART N V _
每 次 奥林匹克 运动会 都 让 我 久久 不 能 忘怀 。	每 次 奥林匹克 运动会 都 让 我 久久 不 能 忘怀 。	DET N PROPN N ADV V PRO ADV ADV V V _
但是 如果 我 没 有 朋友们 我 不 敢 想 去 旅行 。	但是 如果 我 没 有 朋友们 我 不 敢 想 去 旅行 。	CONJ CONJ PRO ADV V N PRO ADV V V V V _
他们 的 热情 让 我 很 感动 ， 我 跟 他们 到 今 在 微信 上 联系 ， 偶尔 一起 吃饭 。	他们 的 热情 让 我 很 感动 ， 我 跟 他们 到 今 在 微信 上 联系 ， 偶尔 一起 吃饭 。	PRO PART N V PRO ADV ADJ _ PRO CONJ PRO V N ADP N ADP V _ ADV ADV V _
对 我 来 说 来 中国 以后 ， 第一 次 去 成都 和 九寨沟 自助 旅行 ， 到 今 想 起来 仍 难以 忘怀 。	对 我 来 说 来 中国 以后 ， 第一 次 去 成都 和 九寨沟 自助 旅行 ， 到 今 想 起来 仍 难以 忘怀 。	ADP PRO CONJ V V PROPN ADP _ ADJ N V PROPN CONJ PROPN V V _ V N V V ADV V V _
那 有 多 关于 游戏 和 动漫 的 东西 ， 很 有意思 。	那 有 多 关于 游戏 和 动漫 的 东西 ， 很 有意思 。	PRO V ADJ ADP N CONJ N PART N _ ADV ADJ _
这 是 件 我 最 难忘 的 事 。	这 是 件 我 最 难忘 的 事 。	PRO V N PRO ADV ADJ PART N _
当 我 爬 到 山顶 的 时候 已经 凌晨 ， 还 有 三 个 小时 就 可以 看 到 日出 ， 终于 我 可以 在 生日 这 一 天 站 在 云层 之上 看 日出 了 ， 而 看 到 太阳 升 起 的 时候 我 也 不 再 记得 之前 的 劳累 。	当 我 爬 到 山顶 的 时候 已经 凌晨 ， 还 有 三 个 小时 就 可以 看 到 日出 ， 终于 我 可以 在 生日 这 一 天 站 在 云层 之上 看 日出 了 ， 而 看 到 太阳 升 起 的 时候 我 也 不 再 记得 之前 的 劳累 。	ADP PRO V V N PART N ADV N _ ADV V NUM N N ADV V V V N _ ADV PRO V ADP N DET NUM N V ADP N ADP V N PART _ CONJ V V N V V PART N PRO ADV ADV ADV V N PART N _
原来 不 是 。	原来 不 是 。	ADV ADV V _
我 会 下去 后 发现 朋友们 已经 去 海滨 玩 。	我 会 下去 后 发现 朋友们 已经 去 海滨 玩 。	PRO V V ADP V N ADV V N V _
作为 平凡 人 的 我们 ， 虽然 不 能 像 奥林匹克 运动员 一样 在 运动场 上 奔驰 ， 但 我们 可以 学习 他们 的 精神 ， 那 种 自强不息 ， 勇往直前 ， 永不 退缩 的 奥林匹克 精神 ， 这 种 精神 会 让 我们 越来越 坚强 ， 越来越 优秀 ！	作为 平凡 人 的 我们 ， 虽然 不 能 像 奥林匹克 运动员 一样 在 运动场 上 奔驰 ， 但 我们 可以 学习 他们 的 精神 ， 那 种 自强不息 ， 勇往直前 ， 永不 退缩 的 奥林匹克 精神 ， 这 种 精神 会 让 我们 越来越 坚强 ， 越来越 优秀 ！	ADP ADJ N PART PRO _ CONJ ADV V ADP PROPN N ADJ ADP N ADP V _ ADV PRO V V PRO PART N _ DET N V _ V _ ADV V PART PROPN N _ DET N N V V PRO ADV ADJ _ ADV ADJ _
但是 在 生活 中 我们 会 遇 到 一些 事情 回 永远 存在 我们 的 脑海 里 ， 也 会 永远 印象 我们 ， 这些 事情 会 让 我们 变成 今天 的 。 我们 。	但是 在 生活 中 我们 会 遇 到 一些 事情 会 永远 存在 我们 的 脑海 里 ， 也 会 永远 影响 我们 ， 这些 事情 会 让 我们 变成 今天 的 。 我们 。	ADV ADP N ADP PRO V V V DET N V ADV V PRO PART N ADP _ ADV V ADV V PRO _ DET N V V PRO V N PART _ PRO _
自行车 就 能 把 我们 学生 的 生活 变 得 很 轻松 。	自行车 就 能 把 我们 学生 的 生活 变 得 很 轻松 。	N ADV V ADP PRO N PART N V PART ADV ADJ _
但 在 去 的 路上 我 错 做 了 反 方向 的 地铁 ， 所以 到 那 的 时候 已经 是 傍晚 了 。	但 在 去 的 路上 我 错 坐 了 反 方向 的 地铁 ， 所以 到 那 的 时候 已经 是 傍晚 了 。	CONJ ADP V PART N PRO ADJ V V ADJ N PART N _ ADV V PRO PART N ADV V N PART _
每当 我们 呼吸 着 新鲜 空气 ， 走 在 干净 的 路 上 的 时候 ， 你 是否 想 到 ： 是 谁 把 马路 打扫 的 这么 干净 ， 让 大家 呼吸 着 新鲜 空气 呢 ？	每当 我们 呼吸 着 新鲜 空气 ， 走 在 干净 的 路 上 的 时候 ， 你 是否 想 到 ： 是 谁 把 马路 打扫 的 这么 干净 ， 让 大家 呼吸 着 新鲜 空气 呢 ？	ADP PRO V V ADJ N _ V ADP ADJ PART N ADP PART N _ PRO ADV V V _ V PRO ADP N V PART ADV ADJ _ V PRO V V ADJ N PART _
那 是 我 第一 次 坐 飞机 了 。	那 是 我 第一 次 坐 飞机 了 。	PRO V PRO NUM N V N PART _
我 一 个 人 吃 也 好吃 极 了 。	我 一 个 人 吃 也 好吃 极 了 。	PRO NUM N N V ADV ADJ ADV PART _
走 了 一 个 小时 以后 ， 恰巧 下 雨 了 。	走 了 一 个 小时 以后 ， 恰巧 下 雨 了 。	V V NUM N N ADP _ ADV V N PART _
没有 自行车 的 话 ， 每 次 上下学 的 路 上 好像 是 劳动 一样 很 痛苦 。	没有 自行车 的 话 ， 每 次 上下学 的 路 上 好像 是 劳动 一样 很 痛苦 。	V N PART N _ DET N V PART N ADP V V V ADJ ADV ADJ _
天气 明显 变 冷 了 。	天气 明显 变 冷 了 。	N ADV V ADJ PART _
现在 我 对 吃 中国 小吃 很 上瘾 。	现在 我 对 吃 中国 小吃 很 上瘾 。	N PRO ADP V PROPN N ADV V _
一边 欣赏 美丽 的 风景 ， 一边 呼吸 新鲜 的 空气 。	一边 欣赏 美丽 的 风景 ， 一边 呼吸 新鲜 的 空气 。	ADV V ADJ PART N _ ADV V ADJ PART N _
但 我 去 “ 麦加 ” 朝觐 时 我 很 感动 了 。	但 我 去 “ 麦加 ” 朝觐 时 我 很 感动 了 。	CONJ PRO V _ PROPN _ V ADP PRO ADV ADJ PART _
又及 。	又及 。	V _
看 他 的 表情 ， 张 开 嘴巴 应该 在 呼喊 我 的 天 啊 ！	看 他 的 表情 ， 张 开 嘴巴 应该 在 呼喊 我 的 天 啊 ！	V PRO PART N _ V V N V ADV V PRO PART N PART _
我 觉定 —— 需要 改变 白俄罗斯 ， 需要 提高 群众 的 文化 水平 ， 需要 改革 现状 。	我 觉定 —— 需要 改变 白俄罗斯 ， 需要 提高 群众 的 文化 水平 ， 需要 改革 现状 。	PRO V _ V V PROPN _ V V N PART N N _ V V N _
晚上 和 朋友 在 山脚 下 的 客栈 里面 开 派对 玩 游戏 ， 教 他们 玩 韩国 的 游戏 ， 真的 特别 有趣 ！	晚上 和 朋友 在 山脚 下 的 客栈 里面 开 派对 玩 游戏 ， 教 他们 玩 韩国 的 游戏 ， 真的 特别 有趣 ！	N ADP N ADP N ADP PART N ADP V N V N _ V PRO V PROPN PART N _ ADV ADV ADJ _
那时 我 在 中学 大七 读书 。	那时 我 在 中学 大七 读书 。	N PRO ADP N N V _
我 最 难忘 的 一 次 旅行 是 在 2015年 的 夏天 。	我 最 难忘 的 一 次 旅行 是 在 2015年 的 夏天 。	PRO ADV ADJ PART NUM N N V ADP N PART N _
我 敲 她 的 门 ， 竟然 她 反应 了 ， 我们 再 结合 了 。	我 敲 她 的 门 ， 竟然 她 反应 了 ， 我们 再 结合 了 。	PRO V PRO PART N _ ADV PRO V PART _ PRO ADV V PART _
那么 大 的 城市 里 最 危险 的 地方 就 是 那儿 了 ！	那么 大 的 城市 里 最 危险 的 地方 就 是 那儿 了 ！	ADV ADJ PART N ADP ADV ADJ PART N ADV V PRO PART _
他们 西安 工作 的 人 。	他们 西安 工作 的 人 。	PRO PROPN V PART N _
一直 给 我 撒谎 了 ， 然后 找 借口 了 。	一直 给 我 撒谎 了 ， 然后 找 借口 了 。	ADV ADP PRO V PART _ ADV V N PART _
老人们 每 天 都 互相 分享 他们 的 小 快乐 ！	老人们 每 天 都 互相 分享 他们 的 小 快乐 ！	N DET N ADV ADV V PRO PART ADJ N _
我 觉得 这 可能 是 因为 中国 上班 比较 早 ， 所以 一般 中国人 没有 吃 早饭 的 时间 。	我 觉得 这 可能 是 因为 中国 上班 比较 早 ， 所以 一般 中国人 没有 吃 早饭 的 时间 。	PRO V PRO ADV V CONJ PROPN V ADV ADJ _ ADV ADJ N V V N PART N _
他 觉得 在 生活 中 遇 到 困难 的 时候 只要 跟 我 在一起 ， 他 就 可以 克服 困难 。	他 觉得 在 生活 中 遇 到 困难 的 时候 只要 跟 我 在一起 ， 他 就 可以 克服 困难 。	PRO V ADP N ADP V V N PART N CONJ ADP PRO V _ PRO ADV V V N _
那 一 年 我 去 日本 只 为了 一 件 事 ， 就 是 在 我 24 岁 生日 那 天 爬 上 富士山 。	那 一 年 我 去 日本 只 为了 一 件 事 ， 就 是 在 我 24 岁 生日 那 天 爬 上 富士山 。	DET NUM N PRO V PROPN ADV V NUM N N _ ADV V ADP PRO NUM N N DET N V V PROPN _
还有 我们 和 军人 一起 拍照 。	还有 我们 和 军人 一起 拍照 。	CONJ PRO ADP N ADV V _
我 要 开始 讲 对 我 的 初恋 。	我 要 开始 讲 对 我 的 初恋 。	PRO V V V ADP PRO PART N _
所以 我们 只 定 目的地 ， 没 定 了 详细 计划 。	所以 我们 只 定 目的地 ， 没 定 了 详细 计划 。	ADV PRO ADV V N _ V V V ADJ N _
这 是 我 最 难 忘记 的 事情 。	这 是 我 最 难 忘记 的 事情 。	PRO V PRO ADV ADJ V PART N _
因为 我 相信 这 次 旅行 让 我 得 到 不 少 收获 。	因为 我 相信 这 次 旅行 让 我 得 到 不 少 收获 。	CONJ PRO V DET N N V PRO V V ADV ADJ N _
之后 我们 去 了 商洛 很 小 的 城市 ， 看 到 这 城市 很 有特色 ， 我们 游览 了 天然 奇观 喀斯特地貌 柞水溶洞 ， 溶洞 里面 都 是 冬暖夏凉 ， 大自然 真的 好 神奇 ；	之后 我们 去 了 商洛 很 小 的 城市 ， 看 到 这 城市 很 有特色 ， 我们 游览 了 天然 奇观 喀斯特地貌 柞水溶洞 ， 溶洞 里面 都 是 冬暖夏凉 ， 大自然 真的 好 神奇 ；	N PRO V V PROPN ADV ADJ PART N _ V V DET N ADV ADJ _ PRO V V N N N PROPN _ N ADP ADV V ADJ _ N ADV ADV ADJ _
没 遇 到 困难 的 事 。	没 遇 到 困难 的 事 。	V V V ADJ PART N _
说 到 难忘 的 经历 ， 我 就 会 叙述 一 个 有趣 的 故事 —— 有 一 天 我 给 我们 国家 的 总统 写 了 封 信 。	说 到 难忘 的 经历 ， 我 就 会 叙述 一 个 有趣 的 故事 —— 有 一 天 我 给 我们 国家 的 总统 写 了 封 信 。	V ADP ADJ PART N _ PRO ADV V V NUM N ADJ PART N _ V NUM N PRO ADP PRO N PART N V V N N _
那 次 的 旅行 很 不 寻常 。	那 次 的 旅行 很 不 寻常 。	DET N PART N ADV ADV ADJ _
可是 天 很 晚 了 ， 应该 去 急诊室 。	可是 天 很 晚 了 ， 应该 去 急诊室 。	ADV N ADV ADJ PART _ V V N _
终于 她 收 到 我 的 求婚 。	终于 她 收 到 我 的 求婚 。	ADV PRO V V PRO PART N _
所以 很多 北京人 这样 为 避免 道路 上 的 时间 浪费 和 麻烦 选择 骑 自行车 。	所以 很多 北京人 这样 为 避免 道路 上 的 时间 浪费 和 麻烦 选择 骑 自行车 。	ADV DET N ADV ADP V N ADP PART N N CONJ N V V N _
后来 我 老公 说 ， 那天 他 被 我 的 乐观 的 态度 感动 。	后来 我 老公 说 ， 那天 他 被 我 的 乐观 的 态度 感动 。	ADV PRO N V _ N PRO ADP PRO PART ADJ PART N V _
滚热 的 菜 引起 了 我们 的 食欲 ， 好听 的 音乐 和 外边 的 雨声 搭配 着 造成 了 浪漫 的 气氛 。	滚热 的 菜 引起 了 我们 的 食欲 ， 好听 的 音乐 和 外边 的 雨声 搭配 着 造成 了 浪漫 的 气氛 。	ADJ PART N V V PRO PART N _ ADJ PART N CONJ N PART N V V V V ADJ PART N _
我 直接 去 天山 的 天池 。	我 直接 去 天山 的 天池 。	PRO ADV V PROPN PART PROPN _
克尔白 既 漂亮 又 有 影响力 。	克尔白 既 漂亮 又 有 影响力 。	PROPN CONJ ADJ CONJ V N _
对 我 来 说 世界 上 最 伤心 的 事情 是 我 看 到 别人 失去 他们 的 梦想 ， 有 一 次 我 在 看 电视 的 时候 ， 我 看 到 一 个 球员 讲 他 的 悲剧 ， 以前 他 算 世界 上 最 好 的 球员 之一 ， 可是 有 一 天 他 和 他 的 哥们 去 玩儿 的 时候 ， 他们 玩 得 很 开心 ， 喝 着 喝 着 就 喝 醉 了 ， 然后 他 开车 要 回家 ， 突然 在 路上 他 不 小心 被 卡车 撞 上 了 ， 结果 他 变成 了 残疾人 ， 在 转瞬间 他 的 最 宝贵 的 梦想 就 消失 了 。	对 我 来 说 世界 上 最 伤心 的 事情 是 我 看 到 别人 失去 他们 的 梦想 ， 有 一 次 我 在 看 电视 的 时候 ， 我 看 到 一 个 球员 讲 他 的 悲剧 ， 以前 他 算 世界 上 最 好 的 球员 之一 ， 可是 有 一 天 他 和 他 的 哥们 去 玩儿 的 时候 ， 他们 玩 得 很 开心 ， 喝 着 喝 着 就 喝 醉 了 ， 然后 他 开车 要 回家 ， 突然 在 路上 他 不 小心 被 卡车 撞 上 了 ， 结果 他 变成 了 残疾人 ， 在 转瞬间 他 的 最 宝贵 的 梦想 就 消失 了 。	ADP PRO CONJ V N ADP ADV ADJ PART N V PRO V V N V PRO PART N _ V NUM N PRO ADP V N PART N _ PRO V V NUM N N V PRO PART N _ N PRO V N ADP ADV ADJ PART N NUM _ ADV V NUM N PRO CONJ PRO PART N V V PART N _ PRO V PART ADV ADJ _ V V V V ADV V V V _ ADV PRO V V V _ ADV ADP N PRO ADV ADV ADP N V V V _ ADV PRO V V N _ ADP N PRO PART ADV ADJ PART N ADV V V _
但是 我们 不 能 看 了 浪漫 的 海边 。	但是 我们 不 能 看 了 浪漫 的 海边 。	CONJ PRO ADV V V V ADJ PART N _
因 麦加 在 阿拉伯半岛 ， 所以 天气 特别 热 。	因 麦加 在 阿拉伯半岛 ， 所以 天气 特别 热 。	CONJ PROPN V PROPN _ ADV N ADV ADJ _
但是 上下班 的 时候 因 交通 混乱 而 堵车 很 厉害 ， 只是 过 这 一 站 就 要 30 分钟 的 时间 ， 太 麻烦 了 ， 还是 骑 自行车 快 。	但是 上下班 的 时候 因 交通 混乱 而 堵车 很 厉害 ， 只是 过 这 一 站 就 要 30 分钟 的 时间 ， 太 麻烦 了 ， 还是 骑 自行车 快 。	CONJ V PART N CONJ N N CONJ V ADV ADJ _ ADV V DET NUM N ADV V NUM N PART N _ ADV ADJ PART _ ADV V N ADJ _
我们 一边 吃 生鱼片 一边 欣赏 海边 夜景 。	我们 一边 吃 生鱼片 一边 欣赏 海边 夜景 。	PRO ADV V N ADV V N N _
结果 呢 ？	结果 呢 ？	N PART _
在 客厅 的 正 中间 的 火盒 加 了 暖和 的 气氛 。	在 客厅 的 正 中间 的 火盒 加 了 暖和 的 气氛 。	ADP N PART ADJ N PART N V V ADJ PART N _
现在 我 有 的 都 是 托 她 的 福 。	现在 我 有 的 都 是 托 她 的 福 。	N PRO V PART ADV V V PRO PART N _
如 我 再 有 机会 去 麦加 肯定 去 。	如 我 再 有 机会 去 麦加 肯定 去 。	CONJ PRO ADV V N V PROPN ADV V _
那时 我 的 心情 是 这样 的 ： “ 天池 不 是 令 我 流 了 很多 眼泪 的 那 个 池 吗 ？	那时 我 的 心情 是 这样 的 ： “ 天池 不 是 令 我 流 了 很多 眼泪 的 那 个 池 吗 ？	N PRO PART N V PRO PART _ _ PROPN ADV V V PRO V V DET N PART DET N N PART _
到 现在 而 是 我们 俩 日子 过 得 很 好 ， 而 是 我 和 他 吵架 。	到 现在 而 是 我们 俩 日子 过 得 很 好 ， 而 是 我 和 他 吵架 。	ADP N ADV V PRO N N V PART ADV ADJ _ ADV V PRO CONJ PRO V _
寒暑假 时候 一直 在 家 躺 着 白白 看 电视 。	寒暑假 时候 一直 在 家 躺 着 白白 看 电视 。	N N ADV ADP N V V ADJ V N _
我 喜欢 早晨 ， 而且 我 更 喜欢 学校 的 早晨 。	我 喜欢 早晨 ， 而且 我 更 喜欢 学校 的 早晨 。	PRO V N _ CONJ PRO ADV V N PART N _
很 不同 的 国家 ， 不同 的 名次 ， 虽然 所有 都 不 同 ， 但 有 一样 他们 为了 比赛 ， 努力 刻苦 训练 的 这 四 年 应该 都 一样 。	很 不同 的 国家 ， 不同 的 名次 ， 虽然 所有 都 不 同 ， 但 有 一样 他们 为了 比赛 ， 努力 刻苦 训练 的 这 四 年 应该 都 一样 。	ADV ADJ PART N _ ADJ PART N _ CONJ PRO ADV ADV ADJ _ ADV V N PRO ADP N _ ADJ ADJ V PART DET NUM N V ADV ADJ _
早晨 ... 它 给 人们 带 来 希望 和 光明 ！	早晨 ... 它 给 人们 带 来 希望 和 光明 ！	N _ PRO ADP N V V N CONJ N _
不过 除了 我们 还有 别的 朋友们 走一走 所以 我们 成功 了 愉快 的 旅行 。	不过 除了 我们 还有 别的 朋友们 走一走 所以 我们 成功 了 愉快 的 旅行 。	ADV ADP PRO ADV DET N V ADV PRO V V ADJ PART N _
站 在 教室 门口 往 下 看 ， 学生们 背 着 各 色 的 书包 ， 穿 着 五颜六色 的 衣服 。	站 在 教室 门口 往 下 看 ， 学生们 背 着 各 色 的 书包 ， 穿 着 五颜六色 的 衣服 。	V ADP N N ADP N V _ N V V DET N PART N _ V V ADJ PART N _
虽然 他 再 不 会 踢 足球 ， 但是 他 还 会 教 小朋友 踢 足球 。	虽然 他 再 不 会 踢 足球 ， 但是 他 还 会 教 小朋友 踢 足球 。	CONJ PRO ADV ADV V V N _ ADV PRO ADV V V N V N _
所以 很 快 克服 这 件 糟糕 的 事 。	所以 很 快 克服 这 件 糟糕 的 事 。	ADV ADV ADV V DET N ADJ PART N _
爬 下来 是 最 难 的 ， 看 到 下面 你 就 头晕 了 ， 也 如果 你 走 错 肯定 掉 下来 ， 中国 女朋友 搀 我 下去 ， 觉得 人情味儿 ！	爬 下来 是 最 难 的 ， 看 到 下面 你 就 头晕 了 ， 也 如果 你 走 错 肯定 掉 下来 ， 中国 女朋友 搀 我 下去 ， 觉得 人情味儿 ！	V V V ADV ADJ PART _ V V N PRO ADV V V _ ADV CONJ PRO V ADJ ADV V V _ PROPN N V PRO V _ V N _
那时 简直 度日如年 ......	那时 简直 度日如年 ......	N ADV V _
不过 天气 越发 糟糕 了 。	不过 天气 越发 糟糕 了 。	ADV N ADV ADJ PART _
然后 他 给 我 表白 了 ， 我们 成为 情侣 了 。	然后 他 给 我 表白 了 ， 我们 成为 情侣 了 。	ADV PRO ADP PRO V PART _ PRO V N PART _
那 个 天池 现在 治疗 了 我 的 痛苦 。	那 个 天池 现在 治疗 了 我 的 痛苦 。	DET N PROPN N V V PRO PART N _
飞机 一点 也 没 影响 我 了 ， 可 在 飞机 里 很 兴奋 得 等待 到 麦加 的 时候 。	飞机 一点 也 没 影响 我 了 ， 可 在 飞机 里 很 兴奋 得 等待 到 麦加 的 时候 。	N ADV ADV V V PRO PART _ CONJ ADP N ADP ADV ADJ PART V V PROPN PART N _
出发 那天 伴随 着 刮风下雨 我们 离开 了 西安 ， 当时 我 没 期待 那么 多 ， 只 想 商洛市 怎么样 的 城市 ， 跟 西安 有 什么 不 同 ？	出发 那天 伴随 着 刮风下雨 我们 离开 了 西安 ， 当时 我 没 期待 那么 多 ， 只 想 商洛市 怎么样 的 城市 ， 跟 西安 有 什么 不 同 ？	V N V V V PRO V V PROPN _ N PRO V V ADV ADJ _ ADV V PROPN PRO PART N _ ADP PROPN V PRO ADV ADJ _
但 ， 我 来 中国 前 ， 去 加拿大 旅游 了 。	但 ， 我 来 中国 前 ， 去 加拿大 旅游 了 。	CONJ _ PRO V PROPN ADP _ V PROPN V PART _
就 是 学校 带 我们 留学生 去 旅行 。	就 是 学校 带 我们 留学生 去 旅行 。	ADV V N V PRO N V V _
在 我 的 脑海 里 挥之不去 的 一 件 事 ， 是 那 次 失恋 。	在 我 的 脑海 里 挥之不去 的 一 件 事 ， 是 那 次 失恋 。	ADP PRO PART N ADP V PART NUM N N _ V DET N N _
丛林 的 家 里 没有 电 和 没有 卫生间 。	丛林 的 家 里 没有 电 和 没有 卫生间 。	N PART N ADP V N CONJ V N _
习惯性 地 听 你 周围 人 的 意见 ， 只 不过 是 成为 别人 的 奴隶 罢了 。	习惯性 地 听 你 周围 人 的 意见 ， 只 不过 是 成为 别人 的 奴隶 罢了 。	N PART V PRO N N PART N _ ADV ADV V V PRO PART N INTJ _
（ 侍奉 ） 菲律宾 的 丛林 里 有 很多 野蛮人 ， 他们 的 生活 相比 之下 城市 的 人 太 贫穷 。	（ 侍奉 ） 菲律宾 的 丛林 里 有 很多 野蛮人 ， 他们 的 生活 相比 之下 城市 的 人 太 贫穷 。	_ V _ PROPN PART N ADP V DET N _ PRO PART N V ADP N PART N ADV ADJ _
从 那 天 起 ， 我们 每 天 形影不离 一起 吃饭 ， 逛街 ， 看 电影 ， 度过 了 很 难忘 的 时光 。	从 那 天 起 ， 我们 每 天 形影不离 一起 吃饭 ， 逛街 ， 看 电影 ， 度过 了 很 难忘 的 时光 。	ADP DET N V _ PRO DET N V ADV V _ V _ V N _ V V ADV ADJ PART N _
我 对 他们 很 感动 了 。	我 对 他们 很 感动 了 。	PRO ADP PRO ADV V V _
你门 汉语 说 得 很 棒 ！	你们 汉语 说 得 很 棒 ！	PRO N V PART ADV ADJ _
另外 和 我 以前 想象 完全 不一 的 是 中国 的 饮食 非常 符合 我 的 味口 。	另外 和 我 以前 想象 完全 不一 的 是 中国 的 饮食 非常 符合 我 的 味口 。	ADV ADP PRO N V ADV ADJ PART V PROPN PART N ADV V PRO PART N _
他 站 起来 ， 冲 我 笑了笑 ， 然后 走 了 。	他 站 起来 ， 冲 我 笑了笑 ， 然后 走 了 。	PRO V V _ ADP PRO V _ ADV V PART _
我们 吃 完 饭 后 去 看 长恨歌 了 ， 我 感觉 我 看 起来 好像 他 的 妻子 。	我们 吃 完 饭 后 去 看 长恨歌 了 ， 我 感觉 我 看 起来 好像 他 的 妻子 。	PRO V V N ADP V V PROPN PART _ PRO V PRO V V V PRO PART N _
和 往常 不 一样 ， 准备 这 次 旅行 没有 什么 客气 。	和 往常 不 一样 ， 准备 这 次 旅行 没有 什么 客气 。	ADP N ADV ADJ _ V DET N N V DET ADJ _
非常 结实 。	非常 结实 。	ADV ADJ _
他 和 他 的 女朋友 带 我 在 东京 玩 ， 我们 主要 在 秋叶原 逛 。	他 和 他 的 女朋友 带 我 在 东京 玩 ， 我们 主要 在 秋叶原 逛 。	PRO CONJ PRO PART N ADP PRO ADP PROPN V _ PRO ADJ ADP PROPN V _
但是 我 觉得 这 个 对 我 来 说 真的 是 很 好 的 机会 ， 所以 我 决定 去 旅行 ！	但是 我 觉得 这 个 对 我 来 说 真的 是 很 好 的 机会 ， 所以 我 决定 去 旅行 ！	CONJ PRO V DET N ADP PRO CONJ V ADV V ADV ADJ PART N _ ADV PRO V V V _
这 并 不 是 关于 旅行 ， 而 是 包含 我们 一辈子 的 人生 。	这 并 不 是 关于 旅行 ， 而 是 包含 我们 一辈子 的 人生 。	PRO ADV ADV V V N _ CONJ V V PRO N PART N PART
我们 准备 只 有 一 个 ， 就 是 一 笔 钱 。	我们 准备 只 有 一 个 ， 就 是 一 笔 钱 。	PRO V ADV V NUM N _ ADV V NUM N N _
麦加 是 伊斯兰教 最 神圣 城市 ， 先知 穆斯林人 去 麦加 。	麦加 是 伊斯兰教 最 神圣 城市 ， 先知 穆斯林人 去 麦加 。	PROPN V N ADV ADJ N _ N N V PROPN _
这 次 的 旅行 让 我 印象 深刻 ， 更 让 我 觉得 ， 其实 不论 是 哪个 国家 ， 每 一 个 地方 都 有 自己 的 特色 ， 都 有 可以 吸引 人 的 闪光点 。	这 次 的 旅行 让 我 印象 深刻 ， 更 让 我 觉得 ， 其实 不论 是 哪个 国家 ， 每 一 个 地方 都 有 自己 的 特色 ， 都 有 可以 吸引 人 的 闪光点 。	DET N PART N V PRO N ADJ _ ADV V PRO V _ ADV CONJ V DET N _ DET NUM N N ADV V PRO PART N _ ADV V V V N PART N _
那时 ， 我 决定 公开 求婚 在 山顶 上 。	那时 ， 我 决定 公开 求婚 在 山顶 上 。	N _ PRO V ADJ V ADP N ADP _
每 一 条 大大小小 河流 者 是 蓝宝石色 的 清明 水 ， 到处 有 野生 动物 。	每 一 条 大大小小 河流 者 是 蓝宝石色 的 清明 水 ， 到处 有 野生 动物 。	DET NUM N ADJ N N V ADJ PART ADJ N _ PRO V ADJ N _
是 他们 让 我们 生活 的 环境 幽雅 清新 。	是 他们 让 我们 生活 的 环境 幽雅 清新 。	V PRO V PRO V PART N ADJ ADJ _
那 时候 我门 看见 两 个 读 博士 的 男生 ， 他们 对 我门 很 善良 ， 也 对 我门 买 了 冰淇淋 。	那 时候 我门 看见 两 个 读 博士 的 男生 ， 他们 对 我们 很 善良 ， 也 对 我们 买 了 冰淇淋 。	DET N PRO V NUM N V N PART N _ PRO ADP PRO ADV ADJ _ ADV ADP PRO V V N _
所以 我 希望 了 长大 以后 我 要 去 菲律宾 旅行 。	所以 我 希望 了 长大 以后 我 要 去 菲律宾 旅行 。	CONJ PRO V V V ADP PRO V V PROPN V _
那 条 公路 沿 海岸 ， 所以 途径 中 有 海岛 和 很 大 的 桥梁 。	那 条 公路 沿 海岸 ， 所以 途径 中 有 海岛 和 很 大 的 桥梁 。	DET N N V N _ ADV N ADP V N CONJ ADV ADJ PART N _
在 去 商洛 之前 ， 我 问 了 一 个 朋友 商洛 怎么样 ？	在 去 商洛 之前 ， 我 问 了 一 个 朋友 商洛 怎么样 ？	ADP V PROPN ADP _ PRO V V NUM N N PROPN V _
谁 都 不 知道 什么 时候 下 雨 ， 所以 我们 都 很 紧张 了 。	谁 都 不 知道 什么 时候 下 雨 ， 所以 我们 都 很 紧张 了 。	PRO ADV ADV V DET N V N _ ADV PRO ADV ADV ADJ PART _
高一 那 年 ， 她 转 来 了 我们 班 ， 因为 没有 别 的 空 座位 ， 所以 她 坐 在 了 我 旁边 。	高一 那 年 ， 她 转 来 了 我们 班 ， 因为 没有 别 的 空 座位 ， 所以 她 坐 在 了 我 旁边 。	N DET N _ PRO V V V PRO N _ CONJ V PRO PART ADJ N _ ADV PRO V V PART PRO N _
但是 让 我 出乎意料 的 是 朋友 告诉 我 这 是 西安 的 晴天 ， 当时 我 感 到 大吃一惊 。	但是 让 我 出乎意料 的 是 朋友 告诉 我 这 是 西安 的 晴天 ， 当时 我 感 到 大吃一惊 。	ADV V PRO V PART V N V PRO PRO V PROPN PART N _ N PRO V V V _
先 飞 到 美国 西雅图 然后 再 飞 去 加拿大 的 温哥华 。	先 飞 到 美国 西雅图 然后 再 飞 去 加拿大 的 温哥华 。	ADV V ADP PROPN PROPN ADV ADV V V PROPN PART PROPN _
依 我 看 这 就是 一 种 浪费 时间 。	依 我 看 这 就是 一 种 浪费 时间 。	V PRO V PRO V NUM N V N _
我 在 飞机 花 了 总共 十三 个 小时 ， 我 到 加拿大 就 筋疲力尽 了 ， 没有 什么 兴奋 也 没有 什么 感动 。	我 在 飞机 花 了 总共 十三 个 小时 ， 我 到 加拿大 就 筋疲力尽 了 ， 没有 什么 兴奋 也 没有 什么 感动 。	PRO ADP N V V ADV NUM N N _ PRO V PROPN ADV ADJ PART _ V DET N CONJ V DET N _
到 哪儿 ， 他们 看 我 后 不 明白 为什么 这样 ， 因为 他们 都 是 住院 医师 ， 所以 我 要 等 过去 周末 后 ， 找 去 内科 。	到 哪儿 ， 他们 看 我 后 不 明白 为什么 这样 ， 因为 他们 都 是 住院 医师 ， 所以 我 要 等 过去 周末 后 ， 找 去 内科 。	V PRO _ PRO V PRO ADP ADV V ADV PRO _ CONJ PRO ADV V ADJ N _ ADV PRO V V V N ADP _ V V N _
今年 9月 初 我 再次 去 北京 的 时候 让 我 惊讶 的 情景 就 是 市内 到处 有 很多 公共 自行车 了 。	今年 9月 初 我 再次 去 北京 的 时候 让 我 惊讶 的 情景 就 是 市内 到处 有 很多 公共 自行车 了 。	N N N PRO ADV V PROPN PART N V N ADJ PART N ADV V N ADV V DET N N PART _
可是 我们 不 能 回去 了 ！	可是 我们 不 能 回去 了 ！	CONJ PRO ADV V V V _
其次 ， 我 提议 妥善 的 答案 。	其次 ， 我 提议 妥善 的 答案 。	ADV _ PRO V ADJ PART N _
在 兰州 我 给 她 打 个 电话 ， 突然 她 说 告别 。	在 兰州 我 给 她 打 个 电话 ， 突然 她 说 告别 。	ADP PROPN PRO ADP PRO V N N _ ADV PRO V V _
这 不 限于 学生 ， 看 起来 很多 北京人 习惯 日常 中 骑 自行车 往来 。	这 不 限于 学生 ， 看 起来 很多 北京人 习惯 日常 中 骑 自行车 往来 。	PRO ADV V N _ V V DET N V N ADP V N V _
时间 过 得 很 快 ， 我们 离开 的 时间 来 了 。	时间 过 得 很 快 ， 我们 离开 的 时间 来 了 。	N V PART ADV ADJ _ PRO V PART N V PART _
有 一 个 朋友 给 了 我 一 个 好 的 建议 。	有 一 个 朋友 给 了 我 一 个 好 的 建议 。	V NUM N N V V PRO NUM N ADJ PART N _
终于 我们 精疲力尽 地 到 了 哪 家 西餐厅 。	终于 我们 精疲力尽 地 到 了 哪 家 西餐厅 。	ADV PRO ADJ PART V V DET N N _
我 男朋友 的 父母 想 见 我 ， 所以 就 一起 吃饭 了 。	我 男朋友 的 父母 想 见 我 ， 所以 就 一起 吃饭 了 。	PRO N PART N V V PRO _ ADV ADV ADV V PART _
过去 周末 后 ， 快 去 医院 就 见 的 是 很多 老人 ， 除了 我 之外 没有 年轻人 。	过去 周末 后 ， 快 去 医院 就 见 的 是 很多 老人 ， 除了 我 之外 没有 年轻人 。	V N ADP _ ADV V N ADV V PART V DET N _ ADP PRO ADP V N _
我 从 小时候 到 现在 ， 觉得 菲律宾 是 很 美丽 。	我 从 小时候 到 现在 ， 觉得 菲律宾 是 很 美丽 。	PRO ADP N V N _ V PROPN V ADV ADJ _
终于 到 了 麦加 然后 我们 很 愉快 地 去 宾馆 。	终于 到 了 麦加 然后 我们 很 愉快 地 去 宾馆 。	ADV V V PROPN ADV PRO ADV ADJ PART V N _
胜利 是 属于 最 前面 那 个 黑人 ！	胜利 是 属于 最 前面 那 个 黑人 ！	N V V ADV N DET N N _
可是 一 年 以后 我们 开始 吵架 小小 的 误会 就 小题大做 ， 相互 吃醋 有 了 越来越 多 的 不愉快 ， 于是 我 决定 和 她 分手 。	可是 一 年 以后 我们 开始 吵架 小小 的 误会 就 小题大做 ， 相互 吃醋 有 了 越来越 多 的 不愉快 ， 于是 我 决定 和 她 分手 。	ADV NUM N ADP PRO V V ADJ PART N ADV V _ ADV V V V ADV ADJ PART N _ ADV PRO V ADP PRO V _
我 山顶 上 吃 方便面 和 紫菜包饭 。	我 山顶 上 吃 方便面 和 紫菜包饭 。	PRO N ADP V N CONJ N _
还 爬 了 牛背梁山 ， 呼吸 着 深山 里面 的 空气 觉得 整个 人 都 清新 了 似的 ；	还 爬 了 牛背梁山 ， 呼吸 着 深山 里面 的 空气 觉得 整个 人 都 清新 了 似的 ；	ADV V V N _ V V N ADP PART N V ADJ N ADV ADJ V V _
地方 是 韩国 和 朝鲜 的 过境处 。	地方 是 韩国 和 朝鲜 的 过境处 。	N V PROPN CONJ PROPN PART N _
我 已经 去 过 还 没 去 过 吗 ？	我 已经 去 过 还 没 去 过 吗 ？	PRO ADV V V CONJ ADV V V PART _
她 来 了 之后 ， 我 向 她 表明 了 我 的 心意 。	她 来 了 之后 ， 我 向 她 表明 了 我 的 心意 。	PRO V V ADP _ PRO ADP PRO V V PRO PART N _
她 最后 给 我 一 封 信 。	她 最后 给 我 一 封 信 。	PRO ADV V PRO NUM N N _
还有 因为 我 是 个 外国人 ， 所以 他 每 次 帮 我 助 我 了 。	还有 因为 我 是 个 外国人 ， 所以 他 每 次 帮 我 助 我 了 。	CONJ CONJ PRO V N N _ ADV PRO DET N V PRO V PRO PART _
所以 我 要 回家 了 ， 可是 走路 也 很 难 。	所以 我 要 回家 了 ， 可是 走路 也 很 难 。	ADV PRO V V PART _ ADV V ADV ADV ADJ _
那天 的 约会 给 我们 留 下 了 很 深刻 的 印象 。	那天 的 约会 给 我们 留 下 了 很 深刻 的 印象 。	N PART N ADP PRO V V V ADV ADJ PART N _
没有 意识 时间 很 快 过去 。	没有 意识 时间 很 快 过去 。	V V N ADV ADV V _
就 是 对 我 来 说 难忘 的 经历 。	就 是 对 我 来 说 难忘 的 经历 。	ADV V ADP PRO CONJ V ADJ PART N _
我 也 来 中国 前 与 朋友们 一起 去 麦加 了 。	我 也 来 中国 前 与 朋友们 一起 去 麦加 了 。	PRO ADV V PROPN ADP ADP N ADV V PROPN PART _
辛亏 我 遇 到 她 ， 否则 我 不 会 了解 爱情 的 意义 ， 我 来 中国 学习 汉语 便 很 快 忘记 了 她 ， 可是 我 很 怕 以后 爱 上 别 的 女孩子 ， 因为 分手 的 感觉 很 难过 ， 我 不 想 再 来 一 次 。	幸亏 我 遇 到 她 ， 否则 我 不 会 了解 爱情 的 意义 ， 我 来 中国 学习 汉语 便 很 快 忘记 了 她 ， 可是 我 很 怕 以后 爱 上 别 的 女孩子 ， 因为 分手 的 感觉 很 难过 ， 我 不 想 再 来 一 次 。	ADV PRO V V PRO _ ADV PRO ADV V V N PART N _ PRO V PROPN V N ADV ADV ADJ V V PRO _ CONJ PRO ADV V N V V PRO PART N _ ADV N PART N ADV ADJ _ PRO ADV V ADV V NUM N _
我 没 请 人家 搀扶 我 或 帮助 我 。	我 没 请 人家 搀扶 我 或 帮助 我 。	PRO V V PRO V PRO CONJ V PRO _
我 见 后 先 去 吃饭 。	我 见 后 先 去 吃饭 。	PRO V ADP ADV V V _
因为 快 要 上课 了 ， 他们 害怕 迟到 ， 所以 他们 一边 吃 着 早饭 ， 一边 跑 去 教室 。	因为 快 要 上课 了 ， 他们 害怕 迟到 ， 所以 他们 一边 吃 着 早饭 ， 一边 跑 去 教室 。	CONJ ADV V V PART _ PRO V V _ ADV PRO ADV V V N _ ADV V V N _
到 现在 我 真的 难忘 。	到 现在 我 真的 难忘 。	ADP N PRO ADV V _
我 看 见 路上 有 一 个 下水道 的 井盖 敞 着 。	我 看 见 路上 有 一 个 下水道 的 井盖 敞 着 。	PRO V V N V NUM N N PART N V V _
不过 他们 帮 我 找 预定 的 青年旅社 。	不过 他们 帮 我 找 预定 的 青年旅社 。	ADV PRO V PRO V V PART N _
除了 天使 的 外貌 以外 她 还 有 温婉 的 性格 。	除了 天使 的 外貌 以外 她 还 有 温婉 的 性格 。	ADP N PART N ADP PRO ADV V ADJ PART N _
果然 回 国 天 到 了 。	果然 回 国 天 到 了 。	ADV V N N V PART _
我 看 他 的 手机 里 的 照片 就 能 知道 了 他 本来 是 个 花花公了 。	我 看 他 的 手机 里 的 照片 就 能 知道 了 他 本来 是 个 花花公了 。	PRO V PRO PART N ADP PART N ADV V V V PRO ADV V N N _
在 我 生日 的 前 一 天 ， 我 终于 到 了 富士山 。	在 我 生日 的 前 一 天 ， 我 终于 到 了 富士山 。	ADP PRO N PART DET NUM N _ PRO ADV V V PROPN _
讲 为什么 感动 之前 ， 把 麦加 介绍 一下 。	讲 为什么 感动 之前 ， 把 麦加 介绍 一下 。	V ADV ADJ ADP _ ADP PROPN V ADV _
不过 那样 的 经历 带 来 了 很 大 的 喜悦 。	不过 那样 的 经历 带 来 了 很 大 的 喜悦 。	ADV DET PART N V V V ADV ADJ PART N _
他 看 水道 的 井盖 敞 着 ， 便 蹲 下 ， 一 只 手 使劲 推动 着 井盖 。	他 看 水道 的 井盖 敞 着 ， 便 蹲 下 ， 一 只 手 使劲 推动 着 井盖 。	PRO V N PART N V V _ ADV V N _ NUM N N V V V N _
我 发现 了 塞翁失马 的 意思 是 什么 。	我 发现 了 塞翁失马 的 意思 是 什么 。	PRO V V V PART N V PRO _
这 一 次 旅行 之所以 难忘 ， 其中 一 个 原因 就 是 我 帮助 我 的 两 个 好 朋友 在一起 ， 并且 他们 现在 已经 成为 夫妇 了 。	这 一 次 旅行 之所以 难忘 ， 其中 一 个 原因 就 是 我 帮助 我 的 两 个 好 朋友 在一起 ， 并且 他们 现在 已经 成为 夫妇 了 。	DET NUM N N CONJ ADJ _ N NUM N N ADV V PRO V PRO PART NUM N ADJ N V _ CONJ PRO N ADV V N PART _
下课 以后 我们 一起 去 吃饭 并且 聊 了 很 久 。	下课 以后 我们 一起 去 吃饭 并且 聊 了 很 久 。	V ADP PRO ADV V V CONJ V V ADV ADJ _
有 一 天 ， 他 邀请 我 去 郊外 游乐园 玩儿 。	有 一 天 ， 他 邀请 我 去 郊外 游乐园 玩儿 。	V NUM N _ PRO V PRO V N N V _
最后 虽然 经历 似乎 很 可怕 ， 但是 这 次 的 经历 就 成 很 难忘 的 回忆 。	最后 虽然 经历 似乎 很 可怕 ， 但是 这 次 的 经历 就 成 很 难忘 的 回忆 。	ADV CONJ N V ADV ADJ _ CONJ DET N PART N ADV V ADV ADJ PART N _
那个 旅社 位于 狭窄 的 胡同 ， 好 不 容易 找 。	那个 旅社 位于 狭窄 的 胡同 ， 好 不 容易 找 。	DET N V ADJ PART N _ ADV ADV ADJ V _
虽然 他 的 年龄 比 我 小 俩 岁 ， 但 看 起来 好像 个 成熟 的 男人 。	虽然 他 的 年龄 比 我 小 俩 岁 ， 但 看 起来 好像 个 成熟 的 男人 。	CONJ PRO PART N ADP PRO ADJ N N _ ADV V V V N ADJ PART N _
我 在 高中 的 时候 到 香港 去 了 修学 旅行 ， 之所以 很 开心 是 因为 就 是 我 第一 次 去 国外 ， 至今 想 起来 仍 难以 忘怀 。	我 在 高中 的 时候 到 香港 去 了 修学 旅行 ， 之所以 很 开心 是 因为 就 是 我 第一 次 去 国外 ， 至今 想 起来 仍 难以 忘怀 。	PRO ADP N PART N V PROPN V V N N _ CONJ ADV ADJ V ADV ADV V PRO ADJ N V N _ ADV V V ADV V V _
这 是 我 抹 不 去 的 记忆 。	这 是 我 抹 不 去 的 记忆 。	PRO V PRO V ADV V PART N _
我 一直 尝试 用 各 种 方法 联系 第一 个 女朋友 ， 总算 从 她 好 朋友 那里 得 到 了 她 最 新 的 联系 方式 。	我 一直 尝试 用 各 种 方法 联系 第一 个 女朋友 ， 总算 从 她 好 朋友 那里 得 到 了 她 最 新 的 联系 方式 。	PRO ADV V ADP PRO N N V ADJ N N _ ADV ADP PRO ADJ N N V V V PRO ADV ADJ PART N N _
丛林 的 天气 是 自由自在 变化 ！	丛林 的 天气 是 自由自在 变化 ！	N PART N V ADV V _
我们 应该 奴隶 度过 无怨无悔 的 人生 吧 。	我们 应该 奴隶 度过 无怨无悔 的 人生 吧 。	PRO V N V ADJ PART N INTJ _
看 到 我们 是 外国人 就 问 我们 同样 的 问题 ， 你们 是 哪 国家 ?	看 到 我们 是 外国人 就 问 我们 同样 的 问题 ， 你们 是 哪 国家 ?	V V PRO V N ADV V PRO ADJ PART N _ PRO V DET N _
他 说 他 在 交通大学 读 医学 。	他 说 他 在 交通大学 读 医学 。	PRO V PRO ADP PROPN V N _
道路 上 我 容易 能 看 到 自行车 ， 校园 内 也 树木茂密 的 样子 一样 自行车 挤 得 满满 的 。	道路 上 我 容易 能 看 到 自行车 ， 校园 内 也 树木茂密 的 样子 一样 自行车 挤 得 满满 的 。	N ADP PRO ADJ V V V N _ N ADP ADV N PART N ADJ N V PART ADJ PART _
大概 每 天 有 风 和 美丽 的 天气 。	大概 每 天 有 风 和 美丽 的 天气 。	ADV DET N V N CONJ ADJ PART N _
人们 也 不光 是 住民 ， 而 是 游客 也 很 善良 。	人们 也 不光 是 住民 ， 而 是 游客 也 很 善良 。	N ADV CONJ V N _ CONJ V N ADV ADV ADJ _
那 就 是 我 的 第一 次 国外 旅游 。	那 就 是 我 的 第一 次 国外 旅游 。	PRO ADV V PRO PART NUM N N N _
我 又 是 很 有 乐观 的 人 。	我 又 是 很 有 乐观 的 人 。	PRO ADV V ADV V N PART N _
我 在 中国 第一 次 坐 火车 ， 偏偏 在 硬卧 和 陌生人 要 睡觉 。	我 在 中国 第一 次 坐 火车 ， 偏偏 在 硬卧 和 陌生人 要 睡觉 。	PRO ADP PROPN ADJ N V N _ ADV ADP N ADP N V V _
首先 ， 中国 的 土地 实在 广大 。	首先 ， 中国 的 土地 实在 广大 。	PRO _ PROPN PART N ADV ADJ _
我 用 休息 时间 和 老公 或 朋友 一起 吃 了 许多 闻所未闻 的 中国 的 小吃 。	我 用 休息 时间 和 老公 或 朋友 一起 吃 了 许多 闻所未闻 的 中国 的 小吃 。	PRO ADP N N ADP N CONJ N ADV V V DET ADJ PART PROPN PART N _
凌晨 一点 才 到 了 目的地 。	凌晨 一点 才 到 了 目的地 。	N N ADV V V N _
医生 看 我 后 就 笑 着 说 “ 有的 人 跟 我 一样 来 医院 ， 比如 如果 用力 过猛 就 这样 ， 忽然 举 起 杠铃 的 人 ， 有 便秘 的 人 用力 时 ， 所以 他 让 我 放心 ， 不 是 死 病 ” 。	医生 看 我 后 就 笑 着 说 “ 有的 人 跟 我 一样 来 医院 ， 比如 如果 用力 过猛 就 这样 ， 忽然 举 起 杠铃 的 人 ， 有 便秘 的 人 用力 时 ， 所以 他 让 我 放心 ， 不 是 死 病 ” 。	N V PRO ADP ADV V V V _ DET N ADP PRO ADJ V N _ ADV CONJ V ADJ ADV PRO _ ADV V V N PART N _ V N PART N V ADP _ ADV PRO V PRO V _ ADV V ADJ N _ _
天哪 ！	天哪 ！	INTJ _
每 个 人 带 着 微 让步 ， 每 辆 车 的 驾驶 都 发现 路边 上 的 人 要 过 马路 时 ， 就 停车 让 人 过 马路 。	每 个 人 带 着 微 让步 ， 每 辆 车 的 驾驶 都 发现 路边 上 的 人 要 过 马路 时 ， 就 停车 让 人 过 马路 。	DET N N V V ADJ V _ DET N N PART V ADV V N ADP PART N V V N ADP _ ADV V V N V N _
这养 的 情景 就 让 我 耳目一新 。	这样 的 情景 就 让 我 耳目一新 。	DET PART N ADV V PRO V _
我 每 天 都 会 亲眼 看 见 不同 的 人 的 早晨 。	我 每 天 都 会 亲眼 看 见 不同 的 人 的 早晨 。	PRO DET N ADV V ADV V V ADJ PART N PART N _
但是 我 一定 得 进去 丛林 ， 我 要 见 他们 了 。	但是 我 一定 得 进去 丛林 ， 我 要 见 他们 了 。	CONJ PRO ADV V V N _ PRO V V PRO PART _
好像 天池 的 满水 代表 我 的 眼泪 。	好像 天池 的 满水 代表 我 的 眼泪 。	ADV PROPN PART N V PRO PART N _
虽 我 的 身体 已经 精疲力尽 但 神清气爽 地 开 车 回来 。	虽 我 的 身体 已经 精疲力尽 但 神清气爽 地 开 车 回来 。	CONJ PRO PART N ADV ADJ ADV ADJ PART V N V _
2012年 12月 我 在 韩国 留学 的 时候 ， 有 一 天 接 到 一 个 通知 。	2012年 12月 我 在 韩国 留学 的 时候 ， 有 一 天 接 到 一 个 通知 。	N N PRO ADP PROPN V PART N _ V NUM N V V NUM N N _
好 不 容易 到 家 。	好 不 容易 到 家 。	ADV ADV ADJ V N _
但是 我们 仨 素不相识 ， 一 见面 竟 成 了 好朋友 。	但是 我们 仨 素不相识 ， 一 见面 竟 成 了 好朋友 。	CONJ PRO NUM ADJ _ ADV V ADV V V N _
这 给 我 影响 来 中国 了 。	这 给 我 影响 来 中国 了 。	PRO ADP PRO V V PROPN PART _
两 个 月 以后 我 忽然 决定 去 新疆 旅游 。	两 个 月 以后 我 忽然 决定 去 新疆 旅游 。	NUM N N ADP PRO ADV V V PROPN V _
虽然 那样 ， 不 能 吃 风景 。	虽然 那样 ， 不 能 吃 风景 。	CONJ PRO _ ADV V V N _
那 件 事 现在 想 起来 ， 我 至今 还 心有余悸 。	那 件 事 现在 想 起来 ， 我 至今 还 心有余悸 。	DET N N N V V _ PRO N ADV V _
风雨交加 的 时候 也 却 看来 很 美丽 。	风雨交加 的 时候 也 却 看来 很 美丽 。	ADJ PART N ADV ADV ADV ADV ADJ _
他 不 是 见 我 一 个 人 ， 见 了 很多 女人 。	他 不 是 见 我 一 个 人 ， 见 了 很多 女人 。	PRO ADV V V PRO NUM N N _ V V DET N _
不得 不 提 的 是 ， 商洛 的 小吃 ， 真的 特别 好吃 ， 那里 的 人 更 是 亲切 ， 在 那里 我 ， 我们 觉得 非常 舒服 ！	不得 不 提 的 是 ， 商洛 的 小吃 ， 真的 特别 好吃 ， 那里 的 人 更 是 亲切 ， 在 那里 我 ， 我们 觉得 非常 舒服 ！	V ADV V PART V _ PROPN PART N _ ADV ADV ADJ _ DET PART N ADV V ADJ _ ADP PRO PRO _ PRO V ADV ADJ _
几 年 前 我 和 我 的 妻子 开始 谈 恋爱 。	几 年 前 我 和 我 的 妻子 开始 谈 恋爱 。	DET N ADP PRO CONJ PRO PART N V V N _
二十 分钟 多 后 ， 我 终于 到达 酒店 。	二十 分钟 多 后 ， 我 终于 到达 酒店 。	NUM N ADV ADP _ PRO ADV V N _
去 吧 去 吧 ， 看一看 也 好 ！	去 吧 去 吧 ， 看一看 也 好 ！	V PART V PART _ V ADV ADJ _
一五年 二月 的 时候 ， 我 跟 朋友 一起 去 这 个 地方 。	一五年 二月 的 时候 ， 我 跟 朋友 一起 去 这 个 地方 。	N N PART N _ PRO CONJ N ADV V DET DET N _
在 我 的 母语 中 人类 这 个 词语 有 忘性 的 意思 ， 因为 他们 觉得 人类 又 很 容易 ， 有 很 快 可以 忘记 。	在 我 的 母语 中 人类 这 个 词语 有 忘性 的 意思 ， 因为 他们 觉得 人类 又 很 容易 ， 又 很 快 可以 忘记 。	ADP PRO PART N ADP N DET N N V N PART N _ ADV PRO V N ADV ADV ADJ _ ADV ADV ADJ V V _
我 向来 酷爱 旅行 。	我 向来 酷爱 旅行 。	PRO ADV V N _
我 最 难忘 的 回忆 是 上 个 星期 去 了 商洛 旅行 。	我 最 难忘 的 回忆 是 上 个 星期 去 了 商洛 旅行 。	PRO ADV ADJ PART N V N N N V V PROPN V _
第二 天 早上 7点半 我 起床 了 起 了 很 快 ， 8点 我 上 车 到 朋友 的 学校 ， 到 大学 以后 ， 她 和 其他 的 女士门 ， 我们 互相 认识 ， 然后 请 我们 吃 好吃 的 清真 的 饭 ， 过 了 一会儿 我门 去 上 车 开始 第一 次 爬山 的 旅行 开始 了 。	第二 天 早上 7点半 我 起床 了 起 了 很 快 ， 8点 我 上 车 到 朋友 的 学校 ， 到 大学 以后 ， 她 和 其他 的 女士们 ， 我们 互相 认识 ， 然后 请 我们 吃 好吃 的 清真 的 饭 ， 过 了 一会儿 我门 去 上 车 开始 第一 次 爬山 的 旅行 开始 了 。	ADJ N N N PRO V V V V ADV ADJ _ N PRO V N V N PART N _ V N ADP _ PRO CONJ PRO PART PRO _ PRO ADV V _ ADV V PRO V ADJ PART N PART N _ V V N PRO V V N V ADJ N V PART N V PART _
那天 正好 是 我们 的 纪念品 ， 顺别 缓解 工作 的 压力 开车 去 郊外 。	那天 正好 是 我们 的 纪念品 ， 顺别 缓解 工作 的 压力 开车 去 郊外 。	N ADV V PRO PART N _ ADV V N PART N V V N _
太 糟糕 啊 ！	太 糟糕 啊 ！	ADV ADJ PART _
肉 跟 凉面 离 不 开 。	肉 跟 凉面 离 不 开 。	N CONJ N V ADV V _
不过 我 勇敢 地 一 个 人 去 自助游 ， 才 获得 了 身份 宝贵 的 经验 。	不过 我 勇敢 地 一 个 人 去 自助游 ， 才 获得 了 身份 宝贵 的 经验 。	ADV PRO ADJ PART NUM N N V V _ ADV V V N ADJ ADJ N _
因为 在 陕西 电视台 里 有 一 个 带 着 外国人 一起 旅行 的 节目 ， 他们 邀请 了 我 ， 所以 我们 一起 去 了 商洛 。	因为 在 陕西 电视台 里 有 一 个 带 着 外国人 一起 旅行 的 节目 ， 他们 邀请 了 我 ， 所以 我们 一起 去 了 商洛 。	CONJ ADP PROPN N ADP V NUM N V V N ADV V PART N _ PRO V V PRO _ ADV PRO ADV V V PROPN _
真是 无可奈何 了 。	真是 无可奈何 了 。	V ADJ PART _
