此 時 に 於 て 遽か に 他 の 政体 を 行ふ とき は 、 愚民 は 其 然る 所以 を 解せ ず 、 猾者 或は 之 に 乘じ 不軌 を 謀る 者 あり て 却て 國 の 擾亂 を 起す べし 、	此 時 に 於く て 遽か なり 他 の 政体 を 行ふ とき は 、 愚民 は 其 然り 所以 を 解す ず 、 猾者 或は 之 に 乘ず 不軌 を 謀る 者 あり て 却て 國 の 擾亂 を 起す べし 、	PRO N ADP V CONJ ADJ V N ADP N ADP V N ADP _ N ADP PRO V N ADP V NEG;V _ N CONJ PRO ADP V N ADP V N V CONJ ADV N ADP N ADP V V _
曰く 我 所謂 保護 法 たる 我 國人 の 職業 工力 を 振起し 我 國産 を 増殖 する のみ	曰く 我 所謂 保護 法 たり 我 國人 の 職業 工力 を 振起す 我 國産 を 増殖 す のみ	N ADJ ADJ N N V ADJ N ADP N N ADP V ADJ N ADP N V ADP
然れ ども 其 民 智識 漸く 開け 、 因襲 政治 に 安んぜ ざる の 兆 を 現さ ば 、 速か に 之 を 改め て 他 の 政治 を 爲す べし 、	然り ども 其 民 智識 漸く 開く 、 因襲 政治 に 安んず ず の 兆 を 現す ば 、 速か なり 之 を 改む て 他 の 政治 を 爲す べし 、	V CONJ PRO N N ADV V _ N N ADP V NEG;V ADP N ADP V CONJ _ ADJ V PRO ADP V CONJ N ADP N ADP V V _
是 僕輩 駑材 謭劣 なる も 敢て 力 を 陳 て 列 に 就か ん を 願ふ 所 なり	是 僕輩 駑材 謭劣 なり も 敢て 力 を 陳ぬ て 列 に 就く む を 願ふ 所 なり	PRO PRO N N V ADP ADV N ADP V CONJ N ADP V V ADP V N V
而して 裁成 輔相 する は 人 の 任 也	而して 裁成 輔相 す は 人 の 任 なり	CONJ N N V ADP N ADP N V
それ 所謂 學 なり 術 なり 文章 なり は 皆 かの 愚暗 を 破り 一大 艱險 を 除く の 具 なれ ば 僕 謂ふ	それ 所謂 學 なり 術 なり 文章 なり は 皆 かの 愚暗 を 破る 一大 艱險 を 除く の 具 なり ば 僕 謂ふ	CONJ ADJ N ADP N ADP N ADP ADP N ADJ ADJ ADP V N N ADP V ADP N V CONJ PRO V
又 彼 に 於 て は 縱令 惡事 の 証左 ある も 其 事 刑律 上 に 明記 し て 罪惡 と せ ざれ ば 罪 に 處す べから ず	又 彼 に 於く て は 縱令 惡事 の 証左 あり も 其 事 刑律 上 に 明記 す て 罪惡 と す ず ば 罪 に 處す べし ず	CONJ PRO ADP V CONJ ADP ADV N ADP N V ADP PRO N N PART ADP N V CONJ N ADP V NEG;V CONJ N ADP V V NEG;V
是 我 に 於 て 拷問 の 止む べから ざる 所以 なり	是 我 に 於く て 拷問 の 止む べし ず 所以 なり	PRO PRO ADP V CONJ N ADP V V NEG;V N V
客 曰く	客 曰く	N N
治亂 は 天 の 自然 也	治亂 は 天 の 自然 なり	N ADP N ADP N V
然ら ば 第 二 難 も 亦 除く べから ざる に あら ざる なり	然り ば 第 二 難 も 亦 除く べし ず なり あり ず なり	V CONJ N NUM N ADP ADV V V NEG;V V V NEG;V V
右 の 類 にて 大抵 雅俗 兩家 の 喧嘩 は 講和 に 就 ん と 欲する なり	右 の 類 にて 大抵 雅俗 兩家 の 喧嘩 は 講和 に 就く む と 欲す なり	N ADP N ADP ADV N N ADP N ADP N ADP V V ADP V V
或 問 て 曰く 罪人 の 口供 を 要せ ず 專 証左 に 據り て 處决 し 万一 証左 誤る ヿ ある 時 は 奈何 曰く 彼 に 於 て は 獨 民法 裁判 上 に 於 て 所謂 控訴 法 ある のみ なら ず 刑法 裁判 上 に も 亦 控訴 法 あり	或 問ふ て 曰く 罪人 の 口供 を 要す ず 專 証左 に 據る て 處决 す 万一 証左 誤る ヿ あり 時 は 奈何 曰く 彼 に 於く て は 獨 民法 裁判 上 に 於く て 所謂 控訴 法 あり のみ なり ず 刑法 裁判 上 に も 亦 控訴 法 あり	CONJ V CONJ N N ADP N ADP V NEG;V ADV N ADP V CONJ N V N N V N V N ADP N N PRO ADP V CONJ ADP N N N PART ADP V CONJ ADJ N N V ADP V NEG;V N N PART ADP ADP ADV N PART V
之 を 細論 せ ん	之 を 細論 す む	PRO ADP N V V
盖 世 の 人 既に 爰 に 見る あり	盖 世 の 人 既に 爰 に 見る あり	ADV N ADP N ADV PRO ADP V V
第 一 邦務 及び 邦權	第 一 邦務 及び 邦權	N NUM N CONJ N
今 献白 し て 上 より 民選 議院 を 起す を 欲る に 上下 同治 の 體 を 定め ず し て 其 事 果 て 益 有る や	今 献白 す て 上 より 民選 議院 を 起す を 欲す に 上下 同治 の 體 を 定む ず す て 其 事 果す て 益 有り や	N N V CONJ N ADP N N ADP V ADP V ADP N N ADP N ADP V NEG;V V CONJ PRO N V CONJ N V ADP
到底 我 國体 を 虧損 する 所 なし と 謂ふ べから ず	到底 我 國体 を 虧損 す 所 なし と 謂ふ べし ず	ADV ADJ N ADP N V N V ADP V V NEG;V
若 果して 此 社 立つ ヿ あら ば 入社 の 人 は 漢學 者流 に て も 國學 者流 に て も 又 は 俗人 に て も 皆 有志 の 人 に て 洋風 に 向ふ の 徒 たる べし	若 果して 此 社 立つ ヿ あり ば 入社 の 人 は 漢學 者流 なり て も 國學 者流 なり て も 又 は 俗人 なり て も 皆 有志 の 人 なり て 洋風 に 向ふ の 徒 たり べし	ADV ADV PRO N V N V CONJ N ADP N ADP N N V CONJ ADP N N V CONJ ADP CONJ ADP N V CONJ ADP N N ADP N V CONJ N ADP V ADP N V V
事 と 勢 と 又 異 なり	事 と 勢 と 又 異 なり	N ADP N ADP CONJ N V
今 吾輩 只管 に 之 を 好みす とも 政事 上 の 許可 なく 文部 省 より 一度 呵禁 を 喫すれ ば 悉く 徒爲 に 属す べし	今 吾輩 只管 なり 之 を 好みす とも 政事 上 の 許可 なし 文部 省 より 一度 呵禁 を 喫す ば 悉く 徒爲 に 属す べし	N PRO ADJ V PRO ADP V CONJ N PART ADP N V N PART ADP N N ADP V CONJ ADV N ADP V V
是 敗屋 傾棟 の 下 に 坐し て 修理 を 加へ ず 自然 に 付する 如し	是 敗屋 傾棟 の 下 に 坐す て 修理 を 加ふ ず 自然 に 付す 如し	PRO N N ADP N ADP V CONJ N ADP V NEG;V N ADP V V
然れ ども 之 を 抑制 する 時 に 當 て は 唯 之 を 鎭默 せ しむる 耳 に し て 聊 威力 を 以 て 之 を 壓挫 する に 非 ず	然り ども 之 を 抑制 す 時 に 當る て は 唯 之 を 鎭默 す しむ 耳 なり す て 聊 威力 を 以つ て 之 を 壓挫 す なり あり ず	V CONJ PRO ADP N V N ADP V CONJ ADP ADV PRO ADP N V V ADP V V CONJ ADV N ADP V CONJ PRO ADP N V V V NEG;V
此 弊 今日 に 至 て 尚 存す	此 弊 今日 に 至る て 尚 存す	PRO N N ADP V CONJ ADV V
然れ ども 今日 の 西國 を 以 て 往日 の 西國 に 比すれ ば 其 面目 を 改むる ヿ 猶 天壤 の 如し	然り ども 今日 の 西國 を 以つ て 往日 の 西國 に 比す ば 其 面目 を 改む ヿ 猶 天壤 の 如し	V CONJ N ADP N ADP V CONJ N ADP N ADP V CONJ PRO N ADP V N ADV N ADP V
世交 を 妨げ 亂る に 非れ ば 誰 も 之 を 制し 且 罰する ヿ を 得 可ら ず	世交 を 妨ぐ 亂る なり 非ず ば 誰 も 之 を 制す 且 罰す ヿ を 得 可し ず	N ADP V V V V CONJ PRO ADP PRO ADP V CONJ V N ADP V V NEG;V
而 長 たる 者 曰く	而 長 たり 者 曰く	CONJ N V N N
此れ 上下 同治 の 目的 なり	此れ 上下 同治 の 目的 なり	PRO N N ADP N V
昔 我 國 漢土 の 音 を 學ぶ	昔 我 國 漢土 の 音 を 學ぶ	N ADJ N N ADP N ADP V
第 一 集會 の 入用	第 一 集會 の 入用	N NUM N ADP N
曰く 我 舊體 を 以 て 魯西亞 の 長 を 取る 固り 所願 也	曰く 我 舊體 を 以つ て 魯西亞 の 長 を 取る 固り 所願 なり	N ADJ N ADP V CONJ PROPN ADP N ADP V ADV N V
是れ 父母 の 幼兒 に 於け る 師傅 の 童子 に 於け る が 如く 其 保護 を 要し 成長 を 待つ を 以 て なり	是れ 父母 の 幼兒 に 於く り 師傅 の 童子 に 於く り が 如し 其 保護 を 要す 成長 を 待つ を 以つ て なり	PRO N ADP N ADP V V N ADP N ADP V V ADP V PRO N ADP V N ADP V ADP V CONJ V
然れ ども 還た 之 に 由り 其 威權 を 以 て 國民 を 強令 壓制 する 等 の 權 を 有する 事 なし	然り ども 還た 之 に 由る 其 威權 を 以つ て 國民 を 強令 壓制 す 等 の 權 を 有す 事 なし	V CONJ ADV PRO ADP V PRO N ADP V CONJ N ADP N N V ADP ADP N ADP V N V
是 悦ぶ べく し て 惡む べき に あら ず	是 悦ぶ べし す て 惡む べし なり あり ず	PRO V V V CONJ V V V V NEG;V
而て 洋字 は 音語 に し て 漢字 の 畫字 たる 我 と 相 反する が 如き に あら ざる を や	而て 洋字 は 音語 なり す て 漢字 の 畫字 たり 我 と 相 反す が 如し なり あり ず を や	CONJ N ADP N V V CONJ N ADP N V PRO ADP N V ADP V V V NEG;V PART ADP
或は 其 意 上下 同治 に あつ て 而して 皇室 を 憚り 姑く 言 を 民選 議院 に 託する 乎	或は 其 意 上下 同治 に あり て 而して 皇室 を 憚る 姑く 言 を 民選 議院 に 託す 乎	CONJ PRO N N N ADP V CONJ CONJ N ADP V ADV N ADP N N ADP V ADP
今日 英國 の 富 佛國 の 盛 なる も 亦 其 功 なし と 謂ふ べから ず	今日 英國 の 富 佛國 の 盛 なり も 亦 其 功 なし と 謂ふ べし ず	N PROPN ADP N PROPN ADP ADJ V ADP ADV PRO N V ADP V V NEG;V
欺か ば 則 不敬 甚し	欺く ば 則 不敬 甚し	V CONJ CONJ N ADJ
蓋し 世交 國法 の 公權 と 雖ども 决して 之 に 由 て 人 の 性心 を 殘ふる ヿ 能は ず	蓋し 世交 國法 の 公權 と 雖ども 决して 之 に 由る て 人 の 性心 を 殘ふ ヿ 能ふ ず	ADV N N ADP N ADP CONJ ADV PRO ADP V CONJ N ADP N ADP V N V NEG;V
余 が 免官 の 後 其 事 中止 す と	余 が 免官 の 後 其 事 中止 す と	PRO ADP N ADP N PRO N N V ADP
其 弊 や 縱令 他 に 確証 なき も 拷問 を 用ひ て 強て 首服 せ しめ 之 を 罪 に 致す に 至る	其 弊 や 縱令 他 に 確証 なし も 拷問 を 用ふ て 強て 首服 す しむ 之 を 罪 に 致す に 至る	PRO N ADP ADV N ADP N V ADP N ADP V CONJ ADV N V V PRO ADP N ADP V ADP V
是 其 利 九 なり	是 其 利 九 なり	PRO PRO N NUM V
琉球 か	琉球 か	PROPN ADP
曰く 筆墨 肆 其 業 を 失ふ	曰く 筆墨 肆 其 業 を 失ふ	N N N PRO N ADP V
獨り 幕吏 の 罪 に あら ず	獨り 幕吏 の 罪 なり あり ず	N N ADP N V V NEG;V
夫れ 支那 の 如き 土地 廣大 人民 蕃殖 國勢 既に 巍然 而て 文物 典章 亦 煥然 たり	夫れ 支那 の 如し 土地 廣大 人民 蕃殖 國勢 既に 巍然 而て 文物 典章 亦 煥然 たり	CONJ PROPN ADP V N ADJ N N N ADV ADJ CONJ N N ADV ADJ V
猶太 の 國初 の 如き 者 是 なり 、	猶太 の 國初 の 如し 者 是 なり 、	PROPN ADP N ADP V N PRO V _
近日 此 書 の 如く 片假名 交り の 文 頗 一定 の 文体 と なる	近日 此 書 の 如し 片假名 交り の 文 頗 一定 の 文体 と なる	N PRO N ADP V N PART ADP N ADV N ADP N ADP V
内國 産 の 木綿 は 價 貴し	内國 産 の 木綿 は 價 貴し	N PART ADP N ADP N ADJ
曰く 不可 なり 、	曰く 不可 なり 、	N N V _
初め 米船 渡來 彼我 貿易 の 條欵 を 請ふ の 時 白石 新井 氏 の 如き 者 あり て 内外 の 形勢 を 察し 保護 法 を 施し 税則 を 嚴 に し 貿易 を 權衡 し 徐々 に 國運 の 進歩 を 謀圖 し たら ん に は 我 國 濫出 濫入 の 弊 無く 今日 眞 の 自由 交易 を 見 ん と す	初め 米船 渡來 彼我 貿易 の 條欵 を 請ふ の 時 白石 新井 氏 の 如し 者 あり て 内外 の 形勢 を 察す 保護 法 を 施す 税則 を 嚴 なり す 貿易 を 權衡 す 徐々 に 國運 の 進歩 を 謀圖 す たり む に は 我 國 濫出 濫入 の 弊 無し 今日 眞 の 自由 交易 を 見る む と す	N N N N N ADP N ADP V ADP N PROPN PROPN PART ADP V N V CONJ N ADP N ADP V N N ADP V N ADP N V V N ADP N V N ADP N ADP N ADP N V V V ADP ADP ADJ N N N ADP N V N N ADP N N ADP V V ADP V
アベセ 二十 六 字 を 知り 苟も 綴字 の 法 と 呼法 と を 學べ ば 兒女 も 亦 男子 の 書 を 讀み 鄙夫 も 君子 の 書 を 讀み 且 自ら 其 意見 を 書く を 得 べし	アベセ 二十 六 字 を 知る 苟も 綴字 の 法 と 呼法 と を 學ぶ ば 兒女 も 亦 男子 の 書 を 讀む 鄙夫 も 君子 の 書 を 讀む 且 自ら 其 意見 を 書く を 得 べし	N NUM NUM N ADP V ADV N ADP N ADP N ADP ADP V CONJ N ADP ADV N ADP N ADP V N ADP N ADP N ADP V CONJ N PRO N ADP V ADP V V
是 盖 在上 者 の 政 を 施し 令 を 行ふ 上へ に のみ 通患 たる に あら ず	是 盖 在上 者 の 政 を 施す 令 を 行ふ 上へ に のみ 通患 たり なり あり ず	PRO ADV N PART ADP N ADP V N ADP V N ADP ADP N V V V NEG;V
政体 に 上古 近古 後代 の 三 種 あれ ども 共 に 今日 の 世界 に 駢列 する 者 は 、 恰も 花剛 石 礦物 泥土 と 共 に 今日 の 地面 に 現はるる が 如し 、	政体 に 上古 近古 後代 の 三 種 あり ども 共 に 今日 の 世界 に 駢列 す 者 は 、 恰も 花剛 石 礦物 泥土 と 共 に 今日 の 地面 に 現はる が 如し 、	N ADP N N N ADP NUM N V CONJ N ADP N ADP N ADP N V N ADP _ ADV N PART N N ADP N ADP N ADP N ADP V ADP V _
且 亂 は 國 の 大害 誰 か 之 を 好 ん	且 亂 は 國 の 大害 誰 か 之 を 好む む	CONJ N ADP N ADP N PRO ADP PRO ADP V V
一旦 内外 の 病患 に 遇ふ とき は 、 衰憊 委頓 し て 死亡 に 至ら ざる 者 幾 罕 なり 、	一旦 内外 の 病患 に 遇ふ とき は 、 衰憊 委頓 す て 死亡 に 至る ず 者 幾 罕 なり 、	ADV N ADP N ADP V N ADP _ N N V CONJ N ADP V NEG;V N N ADJ V _
彼 不平 家 也	彼 不平 家 なり	PRO N PART V
○ 人 の 心裏 に 住位 する 宗教 は 心神 の 事務 なり と 雖 已に 其 外顯 公立 する 時 は 邦政 に 關する 事務 と 爲る なり	○ 人 の 心裏 に 住位 す 宗教 は 心神 の 事務 なり と 雖 已に 其 外顯 公立 す 時 は 邦政 に 關す 事務 と 爲る なり	_ N ADP N ADP N V N ADP N ADP N V ADP CONJ ADV PRO N N V N ADP N ADP V N ADP V V
曰 目的 を 確立 し 東遷 西移 せ ず 一進 一退 唯 此 的 を 是れ ねらひ 然る 後 百 發 百 中 の 功 奏す べし	曰 目的 を 確立 す 東遷 西移 す ず 一進 一退 唯 此 的 を 是れ ねらふ 然り 後 百 發 百 中 の 功 奏す べし	N N ADP N V N N V NEG;V N N ADV PRO N ADP PRO V V N NUM PART NUM PART ADP N V V
然る に 所謂 筆墨 肆 は 三都 其 他 僅々 の 數 のみ	然り に 所謂 筆墨 肆 は 三都 其 他 僅々 の 數 のみ	V CONJ ADJ N N ADP N PRO N ADV ADP N ADP
第 四 語 に 前天 と 後天 と の 別 あり	第 四 語 に 前天 と 後天 と の 別 あり	N NUM N ADP N ADP N ADP ADP N V
沿襲 の 久しき 再び 其 眞 を 失ふ	沿襲 の 久し 再び 其 眞 を 失ふ	N ADP ADJ ADV PRO N ADP V
一たび 之 を 誤まれ ば 國家 衰替 救ふ べから ざる に 至ら ん と す	一たび 之 を 誤まる ば 國家 衰替 救ふ べし ず に 至る む と す	N PRO ADP V CONJ N N V V NEG;V ADP V V ADP V
然る に 退 て 熟々 之 を 考ふれ ば 百端 未だ 脱垢 の 地 に 至ら ざる 事 のみ に し て 善政 あれ ども 民 其 澤 を 蒙ら ず 美擧 あれ ども 得失 相 償は ざる 等 の 事 多し	然り に 退く て 熟々 之 を 考ふ ば 百端 未だ 脱垢 の 地 に 至る ず 事 のみ なり す て 善政 あり ども 民 其 澤 を 蒙る ず 美擧 あり ども 得失 相 償ふ ず 等 の 事 多し	V CONJ V CONJ ADV PRO ADP V CONJ N ADV N ADP N ADP V NEG;V N ADP V V CONJ N V CONJ N PRO N ADP V NEG;V N V CONJ N N V NEG;V ADP ADP N ADJ
盖 人 の 本性 に カリオシチー あら ざる なし	盖 人 の 本性 に カリオシチー あり ず なし	ADV N ADP N ADP N V NEG;V V
其 族中 の 者 相 合し 、 族長 を 推し て 其 命 を 聽く ヿ 君主 の 命 を 聽く が 如し 、	其 族中 の 者 相 合す 、 族長 を 推す て 其 命 を 聽く ヿ 君主 の 命 を 聽く が 如し 、	PRO N ADP N N V _ N ADP V CONJ PRO N ADP V N N ADP N ADP V ADP V _
昨年 の 輸入 金巾 木綿 糸操 綿 等 凡そ 七百 三十 万 圓 に 至る	昨年 の 輸入 金巾 木綿 糸操 綿 等 凡そ 七百 三十 万 圓 に 至る	N ADP N N N N N PART ADV NUM NUM NUM N ADP V
又 和 語法 を 用ふる あり	又 和 語法 を 用ふ あり	CONJ N N ADP V V
是 盖 一 難事 なり	是 盖 一 難事 なり	PRO ADV NUM N V
然れ ば 因襲 政治 を 行ふ 國 に 於 て 速 に 其 政体 を 改め て 混合 政治 或は 道理 政治 と 爲す べき か 、	然り ば 因襲 政治 を 行ふ 國 に 於く て 速 なり 其 政体 を 改む て 混合 政治 或は 道理 政治 と 爲す べし か 、	V CONJ N N ADP V N ADP V CONJ ADJ V PRO N ADP V CONJ N N CONJ N N ADP V V ADP _
今日 交際 上 にて も 苟も 衆力 を 合し て 一事 を 企て ん と 欲する 時 は 必 先づ 此 一 險岨 の 越ゆ べから ざる を 見る	今日 交際 上 にて も 苟も 衆力 を 合す て 一事 を 企つ む と 欲す 時 は 必 先づ 此 一 險岨 の 越ゆ べし ず を 見る	N N PART ADP ADP ADV N ADP V CONJ N ADP V V ADP V N ADP ADV ADV PRO NUM N ADP V V NEG;V ADP V
曰く 社中 此 事業 に 服事 す べき 者 既に 自己 の 私利 に 於 て 毫 も 損益 なし	曰く 社中 此 事業 に 服事 す べし 者 既に 自己 の 私利 に 於く て 毫 も 損益 なし	N N PRO N ADP N V V N ADV N ADP N ADP V CONJ N ADP N V
故 に 口供 實 を 得 ん と 欲す	故 に 口供 實 を 得 む と 欲す	N ADP N N ADP V V ADP V
唯 漢學 者流 國學 者流 此 説 を 傳聞 せ ば 頗る 之 を 厭ひ 嫉む 者 あら ん	唯 漢學 者流 國學 者流 此 説 を 傳聞 す ば 頗る 之 を 厭ふ 嫉む 者 あり む	CONJ N N N N PRO N ADP N V CONJ ADV PRO ADP V V N V V
已に 之 を 求む	已に 之 を 求む	ADV PRO ADP V
明治 七 年 四 月 一 日	明治 七 年 四 月 一 日	PROPN NUM N NUM N NUM N
此 の 如き を 至美 至善 の 民 と 云ふ 、	此 の 如し を 至美 至善 の 民 と 云ふ 、	ADV ADP V ADP N N ADP N ADP V _
然り と 雖 今 惡人 に 責る に 善人 の 心術 を 以 て し 之 を し て 強て 首供 せ しめ て 以 て 之 に 刑戮 を 加へ ん と 欲す	然り と 雖 今 惡人 に 責む に 善人 の 心術 を 以つ て す 之 を す て 強て 首供 す しむ て 以つ て 之 に 刑戮 を 加ふ む と 欲す	V ADP CONJ N N ADP V ADP N ADP N ADP V CONJ V PRO ADP V CONJ ADV N V V CONJ V CONJ PRO ADP N ADP V V ADP V
而て 法院 は 力 を 盡し て 此 徒 を 支へ 其 威權 を 用ひ て 之 を 輔け 其 敵 に 向 て 之 を 護り 又 其の 權利 を 制限 せ ん と 企る 者 あれ ば 直に 之 に 反し て 之 を 保護 する 耳 なら ず 其 國君 の 憤怒 に 向 て も 尚ほ 之 を 庇蔭 する ヿ を 常 と す	而て 法院 は 力 を 盡す て 此 徒 を 支ふ 其 威權 を 用ふ て 之 を 輔く 其 敵 に 向ふ て 之 を 護る 又 其の 權利 を 制限 す む と 企つ 者 あり ば 直に 之 に 反す て 之 を 保護 す 耳 なり ず 其 國君 の 憤怒 に 向ふ て も 尚ほ 之 を 庇蔭 す ヿ を 常 と す	CONJ N ADP N ADP V CONJ PRO N ADP V PRO N ADP V CONJ PRO ADP V PRO N ADP V CONJ PRO ADP V CONJ DET N ADP N V V ADP V N V CONJ ADV PRO ADP V CONJ PRO ADP N V ADP V NEG;V PRO N ADP N ADP V CONJ ADP ADV PRO ADP N V N ADP N ADP V
右 二 件 の 外 我 國 貿易 の 衰頽 を 救ふ べき の 策 は 余 が 知る 所 に 非ら ず	右 二 件 の 外 我 國 貿易 の 衰頽 を 救ふ べし の 策 は 余 が 知る 所 なり あり ず	N NUM N ADP N ADJ N N ADP N ADP V V ADP N ADP PRO ADP V N V V NEG;V
希臘 比利時 の 如き 是 なり 、	希臘 比利時 の 如し 是 なり 、	PROPN PROPN ADP V PRO V _
故 に 罪人 推問 に 因 て 實 を 供し 既に 悔悟 する 所 あれ ば 亦 其 罪 を 減免 する も 理 に 於 て 不可 なる 所 なし	故 に 罪人 推問 に 因る て 實 を 供す 既に 悔悟 す 所 あり ば 亦 其 罪 を 減免 す も 理 に 於く て 不可 なり 所 なし	N ADP N N ADP V CONJ N ADP V ADV N V N V CONJ ADV PRO N ADP N V ADP N ADP V CONJ N V N V
而る に 論者 徒 に 民選 議院 の 起す べき を 説 て 一言 政體 に 及ば ず	而り に 論者 徒 なり 民選 議院 の 起す べし を 説く て 一言 政體 に 及ぶ ず	V CONJ N ADJ V N N ADP V V ADP V CONJ N N ADP V NEG;V
童蒙 の 初學 先づ 國語 に 通じ 既に 一般 事物 の 名 と 理 と に 通じ 次 に 各國 の 語 に 入る を 得	童蒙 の 初學 先づ 國語 に 通ず 既に 一般 事物 の 名 と 理 と に 通ず 次 に 各國 の 語 に 入る を 得	N ADP N ADV N ADP V ADV N N ADP N ADP N ADP ADP V N ADP N ADP N ADP V ADP V
其 害 一 なり	其 害 一 なり	PRO N NUM V
是 其 常情 なり	是 其 常情 なり	PRO PRO N V
近日 孛漏生 の 如き 是 也	近日 孛漏生 の 如し 是 なり	N PROPN ADP V PRO V
第 四 僧徒 關係 規則	第 四 僧徒 關係 規則	N NUM N N N
然る に 我 帝國 日本 の 歐米 諸國 と 條約 を 締立 する や 外國 民 の 我 國内 に 於 て 法 を 犯す に 於 て 我 國 の 法律 以 て 之 を 罰す べから ず	然り に 我 帝國 日本 の 歐米 諸國 と 條約 を 締立 す や 外國 民 の 我 國内 に 於く て 法 を 犯す に 於く て 我 國 の 法律 以つ て 之 を 罰す べし ず	V CONJ ADJ N PROPN ADP N N ADP N ADP N V ADP N PART ADP ADJ N ADP V CONJ N ADP V ADP V CONJ ADJ N ADP N V CONJ PRO ADP V V NEG;V
加ふる に 代言 人 之 を 脩飾 す	加ふ に 代言 人 之 を 脩飾 す	V ADP N PART PRO ADP N V
夫れ 心性 の 蘊奧 より 眞神 を 認め ん と 勤め 又 之 を 尊崇 する の 情義 を 有する は 則ち 人生 の 本然 なり	夫れ 心性 の 蘊奧 より 眞神 を 認む む と 勤む 又 之 を 尊崇 す の 情義 を 有す は 則ち 人生 の 本然 なり	CONJ N ADP N ADP N ADP V V ADP V CONJ PRO ADP N V ADP N ADP V ADP CONJ N ADP N V
之 を 以往 文學 の 一事 に 徴する に 中古 白 氏 を 貴べ る 羅山 闇齋 等 の 宋儒 を 宗 と せ る 中江 熊澤 等 の 陽明 に 源 せ る 蘐園 の 王李 に 根せ る 降れ ば 則 袁鍾 だも 襲蹈 する ある に 至る	之 を 以往 文學 の 一事 に 徴す に 中古 白 氏 を 貴ぶ り 羅山 闇齋 等 の 宋儒 を 宗 と す り 中江 熊澤 等 の 陽明 に 源 す り 蘐園 の 王李 に 根す り 降る ば 則 袁鍾 だも 襲蹈 す あり に 至る	PRO ADP N N ADP N ADP V ADP N PROPN PART ADP V V PROPN PROPN PART ADP N ADP N ADP V V PROPN PROPN PART ADP N ADP N V V PROPN ADP PROPN ADP V V V CONJ CONJ PROPN ADP N V V ADP V
其 利 二 なり	其 利 二 なり	PRO N NUM V
初頭 要する 所 唯 是 のみ	初頭 要す 所 唯 是 のみ	N V N ADV PRO ADP
弊 の 此 に 至る 皆 萬事 公論 に 决す の 實 立 ず し て 上下 同治 の 目的 明 なら ざる を 以 て す	弊 の 此 に 至る 皆 萬事 公論 に 决す の 實 立つ ず す て 上下 同治 の 目的 明 なり ず を 以つ て す	N ADP PRO ADP V N N N ADP V ADP N V NEG;V V CONJ N N ADP N ADJ V NEG;V ADP V CONJ V
此 兩 の 説 僕 斷然 其 與す べから ざる を 知る	此 兩 の 説 僕 斷然 其 與す べし ず を 知る	PRO NUM ADP N PRO ADV PRO V V NEG;V ADP V
害 百 なら ざれ ば 法 を 更め ず と	害 百 なり ず ば 法 を 更む ず と	N NUM V NEG;V CONJ N ADP V NEG;V ADP
余 が 所謂 保護 法 なる 者 は 否ら ず	余 が 所謂 保護 法 なり 者 は 否り ず	PRO ADP ADJ N N V N ADP V NEG;V
商 最も 無能 不習 に し て 拙劣 なり	商 最も 無能 不習 なり す て 拙劣 なり	N ADV N N V V CONJ N V
或は 區々 の 小利 に 汲々 と し 或は 姦計 利 を 貪り て 饜か ず 醜態 聞く に 堪へ ざる 者 あり	或は 區々 の 小利 に 汲々 たり す 或は 姦計 利 を 貪る て 饜く ず 醜態 聞く に 堪ふ ず 者 あり	CONJ ADJ ADP N ADP ADJ V V CONJ N N ADP V CONJ V NEG;V N V ADP V NEG;V N V
工 之 に 次ぐ	工 之 に 次ぐ	N PRO ADP V
即ち 貿易 を 振起 せ しむる 所 の 學術 技藝 是 なり	即ち 貿易 を 振起 す しむ 所 の 學術 技藝 是 なり	CONJ N ADP N V V N ADP N N PRO V
又 佛國 にて 砂糖 を 保護 せ し ヿ あり	又 佛國 にて 砂糖 を 保護 す き ヿ あり	CONJ PROPN ADP N ADP N V V N V
○ 宗教 は 外顯 に 關る 事 の 外 は 决して 政府 の 事務 に 非 ず	○ 宗教 は 外顯 に 關る 事 の 外 は 决して 政府 の 事務 なり あり ず	_ N ADP N ADP V N ADP N ADP ADV N ADP N V V NEG;V
輸入 物品 中 に 於 て 其 最 多く 消費 し 且 我 國産 を 妨碍 する 者 一二 品 を 擇び 或は 之 を 禁じ 或は 之 に 重税 を 賦し 以 て 我 國 の 業力 を 振起 せ しむる なり	輸入 物品 中 に 於く て 其 最 多し 消費 す 且 我 國産 を 妨碍 す 者 一二 品 を 擇ぶ 或は 之 を 禁ず 或は 之 に 重税 を 賦す 以つ て 我 國 の 業力 を 振起 す しむ なり	N N PART ADP V CONJ PRO ADV ADJ N V CONJ ADJ N ADP N V N NUM PART ADP V CONJ PRO ADP V CONJ PRO ADP N ADP V V CONJ ADJ N ADP N ADP N V V V
漸次 の 勢 に 依 て 推し て 之 を 全國 に 及ぼす	漸次 の 勢 に 依る て 推す て 之 を 全國 に 及ぼす	ADV ADP N ADP V CONJ V CONJ PRO ADP N ADP V
又 之 を 行ふ に 緊要 なる 自由 を 失ふ 可ら ず	又 之 を 行ふ に 緊要 なり 自由 を 失ふ 可し ず	CONJ PRO ADP V ADP N V N ADP V V NEG;V
其 志 唯 專ら 天下 民生 の 爲 に し て 所謂 天下 の 憂 に 先ち て 憂へ 天下 の 樂 に 後れ て 樂しむ の ヿ たれ ば 其 初頭 は 勿論 初 中 後 と も 多少 喜ぶ べから ざる の 事 厭倦 す べき の 事 等 生ぜ ん は 必定 なり	其 志 唯 專ら 天下 民生 の 爲 なり す て 所謂 天下 の 憂 に 先つ て 憂ふ 天下 の 樂 に 後る て 樂しむ の ヿ たり ば 其 初頭 は 勿論 初 中 後 と も 多少 喜ぶ べし ず の 事 厭倦 す べし の 事 等 生ず む は 必定 なり	PRO N ADV ADV N N ADP N V V CONJ ADJ N ADP N ADP V CONJ V N ADP N ADP V CONJ V ADP N V CONJ PRO N ADP ADV N N N ADP ADP N V V NEG;V ADP N N V V ADP N ADP V V ADP N V
豈 不通 の 習慣 法 なら ず や	豈 不通 の 習慣 法 なり ず や	ADV N ADP N N V NEG;V ADP
譬へば 我 國 にて 巧 と 習 と を 兼備 せ る 者 は 農業 に 如か ず と すれ ば 即ち 金巾 綿 類 に 税 を 置 て 内國 の 綿産 を 保護 し 其 産物 を 饒多 なら しむる が 如し	譬へば 我 國 にて 巧 と 習 と を 兼備 す り 者 は 農業 に 如く ず と す ば 即ち 金巾 綿 類 に 税 を 置く て 内國 の 綿産 を 保護 す 其 産物 を 饒多 なり しむ が 如し	ADV ADJ N ADP N ADP N ADP ADP N V V N ADP N ADP V NEG;V ADP V CONJ CONJ N N PART ADP N ADP V CONJ N ADP N ADP N V PRO N ADP ADJ V V ADP V
豈 可 なら ん や	豈 可 なり む や	ADV N V V ADP
曰く 和字 のみ を 用ひ 和 字書 を 製し 和 文典 を 作る と	曰く 和字 のみ を 用ふ 和 字書 を 製す 和 文典 を 作る と	N N ADP ADP V N N ADP V N N ADP V ADP
梁 也	梁 なり	N V
然る に 而て 我 國 の 如き 之 を 從來 の 經歴 に 徴し 之 を 國民 の 性質 に 質す に 襲蹈 に 長じ 模傚 に 巧 に し て 自ら 機軸 を 出す に 短 なり	然り に 而て 我 國 の 如し 之 を 從來 の 經歴 に 徴す 之 を 國民 の 性質 に 質す に 襲蹈 に 長ず 模傚 に 巧 なり す て 自ら 機軸 を 出す に 短 なり	V CONJ CONJ ADJ N ADP V PRO ADP N ADP N ADP V PRO ADP N ADP N ADP V ADP N ADP V N ADP ADJ V V CONJ N N ADP V ADP N V
在昔 賢明 の 羅馬 國 に 於 て は 議政 官 の 中 より 大 教師 及び 重立 たる 教師 を 撰び たり	在昔 賢明 の 羅馬 國 に 於く て は 議政 官 の 中 より 大 教師 及び 重立つ たり 教師 を 撰ぶ たり	N N ADP PROPN PART ADP V CONJ ADP N PART ADP N ADP N N CONJ V V N ADP V V
余 は 其 説 を 異 に し 、 因襲 政治 、 因襲 道理 混合 政治 、 道理 政治 、 の 三 種 と 爲さ ん と 欲す	余 は 其 説 を 異 に す 、 因襲 政治 、 因襲 道理 混合 政治 、 道理 政治 、 の 三 種 と 爲す む と 欲す	PRO ADP PRO N ADP N ADP V _ N N _ N N N N _ N N _ ADP NUM N ADP V V ADP V
然る に 猶 道理 政治 に 適應 せ ず と 云ふ 者 は 何 ぞ や 、	然り に 猶 道理 政治 に 適應 す ず と 云ふ 者 は 何 ぞ や 、	V CONJ ADV N N ADP N V NEG;V ADP V N ADP PRO ADP ADP _
事 の 擧る 擧ら ざる 我 何 ぞ 與り知 ん	事 の 擧る 擧る ず 我 何 ぞ 與り知る む	N ADP V V NEG;V PRO PRO ADP V V
曰く 施行 の 要 に 三 つ の 難事 あり	曰く 施行 の 要 に 三 つ の 難事 あり	N N ADP N ADP NUM PART ADP N V
保護 家 の 説 に 云 佛國 砂糖 を 保護 し て 其 産 増殖 し て 遂に 外國 輸入 の 砂糖 を 壓倒 する に 至り し と	保護 家 の 説 に 云 佛國 砂糖 を 保護 す て 其 産 増殖 す て 遂に 外國 輸入 の 砂糖 を 壓倒 す に 至る き と	N PART ADP N ADP N PROPN N ADP N V CONJ PRO N N V CONJ ADV N N ADP N ADP N V ADP V V ADP
凡 諸 官員 の 奮發 激勵 せ ず し て 或は 頽焉 自放 或は 諂諛 媢嫉 各 唯 月給 に これ 着眼 する は 萬事 公論 に 决する の 實 を 明 に せ ず 煩 を 厭ひ 習 不 を 侮り 議 を 廣く 属官 に 及ぼし て 施行 の 情 を 知り 苦心 習熟 其 智 を 長ぜ しめ ざる を 以 て す	凡 諸 官員 の 奮發 激勵 す ず す て 或は 頽焉 自放 或は 諂諛 媢嫉 各 唯 月給 に これ 着眼 す は 萬事 公論 に 决す の 實 を 明 なり す ず 煩 を 厭ふ 習ふ 不 を 侮る 議 を 廣し 属官 に 及ぼす て 施行 の 情 を 知る 苦心 習熟 其 智 を 長ず しむ ず を 以つ て す	ADV N N ADP N N V NEG;V V CONJ CONJ N N CONJ N N N ADV N ADP PRO N V ADP N N ADP V ADP N ADP ADJ V V NEG;V N ADP V V V ADP V N ADP ADJ N ADP V CONJ N ADP N ADP V N N PRO N ADP V V NEG;V ADP V CONJ V
第 一 アベセ 字 と 我が 邦音 と 配當 し て 之 を 定む	第 一 アベセ 字 と 我が 邦音 と 配當 す て 之 を 定む	N NUM N N ADP ADJ N ADP N V CONJ PRO ADP V
然 ども 此 弊 に 因 て 斯世 の 民 幸福 を 蒙る ヿ を 得 ず 衰弊 の 極 救藥 す べから ざる に 至る は 亦 獨り 政府 の 罪 たる のみ なら ず 抑 其 國 人民 自己 世道 上 の 罪 にて 苟も 賢智 の 徒 たら ん と する 者 は 先んじ て 之 を 救ふ ヿ なく んば 亦 世道 上 に 於 て 其 罪 なし と 謂ふ べから ず	然り ども 此 弊 に 因る て 斯世 の 民 幸福 を 蒙る ヿ を 得 ず 衰弊 の 極 救藥 す べし ず に 至る は 亦 獨り 政府 の 罪 たり のみ なり ず 抑 其 國 人民 自己 世道 上 の 罪 にて 苟も 賢智 の 徒 たり む と す 者 は 先んず て 之 を 救ふ ヿ なし んば 亦 世道 上 に 於く て 其 罪 なし と 謂ふ べし ず	V CONJ PRO N ADP V CONJ N ADP N N ADP V N ADP V NEG;V N ADP N N V V NEG;V ADP V ADP ADV N N ADP N V ADP V NEG;V N PRO N N N N PART ADP N ADP ADV N ADP N V V ADP V N ADP V CONJ PRO ADP V N V ADP ADV N PART ADP V CONJ PRO N V ADP V V NEG;V
我 唯 多く 給 を 得 て 口 を 糊 すれ ば 足る	我 唯 多し 給 を 得 て 口 を 糊 す ば 足る	PRO ADV ADJ N ADP V CONJ N ADP N V CONJ V
第 一 種 は 人君 獨裁 の 起原 、 第 二 種 は 共和 政治 の 起原 、 第 三 種 は 一族 政治 の 起原 なり 、	第 一 種 は 人君 獨裁 の 起原 、 第 二 種 は 共和 政治 の 起原 、 第 三 種 は 一族 政治 の 起原 なり 、	N NUM N ADP N N ADP N _ N NUM N ADP N N ADP N _ N NUM N ADP N N ADP N V _
且 暴暗主 の 出る 前日 明主 の 法制 一時 に 潰亂 し 盡く	且 暴暗主 の 出づ 前日 明主 の 法制 一時 に 潰亂 す 盡く	CONJ N ADP V N N ADP N N ADP N V V
希臘 の 十 二 邑 の 協同 し て 國 を 治むる が 如き 者 是 なり 、	希臘 の 十 二 邑 の 協同 す て 國 を 治む が 如し 者 是 なり 、	PROPN ADP NUM NUM N ADP N V CONJ N ADP V ADP V N PRO V _
今 牛羊 狐狸 同じく 一 澤 に 就 て 飮ふ 時 は 各 其 腹 に 充て て 已む のみ	今 牛羊 狐狸 同じ 一 澤 に 就く て 飮ふ 時 は 各 其 腹 に 充つ て 已む のみ	N N N ADJ NUM N ADP V CONJ V N ADP N PRO N ADP V CONJ V ADP
其 利 四 なり	其 利 四 なり	PRO N NUM V
是 を 第 一 種 と 爲す 、	是 を 第 一 種 と 爲す 、	PRO ADP N NUM N ADP V _
學校 の 如き 其 一 と 雖も 猶 其 本 あり	學校 の 如し 其 一 と 雖も 猶 其 本 あり	N ADP V PRO NUM ADP CONJ ADV PRO N V
縱令 兵力 今 より 數 層 を 加ふ も 野 を 轉じ て 文 と 爲さ ず 猶 拷問 等 の 惡法 を 墨守 し て 移ら ざる 時 は 歐米 各國 と 車 を 竝べ て 馳騁 せ ん と 欲す と 雖 彼 豈 之 を 首肯 せ ん や	縱令 兵力 今 より 數 層 を 加ふ も 野 を 轉ず て 文 と 爲す ず 猶 拷問 等 の 惡法 を 墨守 す て 移る ず 時 は 歐米 各國 と 車 を 竝ぶ て 馳騁 す む と 欲す と 雖 彼 豈 之 を 首肯 す む や	ADV N N ADP NUM N ADP V ADP N ADP V CONJ N ADP V NEG;V ADV N PART ADP N ADP N V CONJ V NEG;V N ADP N N ADP N ADP V CONJ N V V ADP V ADP CONJ PRO ADV PRO ADP N V V ADP
亦 甚 難から ず や	亦 甚 難し ず や	ADV ADV ADJ NEG;V ADP
葢し 萬國 の 通法 なり	葢し 萬國 の 通法 なり	ADV N ADP N V
盖 因襲 政治 に 安んずる の 民 は 大抵 自主 自立 の 氣 なく 、 抑壓 の 政 に 甘んじ て 卑屈 風 を 爲す 、	盖 因襲 政治 に 安んず の 民 は 大抵 自主 自立 の 氣 なし 、 抑壓 の 政 に 甘んず て 卑屈 風 を 爲す 、	ADV N N ADP V ADP N ADP ADV N N ADP N V _ N ADP N ADP V CONJ N PART ADP V _
我 の 民 自ら 機軸 を 出す 能は ず と 雖ども 善 を 見 て 遷り 長 を 取 て 用ふ	我 の 民 自ら 機軸 を 出す 能ふ ず と 雖ども 善 を 見る て 遷る 長 を 取る て 用ふ	PRO ADP N N N ADP V V NEG;V ADP CONJ N ADP V CONJ V N ADP V CONJ V
盖 人民 の 言語 天性 に 本づく	盖 人民 の 言語 天性 に 本づく	ADV N ADP N N ADP V
而して 羅紗 織物 類 砂糖 鐵 硝子 等 輸入 品 又 我 金銀 の 輸出 其 數 枚擧 する に 遑 あら ず	而して 羅紗 織物 類 砂糖 鐵 硝子 等 輸入 品 又 我 金銀 の 輸出 其 數 枚擧 す に 遑 あり ず	CONJ N N PART N N N PART N PART CONJ ADJ N ADP N PRO N N V ADP N V NEG;V
又 別 に 一種 異樣 なる 長袖 民族 を 置か ざり き	又 別 なり 一種 異樣 なり 長袖 民族 を 置く ず き	CONJ N V N ADJ V N N ADP V NEG;V V
此 暴戻 人 也	此 暴戻 人 なり	PRO N PART V
豈 得 べけ ん や	豈 得 べし む や	ADV V V V ADP
夫 道理 政治 は 政体 中 の 至美 至善 なる 者 なり 、	夫 道理 政治 は 政体 中 の 至美 至善 なり 者 なり 、	CONJ N N ADP N PART ADP N N V N V _
是 に 由 て 世交 に 混入 す と 雖 决して 此 情義 を 放ち 得 可ら ず	是 に 由る て 世交 に 混入 す と 雖 决して 此 情義 を 放つ 得 可し ず	PRO ADP V CONJ N ADP N V ADP CONJ ADV PRO N ADP V V V NEG;V
僧徒 は 萬事 に 付 て 常 に 此 法院 の 怒 に 觸れ ざる 樣 戒心 し 能く 其 歡心 を 得 ん ヿ を 勉む	僧徒 は 萬事 に 付く て 常 に 此 法院 の 怒 に 觸る ず 樣 戒心 す 能く 其 歡心 を 得 む ヿ を 勉む	N ADP N ADP V CONJ N ADP PRO N ADP N ADP V NEG;V V N V ADV PRO N ADP V V N ADP V
歐羅巴 の 諸國 此 政体 を 行ふ 者 多く 、 大抵 人君 獨裁 の 因襲 と 平民 共和 の 道理 と を 混合 する 者 に し て 即ち 君民 同治 、 又 は 制限 ある 君主 政治 と 稱する 者 是 なり 、	歐羅巴 の 諸國 此 政体 を 行ふ 者 多し 、 大抵 人君 獨裁 の 因襲 と 平民 共和 の 道理 と を 混合 す 者 なり す て 即ち 君民 同治 、 又 は 制限 あり 君主 政治 と 稱す 者 是 なり 、	PROPN ADP N PRO N ADP V N ADJ _ ADV N N ADP N ADP N N ADP N ADP ADP N V N V V CONJ CONJ N N _ CONJ ADP N V N N ADP V N PRO V _
曰く 然ら ず	曰く 然り ず	N V NEG;V
証左 に 據る に 非 ず し て 何 に 由 て 裁判 公平 中正 なる を 得 ん や	証左 に 據る なり あり ず す て 何 に 由る て 裁判 公平 中正 なり を 得 む や	N ADP V V V NEG;V V CONJ PRO ADP V CONJ N N N V ADP V V ADP
曰く 漢字 の 數 を 減じ 其 數 を 定む	曰く 漢字 の 數 を 減ず 其 數 を 定む	N N ADP N ADP V PRO N ADP V
或 曰く 拷問 を 廢せ ざれ ば 彼我 同權 の 條約 を 結ぶ べから ず 又 外國 民 の 我 國 に 居る 者 を し て 我 法律 の 下 に 置く べから ざる ヿ は 既に 命 を 聞く	或 曰く 拷問 を 廢す ず ば 彼我 同權 の 條約 を 結ぶ べし ず 又 外國 民 の 我 國 に 居る 者 を す て 我 法律 の 下 に 置く べし ず ヿ は 既に 命 を 聞く	CONJ N N ADP V NEG;V CONJ N N ADP N ADP V V NEG;V CONJ N PART ADP ADJ N ADP V N ADP V CONJ ADJ N ADP N ADP V V NEG;V N ADP ADV N ADP V
左 の 如し	左 の 如し	N ADP V
是 其 常 に 衰兆 を 顯はす 所以 なり	是 其 常 に 衰兆 を 顯はす 所以 なり	PRO PRO N ADP N ADP V N V
各國 昔時 下民 を 抑制 し て 而して 潰亂 す	各國 昔時 下民 を 抑制 す て 而して 潰亂 す	N N N ADP N V CONJ CONJ N V
第 五 綴字 の 法 を 定む	第 五 綴字 の 法 を 定む	N NUM N ADP N ADP V
此 法 果して 立た ば 凡そ 歐洲 の 萬事 悉く 我 の 有 と なる	此 法 果して 立つ ば 凡そ 歐洲 の 萬事 悉く 我 の 有 と なる	PRO N ADV V CONJ ADV PROPN ADP N ADV PRO ADP N ADP V
若 不然 し て 一 なる 者 なれ ば 民選 議院 を 起 ん と する 宜く 先づ 上下 同治 の 政體 を 確立 する より 論ず べし	若 然らず す て 一 なり 者 なり ば 民選 議院 を 起す む と す 宜く 先づ 上下 同治 の 政體 を 確立 す より 論ず べし	ADV V V CONJ NUM V N V CONJ N N ADP V V ADP V ADV ADV N N ADP N ADP N V ADP V V
或は 曰く 彼の 文字 を 用ふる 素より 可 なり	或は 曰く 彼の 文字 を 用ふ 素より 可 なり	CONJ N DET N ADP V ADV N V
幕吏 の 罪 豈 少々 なら ん や	幕吏 の 罪 豈 少々 なり む や	N ADP N ADV N V V ADP
是 彼 に 於 て 絶 て 拷問 を 要せ ざる 所以 なり	是 彼 に 於く て 絶ゆ て 拷問 を 要す ず 所以 なり	PRO PRO ADP V CONJ V CONJ N ADP V NEG;V N V
萬一 其 度 に 至る 此 國 に 生れ 今日 に ある 者 其 義務 の 罪 萬世 贖ふ べから ざる 也	萬一 其 度 に 至る 此 國 に 生る 今日 に あり 者 其 義務 の 罪 萬世 贖ふ べし ず なり	N PRO N ADP V PRO N ADP V N ADP V N PRO N ADP N N V V NEG;V V
第 一 因襲 政治 因襲 政治 は 、 いかなる 政体 を 論ぜ ず 、 すべて 其 建國 の 時 の 政体 を 以 て 善美 なり と し 、 少し も 其 可否 を 考へ ず 、 只管 これ に 因襲 し て 政治 を 爲す 者 なり 、	第 一 因襲 政治 因襲 政治 は 、 いかなる 政体 を 論ず ず 、 すべて 其 建國 の 時 の 政体 を 以つ て 善美 なり と す 、 少し も 其 可否 を 考ふ ず 、 只管 これ に 因襲 す て 政治 を 爲す 者 なり 、	N NUM N N N N ADP _ ADJ N ADP V NEG;V _ N PRO N ADP N ADP N ADP V CONJ N V ADP V _ ADV ADP PRO N ADP V NEG;V _ ADV PRO ADP N V CONJ N ADP V N V _
况んや 歐米 各國 の 通法 に 於 て を や	况んや 歐米 各國 の 通法 に 於く て を や	ADV N N ADP N ADP V CONJ PART ADP
我 に 於 て は 縱令 未だ 其 証左 を 得 ざる も 撿官 視 て 疑し と する 者 は 直に 之 を 捕縛 する ヿ を 得 べし	我 に 於く て は 縱令 未だ 其 証左 を 得 ず も 撿官 視る て 疑し と す 者 は 直に 之 を 捕縛 す ヿ を 得 べし	PRO ADP V CONJ ADP ADV ADV PRO N ADP V NEG;V ADP N V CONJ ADJ ADP V N ADP ADV PRO ADP N V N ADP V V
狐狸 腹肚 小 なり	狐狸 腹肚 小 なり	N N N V
依 て 拙陋 を 省み ず 奇々 怪々 の 一案 を 呈し て 聊か 社中 諸 先生 の 駭愕 に 供せ む と す	依る て 拙陋 を 省みる ず 奇々 怪々 の 一案 を 呈す て 聊か 社中 諸 先生 の 駭愕 に 供す む と す	V CONJ N ADP V NEG;V ADJ ADJ ADP N ADP V CONJ ADV N N N ADP N ADP V V ADP V
我 國 分裂 の 力 を 以 て 敵す べから ず	我 國 分裂 の 力 を 以つ て 敵す べし ず	ADJ N N ADP N ADP V CONJ V V NEG;V
道理 上 より し て 之 を 論ずる とき は 、 平民 共和 より 善き 政体 は なかる べし 、	道理 上 より す て 之 を 論ず とき は 、 平民 共和 より 善し 政体 は なし べし 、	N PART ADP V CONJ PRO ADP V N ADP _ N N ADP V N ADP V V _
國 既に 異 なれ ば 本體 自主 の 權 處置 の 細目 固り 一々 に 似す べから ず	國 既に 異 なり ば 本體 自主 の 權 處置 の 細目 固り 一々 に 似す べし ず	N ADV N V CONJ N N ADP N N ADP N ADV N ADP V V NEG;V
自然 の 度 如此 に し て 猶 曰く 忌諱 を 避く べし	自然 の 度 如此し なり す て 猶 曰く 忌諱 を 避く べし	N ADP N ADJ V V CONJ ADV N N ADP V V
其 利 七 なり	其 利 七 なり	PRO N NUM V
本 立 ざる 時 は 民選 議院 も 亦 枝葉 耳	本 立つ ず 時 は 民選 議院 も 亦 枝葉 耳	N V NEG;V N ADP N N ADP ADV N ADP
若し 世交 國法 其 放ち 難き の 情義 を 守り 又 之 を 自由 に 行ふ 事 を 許さ ざれ ば 亦 之 に 許す に 國 を 去る の 權利 を 以 て せ ざる 可ら ず	若し 世交 國法 其 放つ 難し の 情義 を 守る 又 之 を 自由 なり 行ふ 事 を 許す ず ば 亦 之 に 許す に 國 を 去る の 權利 を 以つ て す ず 可し ず	ADV N N PRO V PART ADP N ADP V CONJ PRO ADP N V V N ADP V NEG;V CONJ ADV PRO ADP V ADP N ADP V ADP N ADP V CONJ V NEG;V V NEG;V
以 て 鑒み 知る べき 也	以つ て 鑒みる 知る べし なり	V CONJ V V V V
官 既に 如此	官 既に 如此し	N ADV ADJ
若 夫 上下 同治 に し て 君統 を 護する 如き は 暗主 出る も 前代 開明 の 勢 少く 沮澁 する 而已 に し て 退く の 事 なし	若 夫 上下 同治 なり す て 君統 を 護す 如し は 暗主 出づ も 前代 開明 の 勢 少く 沮澁 す 而已 なり す て 退く の 事 なし	ADV CONJ N N V V CONJ N ADP V V ADP N V ADP N N ADP N ADV N V ADP V V CONJ V ADP N V
然り 而して 今 我 帝國 に 於 て 歐米 各國 と 彼我 同權 の 條約 を 改定 し 外國 民 の 我 國内 に 居る 者 を し て 我 國法 を 遵守 せ しめ ん と 欲せ ば 先づ 拷問 を 廢す べし	然り 而して 今 我 帝國 に 於く て 歐米 各國 と 彼我 同權 の 條約 を 改定 す 外國 民 の 我 國内 に 居る 者 を す て 我 國法 を 遵守 す しむ む と 欲す ば 先づ 拷問 を 廢す べし	V CONJ N ADJ N ADP V CONJ N N ADP N N ADP N ADP N V N PART ADP ADJ N ADP V N ADP V CONJ ADJ N ADP N V V V ADP V CONJ ADV N ADP V V
然して 今 我 國 の 文武 工藝 を 講ずる 者 皆 西人 の 授くる 所 なり	然して 今 我 國 の 文武 工藝 を 講ず 者 皆 西人 の 授く 所 なり	CONJ N ADJ N ADP N N ADP V N N N ADP V N V
若し 其 君 魯西亞 の 雄材 に 非 ず 、 其 民 英法 の 頴敏 に 非 ず し て 因襲 政治 を 以 て 其 國 を 保全 せ ん と する は 最 難き 事 と 云ふ べし 、	若し 其 君 魯西亞 の 雄材 なり あり ず 、 其 民 英法 の 頴敏 なり あり ず す て 因襲 政治 を 以つ て 其 國 を 保全 す む と す は 最 難し 事 と 云ふ べし 、	ADV PRO N PROPN ADP N V V NEG;V _ PRO N N ADP ADJ V V NEG;V V CONJ N N ADP V CONJ PRO N ADP N V V ADP V ADP ADV ADJ N ADP V V _
之 と 共 に 横行 字 を 用ゆ	之 と 共 に 横行 字 を 用ゆ	PRO ADP N ADP N N ADP V
是 其 利 十 なり	是 其 利 十 なり	PRO PRO N NUM V
曰く 姑く 保護 法 を 用 て 漸次 に 我 業力 を 興す に 如か ず	曰く 姑く 保護 法 を 用る て 漸次 に 我 業力 を 興す に 如く ず	N ADV N PART ADP V CONJ ADV ADP ADJ N ADP V ADP V NEG;V
明治 七 年 十 二 月 十 六 日	明治 七 年 十 二 月 十 六 日	PROPN NUM N NUM NUM N NUM NUM N
西國 より 保護 法 に 精しき 大 學士 自由 交易 に 精しき 大 學士 を 聘し 又 大使 隨中 此 事 に 刻苦 意 を 尽せ し 人 を 拔擢 し 又 内國 農 工 商 の 中 老實 に し て 其 業 に 明か なる 者 數 名 を 撰擇 し 一切 之 に 委任 し 共 に 會同 し て 彼 學士 を し て 我 國内 の 事情 を 熟察 せ しめ 正大 公明 の 議 を 興し 其 利害 得失 を 審か に し 其 可否 を 决し 以 て 我 國 貿易 の 改正 を 普く 海外 に 布く を 可 と す	西國 より 保護 法 に 精し 大 學士 自由 交易 に 精し 大 學士 を 聘す 又 大使 隨中 此 事 に 刻苦 意 を 尽す き 人 を 拔擢 す 又 内國 農 工 商 の 中 老實 なり す て 其 業 に 明か なり 者 數 名 を 撰擇 す 一切 之 に 委任 す 共 に 會同 す て 彼 學士 を す て 我 國内 の 事情 を 熟察 す しむ 正大 公明 の 議 を 興す 其 利害 得失 を 審か なり す 其 可否 を 决す 以つ て 我 國 貿易 の 改正 を 普く 海外 に 布く を 可 と す	N ADP N N ADP ADJ N N N N ADP ADJ N N ADP V CONJ N N PRO N ADP N N ADP V V N ADP N V CONJ N N N N ADP N N V V CONJ PRO N ADP ADJ V N NUM N ADP N V N PRO ADP N V N ADP N V CONJ ADJ N ADP V CONJ ADJ N ADP N ADP N V V ADJ N ADP N ADP V PRO N N ADP ADJ V V PRO N ADP V V CONJ ADJ N N ADP N ADP ADV N ADP V ADP N ADP V
亦 思は ざる の 甚しき なり	亦 思ふ ず の 甚し なり	ADV V NEG;V ADP ADJ V
今日 之 を 諸兄 の 評 に 附し て 此 重件 を 論定 する の 一具 に 供せ ん と 欲す	今日 之 を 諸兄 の 評 に 附す て 此 重件 を 論定 す の 一具 に 供す む と 欲す	N PRO ADP N ADP N ADP V CONJ PRO N ADP N V ADP N ADP V V ADP V
其 不便 焉 より 大 なる は なし	其 不便 焉 より 大 なり は なし	PRO N PRO ADP N V ADP V
是 僕 の 所謂 怪む べく 愕く べき の 事 に し て 俄か に 之 を 見れ ば 輕率 時 に 趨り 天下 を 率ゐ て 洋 に 道 する 者 に 似 たり	是 僕 の 所謂 怪む べし 愕く べし の 事 なり す て 俄か なり 之 を 見る ば 輕率 時 に 趨る 天下 を 率ゐる て 洋 に 道 す 者 に 似る たり	PRO PRO ADP ADJ V V V V ADP N V V CONJ ADJ V PRO ADP V CONJ N N ADP V N ADP V CONJ N ADP N V N ADP V V
然る に 治刑 の 法 に 至 て 專 証左 に 據ら ず 縱令 証左 の 明確 なる あり と 雖 罪人 の 口供 に 據る に 非れ ば 絶 て 其 罪 を 定む べから ず	然り に 治刑 の 法 に 至る て 專 証左 に 據る ず 縱令 証左 の 明確 なり あり と 雖 罪人 の 口供 に 據る なり 非ず ば 絶ゆ て 其 罪 を 定む べし ず	V CONJ N ADP N ADP V CONJ ADV N ADP V NEG;V ADV N ADP ADJ V V ADP CONJ N ADP N ADP V V V CONJ V CONJ PRO N ADP V V NEG;V
其 頼む 所 を 問へ ば 唯 天禀 の 強壯 のみ 、	其 頼む 所 を 問ふ ば 唯 天禀 の 強壯 のみ 、	PRO V N ADP V CONJ ADV N ADP N ADP _
政府 も 亦 之 を 實際 に 施せ り と 聞く	政府 も 亦 之 を 實際 に 施す り と 聞く	N ADP ADV PRO ADP N ADP V V ADP V
而て 大藏 陸軍 等 既に ブウクキーピンク の 法 を 施行 す	而て 大藏 陸軍 等 既に ブウクキーピンク の 法 を 施行 す	CONJ N N PART ADV N ADP N ADP N V
○ 宗教 の 事 に 就 て 人民 自由 の 權 を 有する は 唯 に 其 不好 の 宗教 を 崇奉 せ ず 又 官 の 強令 を 奉ぜ ざる に 止る	○ 宗教 の 事 に 就く て 人民 自由 の 權 を 有す は 唯 に 其 不好 の 宗教 を 崇奉 す ず 又 官 の 強令 を 奉ず ず に 止る	_ N ADP N ADP V CONJ N N ADP N ADP V ADP ADV ADP PRO N ADP N ADP N V NEG;V CONJ N ADP N ADP V NEG;V ADP V
亦 危から ず や	亦 危し ず や	CONJ ADJ NEG;V ADP
本邦 支那 數 治亂 を 經 て 開明 をそし	本邦 支那 數 治亂 を 經 て 開明 をそし	N PROPN ADV N ADP V CONJ N ADJ
曰く 前條 既に 論ずる が 如く 人 に 巧拙 習 不習 の 異 なる あり	曰く 前條 既に 論ず が 如し 人 に 巧拙 習 不習 の 異 なり あり	N N ADV V ADP V N ADP N N N ADP N V V
是 害 を 轉じ て 利 と なす なり	是 害 を 轉ず て 利 と なす なり	PRO N ADP V CONJ N ADP V V
又 靜か に 之 を 見れ ば 迂濶 時 を 知ら ず 人情 に 近から ざる に 似 たり	又 靜か なり 之 を 見る ば 迂濶 時 を 知る ず 人情 に 近し ず に 似る たり	CONJ ADJ V PRO ADP V CONJ N N ADP V NEG;V N ADP ADJ NEG;V ADP V V
下民 の 衆 且 廣き 更に 其 甚き 知 可 也	下民 の 衆 且 廣し 更に 其 甚し 知る 可し なり	N ADP N CONJ ADJ ADV PRO ADJ V V V
議 成 て 行ひ 難き は 行ひ 難き の 任 に ある 者 必 熟議 論定 以 て 上下 同治 の 目的 を 正す	議 成る て 行ふ 難し は 行ふ 難し の 任 に あり 者 必 熟議 論定 以つ て 上下 同治 の 目的 を 正す	N V CONJ V PART ADP V PART ADP N ADP V N ADV N N V CONJ N N ADP N ADP V
沿襲 の 久しき 其 眞 を 失す	沿襲 の 久し 其 眞 を 失す	N ADP ADJ PRO N ADP V
津田 君 は 宇内 最良 の 一 宗 を 擇び 移し て 之 を 我 邦 の 公教 と 爲す を 上策 と し 西 君 は 教政 各別 の 理 に 據り 宗教 政府 兩斷 し 永く 宗教 自由 の 權理 を 定る を 以 て 良謨 と す	津田 君 は 宇内 最良 の 一 宗 を 擇ぶ 移す て 之 を 我 邦 の 公教 と 爲す を 上策 と す 西 君 は 教政 各別 の 理 に 據る 宗教 政府 兩斷 す 永し 宗教 自由 の 權理 を 定む を 以つ て 良謨 と す	PROPN PART ADP N N ADP NUM PART ADP V V CONJ PRO ADP ADJ N ADP N ADP V ADP N ADP V PROPN PART ADP N ADJ ADP N ADP V N N N V ADJ N N ADP N ADP V ADP V CONJ N ADP V
夫れ 罪人 は 概する に 惡人 なり	夫れ 罪人 は 概す に 惡人 なり	CONJ N ADP V ADP N V
今 それ 和語 を 立て 之 を 用ふ	今 それ 和語 を 立つ 之 を 用ふ	N CONJ N ADP V PRO ADP V
第 五 各人 通義	第 五 各人 通義	N NUM N N
彼の 公道 に 背き 人權 を 束縛 する 等 の 語 は 我輩 常 に 恐るる ヿ 猶 阿片 烟 の 如し	彼の 公道 に 背く 人權 を 束縛 す 等 の 語 は 我輩 常 に 恐る ヿ 猶 阿片 烟 の 如し	DET N ADP V N ADP N V ADP ADP N ADP PRO N ADP V N ADV N N ADP V
疑 て 正 不 時 は 何 の 日 か 此 心 を 安 ん	疑ふ て 正す 不 時 は 何 の 日 か 此 心 を 安ず む	V CONJ V V N ADP PRO ADP N ADP PRO N ADP V V
第 三 道理 政治 此 政体 を 立る の 國 は 、 其 建國 最も 後世 に し て 民 の 智識 已に 開け し 時 に 在り 、	第 三 道理 政治 此 政体 を 立つ の 國 は 、 其 建國 最も 後世 なり す て 民 の 智識 已に 開く き 時 に 在り 、	N NUM N N PRO N ADP V ADP N ADP _ PRO N ADV N V V CONJ N ADP N ADV V V N ADP V _
其 君主 は 唯 に 半 君主 を 以 て 目す べき なり	其 君主 は 唯 に 半 君主 を 以つ て 目す べし なり	PRO N ADP ADV ADP N N ADP V CONJ V V V
今 「 タリーフ 」 を 引 て 之 を 證せ ん	今 「 タリーフ 」 を 引く て 之 を 證す む	N _ N _ ADP V CONJ PRO ADP V V
今 我 國産 の 衰微 を 救ひ 之 を 盛 なら しめ む を 謀り 七百 三十 万 圓 の 輸入 品 を 止め て 之 を 國内 に 運用 せ ば 其 功効 の 及ぶ 所 豈に 綿産 の 一物 に 限ら ん や	今 我 國産 の 衰微 を 救ふ 之 を 盛 なり しむ む を 謀る 七百 三十 万 圓 の 輸入 品 を 止む て 之 を 國内 に 運用 す ば 其 功効 の 及ぶ 所 豈に 綿産 の 一物 に 限る む や	N ADJ N ADP N ADP V PRO ADP ADJ V V V ADP V NUM NUM NUM N ADP N PART ADP V CONJ PRO ADP N ADP N V CONJ PRO N ADP V N ADV N ADP N ADP V V ADP
然 ども 英 は 英 也	然り ども 英 は 英 なり	V CONJ N ADP N V
本邦 絶美 の 國 と 雖も 海中 の 一 島 耳	本邦 絶美 の 國 と 雖も 海中 の 一 島 耳	N N ADP N ADP CONJ N ADP NUM PART ADP
是 後條 に 至り 請ふ	是 後條 に 至る 請ふ	PRO N ADP V V
西村 茂樹	西村 茂樹	PROPN PROPN
第 一 に 彼 等 を し て 他 の 人民 と 齊く 其 業 も 亦 他 の 業 に 於 る が 如く 悉く 政府 の 權下 に 属せ しめ 而して 之 に 對し て 其 行状 の 責 を 負は しむ べし	第 一 に 彼 等 を す て 他 の 人民 と 齊し 其 業 も 亦 他 の 業 に 於く り が 如し 悉く 政府 の 權下 に 属す しむ 而して 之 に 對す て 其 行状 の 責 を 負ふ しむ べし	N NUM ADP PRO PART ADP V CONJ N ADP N ADP ADJ PRO N ADP ADV N ADP N ADP V V ADP V ADV N ADP N ADP V V CONJ PRO ADP V CONJ PRO N ADP N ADP V V V
曰く 木綿 保護 の 事 條理 ある が 如し と 雖も 木綿 を 保護 すれ ば 其 製造 人 獨り 利益 を 得 て 砂糖 を 作り 鐵 を 製する 人 は 保護 を 受くる を 得 ず	曰く 木綿 保護 の 事 條理 あり が 如し と 雖も 木綿 を 保護 す ば 其 製造 人 獨り 利益 を 得 て 砂糖 を 作る 鐵 を 製す 人 は 保護 を 受く を 得 ず	N N N ADP N N V ADP V ADP CONJ N ADP N V CONJ PRO N PART N N ADP V CONJ N ADP V N ADP V N ADP N ADP V ADP V NEG;V
曰く 然ら ば 果して 害 ある なき を 得 ん や	曰く 然り ば 果して 害 あり なし を 得 む や	N V CONJ ADV N V V ADP V V ADP
拷問 を 廢せ ん と 欲せ ば 先づ 治刑 の 法 を 改定 す べし	拷問 を 廢す む と 欲す ば 先づ 治刑 の 法 を 改定 す べし	N ADP V V ADP V CONJ ADV N ADP N ADP N V V
皆 我 國 の 農産 に 係る	皆 我 國 の 農産 に 係る	N ADJ N ADP N ADP V
然ら ば 則 支那 國 の 宣教 師 を 驅逐 する も 還た 異む に 足ら ざる なり	然り ば 則 支那 國 の 宣教 師 を 驅逐 す も 還た 異む に 足る ず なり	V CONJ CONJ PROPN PART ADP N PART ADP N V ADP ADV V ADP V NEG;V V
明六 社 雜誌 第 一 號	明六 社 雜誌 第 一 號	PROPN N N N NUM N
縱令 罪人 なり と 雖 一旦 悔悟 自首 すれ ば 其 罪 を 減免 す	縱令 罪人 なり と 雖 一旦 悔悟 自首 す ば 其 罪 を 減免 す	ADV N V ADP CONJ ADV N N V CONJ PRO N ADP N V
曰く 洋字 を 以 て 和語 を 書し 呼法 を 立 て 以 て 之 を 讀む	曰く 洋字 を 以つ て 和語 を 書す 呼法 を 立つ て 以つ て 之 を 讀む	N N ADP V CONJ N ADP V N ADP V CONJ V CONJ PRO ADP V
此 は 婦人 女子 御 幣 かづき の 敬 に し て 却て 之 を 欺く なり	此 は 婦人 女子 御 幣 かづき の 敬 なり す て 却て 之 を 欺く なり	PRO ADP N N N N N ADP N V V CONJ ADV PRO ADP V V
然れ ども 魯西亞 は 幸 に し て 雄材 の 主 世出 し て 其 威名 を 墜さ ず 、	然り ども 魯西亞 は 幸 なり す て 雄材 の 主 世出 す て 其 威名 を 墜す ず 、	V CONJ PROPN ADP N V V CONJ N ADP N N V CONJ PRO N ADP V NEG;V _
然る 時 は 三 萬 人 と 見 て 九 萬 圓 の 積 ある べし	然り 時 は 三 萬 人 と 見る て 九 萬 圓 の 積 あり べし	V N ADP NUM NUM PART ADP V CONJ NUM NUM N ADP N V V
抑 我 帝國 の 歐米 各國 と 拮抗 す べき は 專ら 人民 の 文化 と 政府 の 兵力 に 關する ヿ に て 拷問 の 有亡 に 係はる ヿ なし	抑 我 帝國 の 歐米 各國 と 拮抗 す べし は 專ら 人民 の 文化 と 政府 の 兵力 に 關す ヿ なり て 拷問 の 有亡 に 係はる ヿ なし	N ADJ N ADP N N ADP N V V ADP ADV N ADP N ADP N ADP N ADP V N V CONJ N ADP N ADP V N V
其 利害 得失 果して 如何	其 利害 得失 果して 如何	PRO N N ADV N
其 善政 美擧 も 屈指 に 暇 あら ざる なり	其 善政 美擧 も 屈指 に 暇 あり ず なり	PRO N N ADP N ADP N V NEG;V V
苟も 目的 明 に 定る 其 處置 良制 自ら 衆論 の 中 に 生ず	苟も 目的 明 なり 定る 其 處置 良制 自ら 衆論 の 中 に 生ず	ADV N ADJ V V PRO N N ADV N ADP N ADP V
隨 て 求むれ ば 又 隨 て 多く 遂に 究極 す べから ざる に 至る	隨ふ て 求む ば 又 隨ふ て 多し 遂に 究極 す べし ず に 至る	V CONJ V CONJ ADV V CONJ ADJ ADV N V V NEG;V ADP V
而して 其 事 既に 維新 の 初 に 立つ	而して 其 事 既に 維新 の 初 に 立つ	CONJ PRO N ADV N ADP N ADP V
曰く 輸入 の 金巾 は 價 卑し	曰く 輸入 の 金巾 は 價 卑し	N N ADP N ADP N ADJ
是 に 於 て 始めて 我 業力 の 足ら ざる を 知り 乃ち 西國 學術 技藝 の 道 を 講習 す	是 に 於く て 始めて 我 業力 の 足る ず を 知る 乃ち 西國 學術 技藝 の 道 を 講習 す	PRO ADP V CONJ ADV ADJ N ADP V NEG;V ADP V CONJ N N N ADP N ADP N V
曰く 其 利害 は 既に 判然 たり	曰く 其 利害 は 既に 判然 たり	N PRO N ADP ADV ADJ V
僕 謂ふ に 然ら ず	僕 謂ふ に 然り ず	PRO V ADP V NEG;V
人 の 長 を 取 て 我が 長 と なす 亦 何 の 憚る か 之 有 ん や	人 の 長 を 取る て 我が 長 と なす 亦 何 の 憚る か 之 有り む や	N ADP N ADP V CONJ ADJ N ADP V CONJ PRO ADP V ADP PRO V V ADP
事 漸く 緒 に 就く 時 は 字書 文典 其 他 其 諸 文書 を 印刷 する の 費 なり	事 漸く 緒 に 就く 時 は 字書 文典 其 他 其 諸 文書 を 印刷 す の 費 なり	N ADV N ADP V N ADP N N PRO N PRO N N ADP N V ADP N V
上古 の 時 、 全 部落 の 民 唯 一 家族 より 成る 者 あり 、	上古 の 時 、 全 部落 の 民 唯 一 家族 より 成る 者 あり 、	N ADP N _ N N ADP N ADV NUM N ADP V N V _
如此き 耳	如此し 耳	ADJ ADP
天体 の 渺茫 を 察する も 一 林檎 の 地 に 落つる に 在り	天体 の 渺茫 を 察す も 一 林檎 の 地 に 落つ に 在り	N ADP ADJ ADP V ADP NUM N ADP N ADP V ADP V
曰く コロンウェル コルベルト 二 氏 は 今 を 去る 二百 餘 年 前 の 人 なり	曰く コロンウェル コルベルト 二 氏 は 今 を 去る 二百 餘 年 前 の 人 なり	N PROPN PROPN NUM PART ADP N ADP V NUM PART N N ADP N V
利 のみ に し て 害 なき もの は 天下 未だ 之れ あら ざる なり	利 のみ なり す て 害 なし もの は 天下 未だ 之れ あり ず なり	N ADP V V CONJ N V N ADP N ADV PRO V NEG;V V
是 を 第 二 種 と 爲す 、	是 を 第 二 種 と 爲す 、	PRO ADP N NUM N ADP V _
○ 各人 自己 の 所好 に 任せ て 宗教 を 撰 は 實 に 緊要 且 自然 に 得る 處 の 自由 に し て 他人 の 命令 の 及ぶ 所 に 非 ず	○ 各人 自己 の 所好 に 任す て 宗教 を 撰ぶ は 實 に 緊要 且 自然 なり 得 處 の 自由 なり す て 他人 の 命令 の 及ぶ 所 なり あり ず	_ N N ADP N ADP V CONJ N ADP V ADP N ADP N CONJ ADJ V V N ADP N V V CONJ N ADP N ADP V N V V NEG;V
彼此 の 刑律 相 同じから ず と 雖 亦 大同 小異 に し て 氷炭 懸隔 する 者 に あら ず	彼此 の 刑律 相 同じ ず と 雖 亦 大同 小異 なり す て 氷炭 懸隔 す 者 なり あり ず	N ADP N N ADJ NEG;V ADP CONJ ADV N N V V CONJ N N V N V V NEG;V
商事 亦 習ふ と 謂ふ べし	商事 亦 習ふ と 謂ふ べし	N ADV V ADP V V
亦 難い 哉	亦 難し 哉	ADV ADJ PART
此 は 則 君子 の 常 也	此 は 則 君子 の 常 なり	PRO ADP CONJ N ADP N V
歐米 諸國 固より 此 の 如き の 民 多かる べし ．	歐米 諸國 固より 此 の 如し の 民 多し べし ．	N N ADV ADV ADP V ADP N ADJ V _
亦 何 ぞ 他 に 顧る あら ん	亦 何 ぞ 他 に 顧る あり む	CONJ PRO ADP N ADP V V V
而して 人 其 私説 を 發する とも 他人 を 誘動 し 黨類 を 立る 故 に 非れ ば 之 を 罰する ヿ 能は ず	而して 人 其 私説 を 發す とも 他人 を 誘動 す 黨類 を 立つ 故 なり 非ず ば 之 を 罰す ヿ 能ふ ず	CONJ N PRO N ADP V CONJ N ADP N V N ADP V N V V CONJ PRO ADP V N V NEG;V
惡人 の 惡 を 掩ひ 刑典 を 遁れ ん と 欲す	惡人 の 惡 を 掩ふ 刑典 を 遁る む と 欲す	N ADP N ADP V N ADP V V ADP V
是 司法 官吏 万一 の 過誤 を 豫防 する 所以 に し て 縱令 証左 誤まる ヿ ある も 覆審 に 因 て 明白 に する ヿ を 得 べし	是 司法 官吏 万一 の 過誤 を 豫防 す 所以 なり す て 縱令 証左 誤まる ヿ あり も 覆審 に 因る て 明白 なり す ヿ を 得 べし	PRO N N N ADP N ADP N V N V V CONJ ADV N V N V ADP N ADP V CONJ ADJ V V N ADP V V
畢竟 自國 の 人情 事實 を 審明 に せ ざれ ば 名法 數 を 尽す も 亦 只 其 害 を 招く のみ	畢竟 自國 の 人情 事實 を 審明 なり す ず ば 名法 數 を 尽す も 亦 只 其 害 を 招く のみ	ADV N ADP N N ADP N V V NEG;V CONJ N N ADP V ADP ADV ADV PRO N ADP V ADP
彼 亦 業 を 轉ずる の 暇 あり	彼 亦 業 を 轉ず の 暇 あり	PRO ADV N ADP V ADP N V
第 十 洋語 を 用ふる 法 を 定む	第 十 洋語 を 用ふ 法 を 定む	N NUM N ADP V N ADP V
然れ ども 是 之 を 令する に あら ず	然り ども 是 之 を 令す なり あり ず	V CONJ PRO PRO ADP V V V NEG;V
宜く 男子 の 大敬 を 行ふ べし	宜く 男子 の 大敬 を 行ふ べし	ADV N ADP N ADP V V
今 試 に 其 一二 を 擧げ む	今 試 に 其 一二 を 擧ぐ む	N N ADP PRO NUM ADP V V
第 三 は 印刷 の 資	第 三 は 印刷 の 資	N NUM ADP N ADP N
其 便 知る べし	其 便 知る べし	PRO N V V
然る に 而て 徒 に 此 言 を 主張 せ ば 誰 か 亦 然ら ず と 言は ん	然り に 而て 徒 なり 此 言 を 主張 す ば 誰 か 亦 然り ず と 言ふ む	V CONJ CONJ ADJ V PRO N ADP N V CONJ PRO ADP ADV V NEG;V ADP V V
其 民 國 を 愛する の 心 深く し て 、 能く 己が 職分 を 尽し 、 妬忌 の 念 なく 驕傲 の 心 なく 、 忠厚 を 以 て 相 助け 、 公道 を 以 て 相 交る 、	其 民 國 を 愛す の 心 深し す て 、 能く 己が 職分 を 尽す 、 妬忌 の 念 なし 驕傲 の 心 なし 、 忠厚 を 以つ て 相 助く 、 公道 を 以つ て 相 交る 、	PRO N N ADP V ADP N ADJ V CONJ _ ADV ADJ N ADP V _ N ADP N V N ADP N V _ N ADP V CONJ N V _ N ADP V CONJ N V _
近日 ヘボン の 字書 又 佛人 ロニ の 日本 語 會 あり	近日 ヘボン の 字書 又 佛人 ロニ の 日本 語 會 あり	N PROPN ADP N CONJ N PROPN ADP PROPN N N V
○ 其 智力 堅強 なら ず 其 志向 制御 し 易き 人民 を 以 て 成立 する 處 の 國 に 於 て 苟も 妄想 空思 行は れ 愈 信じ て 其 迷 を 深 する に 至ら ば 其 結果 又 それ 如何 ぞ や	○ 其 智力 堅強 なり ず 其 志向 制御 す 易し 人民 を 以つ て 成立 す 處 の 國 に 於く て 苟も 妄想 空思 行ふ る 愈 信ず て 其 迷 を 深し す に 至る ば 其 結果 又 それ 如何 ぞ や	_ PRO N ADJ V NEG;V PRO N N V PART N ADP V CONJ N V N ADP N ADP V CONJ ADV N N V V ADV V CONJ PRO N ADP ADJ V ADP V CONJ PRO N CONJ CONJ N ADP ADP
私 の 甚しき 者 に し て 其 害 も 亦 少なから ざる べし	私 の 甚し 者 なり す て 其 害 も 亦 少なし ず べし	N ADP ADJ N V V CONJ PRO N ADP ADV ADJ NEG;V V
本 と は 何 ぞ	本 と は 何 ぞ	N ADP ADP PRO ADP
遂に 變じ て 候文 と なり 和語 に 於 て も 奉る 致す 爲め 如し 等 を 上 に 置く	遂に 變ず て 候文 と なる 和語 に 於く て も 奉る 致す 爲め 如し 等 を 上 に 置く	ADV V CONJ N ADP V N ADP V CONJ ADP V V N V PART ADP N ADP V
其 他 異論 あり と 雖 是 近日 の 翹楚 なり	其 他 異論 あり と 雖 是 近日 の 翹楚 なり	PRO N N V ADP CONJ PRO N ADP N V
一 に する 所 唯 上下 同治 而已	一 に す 所 唯 上下 同治 而已	NUM ADP V N ADV N N ADP
僕 が 見る 所 擧世 の 通患 に て 是 歸する 所 賢智 の 寡く 愚 不肖 の 衆く し て 其 勢 衆寡 敵せ ざる なり	僕 が 見る 所 擧世 の 通患 なり て 是 歸す 所 賢智 の 寡し 愚 不肖 の 衆し す て 其 勢 衆寡 敵す ず なり	PRO ADP V N N ADP N V CONJ PRO V N N ADP ADJ N N ADP ADJ V CONJ PRO N N V NEG;V V
之 と 共 に 横行 す	之 と 共 に 横行 す	PRO ADP N ADP N V
而て 之 を 性理 上 に 論ずれ ば 彼の 人種 物 を 觀る 一層 細密 而て 其 細小 部分 を 積ん で 今日 の 大 を 致せ り	而て 之 を 性理 上 に 論ず ば 彼の 人種 物 を 觀る 一層 細密 而て 其 細小 部分 を 積む で 今日 の 大 を 致す り	CONJ PRO ADP N PART ADP V CONJ DET N N ADP V ADV ADJ CONJ PRO N N ADP V CONJ N ADP N ADP V V
洋字 を 以 て 國語 を 書する の 論	洋字 を 以つ て 國語 を 書す の 論	N ADP V CONJ N ADP V ADP N
然れ ば 則 君長 此 權利 を 有する の 事理 判然 なり	然り ば 則 君長 此 權利 を 有す の 事理 判然 なり	V CONJ CONJ N PRO N ADP V ADP N ADJ V
然れ ども 其 建國 の 時 の 情状 に 依り て 新國 と 雖ども 或は 因襲 政治 を 混合 せ ざる 能は ざる ヿ あり 、	然り ども 其 建國 の 時 の 情状 に 依る て 新國 と 雖ども 或は 因襲 政治 を 混合 す ず 能ふ ず ヿ あり 、	V CONJ PRO N ADP N ADP N ADP V CONJ N ADP CONJ CONJ N N ADP N V NEG;V V NEG;V N V _
敢て 一 人 一己 の 權 を 以 て 之 を 爲す 事 を 得 可ら ず	敢て 一 人 一己 の 權 を 以つ て 之 を 爲す 事 を 得 可し ず	ADV NUM PART N ADP N ADP V CONJ PRO ADP V N ADP V V NEG;V
我 日本 帝國 外國 と の 條約 改正 の 期 既に 逼る に 因 て 我 國權 を 維持 せ ん ヿ を 欲し 西 津田 兩君 外國 人 内地 旅行 の 議 あり	我 日本 帝國 外國 と の 條約 改正 の 期 既に 逼る に 因る て 我 國權 を 維持 す む ヿ を 欲す 西 津田 兩君 外國 人 内地 旅行 の 議 あり	ADJ PROPN N N ADP ADP N N ADP N ADV V ADP V CONJ ADJ N ADP N V V N ADP V PROPN PROPN N N PART N N ADP N V
又 彼 に 於 て は 概する に 所謂 誓士 （ ヂューリー ） あり	又 彼 に 於く て は 概す に 所謂 誓士 （ ヂューリー ） あり	CONJ PRO ADP V CONJ ADP V ADP ADJ N _ N _ V
且 行ふ に 漸 を 以 て す	且 行ふ に 漸 を 以つ て す	CONJ V ADP N ADP V CONJ V
漢學 の 如き 我 國 に 在 て 猶 洋 の 拉丁 の 如し	漢學 の 如し 我 國 に 在り て 猶 洋 の 拉丁 の 如し	N ADP V ADJ N ADP V CONJ ADV N ADP N ADP V
吾輩 日常 二三 朋友 の 盍簪 に 於 て 偶 當時 治亂 盛衰 の 故 政治 得失 の 跡 など 凡て 世故 に 就 て 談論 爰 に 及ぶ 時 は 動 も すれ ば かの 歐洲 諸國 と 比較 する ヿ の 多かる 中 に 終に は 彼の 文明 を 羨み 我が 不 開化 を 歎じ 果て果て は 人民 の 愚 如何 と も する なし と 云ふ ヿ に 歸し て 亦 欷歔 長 大息 に 堪 ざる 者 あり	吾輩 日常 二三 朋友 の 盍簪 に 於く て 偶 當時 治亂 盛衰 の 故 政治 得失 の 跡 など 凡て 世故 に 就く て 談論 爰 に 及ぶ 時 は 動 も す ば かの 歐洲 諸國 と 比較 す ヿ の 多し 中 に 終に は 彼の 文明 を 羨む 我が 不 開化 を 歎ず 果て果て は 人民 の 愚 如何 と も す なし と 云ふ ヿ に 歸す て 亦 欷歔 長 大息 に 堪ふ ず 者 あり	PRO N NUM N ADP N ADP V CONJ ADV N N N ADP N N N ADP N ADP N N ADP V CONJ N PRO ADP V N ADP ADV ADP V CONJ ADJ PROPN N ADP N V N ADP ADJ N ADP ADV ADP DET N ADP V ADJ N;NEG N ADP V N ADP N ADP N N ADP ADP V V ADP V N ADP V CONJ ADV N N N ADP V NEG;V N V
而して 誓士 刑律 に 拘はる ヿ なく 平心 公正 に 判定 し て 其 人 罰す べし と 謂は ざれ ば 法官 刑律 を 按じ て 之 を 罰す べから ず	而して 誓士 刑律 に 拘はる ヿ なし 平心 公正 なり 判定 す て 其 人 罰す べし と 謂ふ ず ば 法官 刑律 を 按ず て 之 を 罰す べし ず	CONJ N N ADP V N V N N V N V CONJ PRO N V V ADP V NEG;V CONJ N N ADP V CONJ PRO ADP V V NEG;V
混合 政治 を 行ふ て 其 國 の 富盛 なる は 其 民 の 智識 大に 開け て 此 政体 に 適應 し たる なり 、	混合 政治 を 行ふ て 其 國 の 富盛 なり は 其 民 の 智識 大に 開く て 此 政体 に 適應 す たり なり 、	N N ADP V CONJ PRO N ADP N V ADP PRO N ADP N ADV V CONJ PRO N ADP N V V V _
然 ども 時 異 なり	然り ども 時 異 なり	V CONJ N N V
○ 貿易 改正 論	○ 貿易 改正 論	_ N N N
必 變ず べから ず	必 變ず べし ず	ADV V V NEG;V
之 を 永久 に 期すれ ば 雜居 必ず 行 れ ざる を 得 ず	之 を 永久 に 期す ば 雜居 必ず 行ふ る ず を 得 ず	PRO ADP N ADP V CONJ N ADV V V NEG;V ADP V NEG;V
此 費 を 充る の 方法 は 社中 决議 施行 の 上 は 當今 の 人數 を 以 て 社 の 本員 と 定め 凡て 入社 する 者 は 入社 毎 に 三 圓 宛 を 醵金 せ しめ 此 金 を 積ん で 後日 の 資 に 供せ ば 十 人 にて 三十 圓 百 人 にて 三百 圓 逐次 千 人 に 至ら ば 三千 圓 にて 稍 入費 を 庇ふ べき か	此 費 を 充つ の 方法 は 社中 决議 施行 の 上 は 當今 の 人數 を 以つ て 社 の 本員 と 定む 凡て 入社 す 者 は 入社 毎 に 三 圓 宛 を 醵金 す しむ 此 金 を 積む で 後日 の 資 に 供す ば 十 人 にて 三十 圓 百 人 にて 三百 圓 逐次 千 人 に 至る ば 三千 圓 にて 稍 入費 を 庇ふ べし か	PRO N ADP V ADP N ADP N N N ADP N ADP N ADP N ADP V CONJ N ADP N ADP V N N V N ADP N PART ADP NUM N ADP ADP N V V PRO N ADP V CONJ N ADP N ADP V CONJ NUM PART ADP NUM N NUM PART ADP NUM N N NUM PART ADP V CONJ NUM N ADP ADV N ADP V V ADP
明治 八 年 一 月 十 六 日	明治 八 年 一 月 十 六 日	PROPN NUM N NUM N NUM NUM N
電機 四洲 に 縱横 する も 紙鳶 一 張 の 微 に 過ぎ ざる が 如し	電機 四洲 に 縱横 す も 紙鳶 一 張 の 微 に 過ぐ ず が 如し	N N ADP N V ADP N NUM PART ADP N ADP V NEG;V ADP V
彼此 の 權利 同一 に し て 優劣 ある ヿ なし	彼此 の 權利 同一 なり す て 優劣 あり ヿ なし	N ADP N ADJ V V CONJ N V N V
而て 又 之 を 憤發 興立 せ ん は 彼 疆埸 第 一 槍 の 難 と 殿陛 數百 言 の 苦 と に 降ら ざる べし	而て 又 之 を 憤發 興立 す む は 彼 疆埸 第 一 槍 の 難 と 殿陛 數百 言 の 苦 と に 降る ず べし	CONJ CONJ PRO ADP N N V V ADP ADJ N N NUM PART ADP N ADP N NUM N ADP N ADP ADP V NEG;V V
然れ ども 拷問 を 廢せ ず んば 遂に 歐米 各國 と 車 を 竝べ て 馳騁 す べから ず と 謂へ る は 解す べから ず	然り ども 拷問 を 廢す ず んば 遂に 歐米 各國 と 車 を 竝ぶ て 馳騁 す べし ず と 謂ふ り は 解す べし ず	V CONJ N ADP V NEG;V ADP ADV N N ADP N ADP V CONJ N V V NEG;V ADP V V ADP V V NEG;V
○ 宗教	○ 宗教	_ N
然ら ば 今日 政體 目的 何如 か 定 ん	然り ば 今日 政體 目的 何如 か 定む む	V CONJ N N N ADV ADP V V
而て 我 の 紙 眞 に 多く 我 の 障子 ガラス と なら ば 以 て 世界 の 用 に 供す べし	而て 我 の 紙 眞 に 多し 我 の 障子 ガラス と なる ば 以つ て 世界 の 用 に 供す べし	CONJ PRO ADP N N ADP ADJ PRO ADP N N ADP V CONJ V CONJ N ADP N ADP V V
因襲 の 固陋 を 以 て 民 の 智識 を 束縛 す べから ず 、	因襲 の 固陋 を 以つ て 民 の 智識 を 束縛 す べし ず 、	N ADP N ADP V CONJ N ADP N ADP N V V NEG;V _
第 七 屈曲 の 法 を 定む	第 七 屈曲 の 法 を 定む	N NUM N ADP N ADP V
其 大亂 し て 善治 を 開く 後世 より 之 を 觀れ ば 甚だ 妙 なり	其 大亂 す て 善治 を 開く 後世 より 之 を 觀る ば 甚だ 妙 なり	PRO N V CONJ N ADP V N ADP PRO ADP V CONJ ADV N V
尤 世間 へ 出す 著述 書 飜譯 書 等 は 此 例 に あら ず	尤 世間 へ 出す 著述 書 飜譯 書 等 は 此 例 なり あり ず	CONJ N ADP V N PART N PART ADP ADP PRO N V V NEG;V
開港 以前 我輩 衣服 と する 木綿 は 何 の 國 より 輸入 せ し や	開港 以前 我輩 衣服 と す 木綿 は 何 の 國 より 輸入 す き や	N N PRO N ADP V N ADP PRO ADP N ADP N V V ADP
然る に 因襲 政治 を 行ふ の 國 或は 治平 又 安 に し て 道理 政治 を 行ふ の 國 、 或は 動亂 なき を 保つ ヿ 能は ず	然り に 因襲 政治 を 行ふ の 國 或は 治平 又 安 なり す て 道理 政治 を 行ふ の 國 、 或は 動亂 なし を 保つ ヿ 能ふ ず	V CONJ N N ADP V ADP N CONJ N ADV N V V CONJ N N ADP V ADP N _ CONJ N V ADP V N V NEG;V
抑 亦 何 の 義 ぞ	抑 亦 何 の 義 ぞ	N ADV PRO ADP N ADP
曰く 保護 法 を 行へ ば 自由 交易 の 公道 に 背き 人民 の 權利 を 束縛 し 益々 拙劣 に 導き 大に 害 を 促さ ん と す	曰く 保護 法 を 行ふ ば 自由 交易 の 公道 に 背く 人民 の 權利 を 束縛 す 益々 拙劣 なり 導く 大に 害 を 促す む と す	N N N ADP V CONJ N N ADP N ADP V N ADP N ADP N V ADV N V V ADV N ADP V V ADP V
道理 上 より 之 を 論ずれ ば 道理 政治 を 以 て 第 一 と す べき ヿ は 問は ず し て 之 を 知る べし 、	道理 上 より 之 を 論ず ば 道理 政治 を 以つ て 第 一 と す べし ヿ は 問ふ ず す て 之 を 知る べし 、	N PART ADP PRO ADP V CONJ N N ADP V CONJ N NUM ADP V V N ADP V NEG;V V CONJ PRO ADP V V _
○ 拷問 論 の 二 津田 眞道	○ 拷問 論 の 二 津田 眞道	_ N N ADP NUM PROPN PROPN
凡 政治 を 論ずる 者 は 道理 と 功驗 と を 分つ て 之 を 論ぜ ざる べから ず 、	凡 政治 を 論ず 者 は 道理 と 功驗 と を 分つ て 之 を 論ず ず べし ず 、	ADV N ADP V N ADP N ADP N ADP ADP V CONJ PRO ADP V NEG;V V NEG;V _
夫れ 人 に 巧拙 の 差 習 不習 の 殊 なる あり	夫れ 人 に 巧拙 の 差 習 不習 の 殊 なり あり	CONJ N ADP N ADP N N N ADP N V V
英 の 米 に 於 る 如き 皆 明鑒 昭々 たり	英 の 米 に 於く り 如し 皆 明鑒 昭々 たり	N ADP N ADP V V V N N ADJ V
曰く 彼此 の 刑律 同じから ず	曰く 彼此 の 刑律 同じ ず	N N ADP N ADJ NEG;V
是 大に 疑ふ べき なり 、	是 大に 疑ふ べし なり 、	PRO ADV V V V _
第 三 語 の 性質 を 定め て 數 種 と なす	第 三 語 の 性質 を 定む て 數 種 と なす	N NUM N ADP N ADP V CONJ NUM N ADP V
（ 六十 三 葉 ）	（ 六十 三 葉 ）	_ NUM NUM N _
それ 漢字 を 減定 する の 説 僻見 亦 至れ り と 謂ふ べし	それ 漢字 を 減定 す の 説 僻見 亦 至る り と 謂ふ べし	CONJ N ADP N V ADP N N ADV V V ADP V V
○ 僧徒 は 尊敬 を 受け しむ べし	○ 僧徒 は 尊敬 を 受く しむ べし	_ N ADP N ADP V V V
殊に 治刑 の 方法 逈 に 異 なれ ば なり	殊に 治刑 の 方法 逈 なり 異 なり ば なり	ADV N ADP N ADJ V N V CONJ V
昔日 英佛 の 二 國 保護 法 を 行ふ に 方り て 其 害 なき に 非 ず	昔日 英佛 の 二 國 保護 法 を 行ふ に 方る て 其 害 なし なり あり ず	N N ADP NUM PART N N ADP V ADP V CONJ PRO N V V V NEG;V
其 害 や 遂に 無辜 の 人 を 寃罪 に 陷る に 至る	其 害 や 遂に 無辜 の 人 を 寃罪 に 陷る に 至る	PRO N ADP ADV N ADP N ADP N ADP V ADP V
曰く 然ら ば 則ち 吾子 の 洋字 を 用ふる 其 説 如何	曰く 然り ば 則ち 吾子 の 洋字 を 用ふ 其 説 如何	N V CONJ CONJ PRO ADP N ADP V PRO N N
文 は 貫道 の 器 なり と 古人 亦 之 を 言へ り	文 は 貫道 の 器 なり と 古人 亦 之 を 言ふ り	N ADP N ADP N V ADP N ADV PRO ADP V V
此 時 に 方り て 我 國 商賈 一臂 を 出し て 國家 の 大計 に 任ずる 者 を 聞か ず	此 時 に 方る て 我 國 商賈 一臂 を 出す て 國家 の 大計 に 任ず 者 を 聞く ず	PRO N ADP V CONJ ADJ N N N ADP V CONJ N ADP N ADP V N ADP V NEG;V
（ 以上 五十 七 葉 ）	（ 以上 五十 七 葉 ）	_ N NUM NUM N _
人 益 愚 と なる	人 益 愚 と なり	N ADV N ADP V
道理 政治 は 後代 に 起り し 者 なれ ば	道理 政治 は 後代 に 起る き 者 なり ば	N N ADP N ADP V V N V CONJ
夫れ 方今 の 勢 歐洲 の 習俗 我 に 入る 頗 其 多き に 居る	夫れ 方今 の 勢 歐洲 の 習俗 我 に 入る 頗 其 多し なり 居る	CONJ N ADP N PROPN ADP N PRO ADP V ADV PRO ADJ V V
○ 政体 三 種 説 下	○ 政体 三 種 説 下	_ N NUM N N N
而て 社中 人 は 應酬 書翰 より 學術 文章 の 事 に 就 て 論著 する ヿ あれ ば 此 法則 を 遵用 し て 習熟 する ヿ を 要 と す べし	而て 社中 人 は 應酬 書翰 より 學術 文章 の 事 に 就く て 論著 す ヿ あり ば 此 法則 を 遵用 す て 習熟 す ヿ を 要 と す べし	CONJ N PART ADP N N ADP N N ADP N ADP V CONJ N V N V CONJ PRO N ADP N V CONJ N V N ADP N ADP V V
因襲 政治 に 至 て は 、 道理 上 より 之 を 論ずる も 、 功驗 上 より 之 を 論ずる も 共 に 下等 に 屬する ヿ 疑 なし 、	因襲 政治 に 至る て は 、 道理 上 より 之 を 論ず も 、 功驗 上 より 之 を 論ず も 共 に 下等 に 屬す ヿ 疑 なし 、	N N ADP V CONJ ADP _ N PART ADP PRO ADP V ADP _ N PART ADP PRO ADP V ADP N ADP N ADP V N N V _
滊船 四海 に 横行 する も 蒸氣 膨脹 の 力 に 外 なら ず	滊船 四海 に 横行 す も 蒸氣 膨脹 の 力 に 外 なり ず	N N ADP N V ADP N N ADP N ADP N V NEG;V
前年 佛國 にて 鐵坑 鐵器 を 保護 せ し ヿ あり	前年 佛國 にて 鐵坑 鐵器 を 保護 す き ヿ あり	N PROPN ADP N N ADP N V V N V
○ 右 に 述る 如く 君長 たる 者 宗教 に 就 て 其 權 を 以 て 國民 を 強令 する 事 能は ず と 雖 若し 倫理 を 破り 邦政 の 妨げ を 生ずる 時 は 力 を 極 て 之 を 抑制 せ ざる 可ら ず	○ 右 に 述ぶ 如し 君長 たり 者 宗教 に 就く て 其 權 を 以つ て 國民 を 強令 す 事 能ふ ず と 雖 若し 倫理 を 破る 邦政 の 妨げ を 生ず 時 は 力 を 極む て 之 を 抑制 す ず 可し ず	_ N ADP V V N V N N ADP V CONJ PRO N ADP V CONJ N ADP N V N V NEG;V ADP CONJ ADV N ADP V N ADP N ADP V N ADP N ADP V CONJ PRO ADP N V NEG;V V NEG;V
罪惡 既に 証 、 明 なれ ば 之 に 刑 を 加へ て 可 なり	罪惡 既に 証 、 明 なり ば 之 に 刑 を 加ふ て 可 なり	N ADV N _ ADJ V CONJ PRO ADP N ADP V CONJ N V
前 に 和字 にて は 子母音 相 合し て 不便 たれ ば 洋字 を 要する と 云ひ し は 是 が 爲 なり	前 に 和字 にて は 子母音 相 合す て 不便 たり ば 洋字 を 要する と 云ふ き は 是 が 爲 なり	N ADP N ADP ADP N N V CONJ N V CONJ N ADP V ADP V V ADP PRO ADP N V
魯西亞 の 事 は 何 を 以 て 之 に 異 なら ん 、	魯西亞 の 事 は 何 を 以つ て 之 に 異 なり む 、	PROPN ADP N ADP PRO ADP V CONJ PRO ADP N V V _
是 自然 の 勢 なり	是 自然 の 勢 なり	PRO N ADP N V
此 政体 に 適應 する 者 は 至美 至善 の 民 に 非 ざれ ば 能は ず 、	此 政体 に 適應 す 者 は 至美 至善 の 民 なり あり ず ば 能ふ ず 、	PRO N ADP N V N ADP N N ADP N V V NEG;V CONJ V NEG;V _
古來 より 下民 を 壓挫 し 又 造化 の 法律 を 蹈碎 し たる 暴君 管 に 眞神 の 榮曜 を 口實 と せ し 者 屡 世 に 顯れ たり	古來 より 下民 を 壓挫 す 又 造化 の 法律 を 蹈碎 す たり 暴君 管 なり 眞神 の 榮曜 を 口實 と す き 者 屡 世 に 顯る たり	N ADP N ADP N V CONJ N ADP N ADP N V V N ADJ V N ADP N ADP N ADP V V N ADV N ADP V V
今 其 佳境 に 至 て 之 を 止め ん と 欲す	今 其 佳境 に 至る て 之 を 止む む と 欲す	N PRO N ADP V CONJ PRO ADP V V ADP V
又 彼 に 於 て は 証左 明確 罪状 疑ふ べから ざる に 於 て 之 を 刑典 に 處し 強て 罪人 の 口供 に 拘々 たら ざる なり	又 彼 に 於く て は 証左 明確 罪状 疑ふ べし ず に 於く て 之 を 刑典 に 處す 強て 罪人 の 口供 に 拘々 たり ず なり	CONJ PRO ADP V CONJ ADP N ADJ N V V NEG;V ADP V CONJ PRO ADP N ADP V ADV N ADP N ADP ADJ V NEG;V V
是 を 以 て 三 害 既に 害 の 害 たる 者 に あら ず し て 所謂 十 利 なる 者 は 利 の 眞利 なる 者 なり	是 を 以つ て 三 害 既に 害 の 害 たり 者 なり あり ず す て 所謂 十 利 なり 者 は 利 の 眞利 なり 者 なり	PRO ADP V CONJ NUM N ADV N ADP N V N V V NEG;V V CONJ ADJ NUM N V N ADP N ADP N V N V
又 國人 の 習 未だ 熟せ ず 其 巧 未だ 進ま ざる 者 は 自由 交易 を 嫌ひ 保護 法 を 喜ぶ	又 國人 の 習 未だ 熟す ず 其 巧 未だ 進む ず 者 は 自由 交易 を 嫌ふ 保護 法 を 喜ぶ	CONJ N ADP N ADV V NEG;V PRO N ADV V NEG;V N ADP N N ADP V N N ADP V
此 時 に 至ら ば 印刷 なり 著述 なり 飜譯 なり 社中 新聞 なり 何事 にて も なす べから ざる なし	此 時 に 至る ば 印刷 なり 著述 なり 飜譯 なり 社中 新聞 なり 何事 にて も なす べし ず なし	PRO N ADP V CONJ N ADP N ADP N ADP N N ADP N ADP ADP V V NEG;V V
且 又 人民 に 強令 し て 其 不好 の 宗教 を 崇奉 せ しむる ヿ を 得 べから ず	且 又 人民 に 強令 す て 其 不好 の 宗教 を 崇奉 す しむ ヿ を 得 べし ず	CONJ CONJ N ADP N V CONJ PRO N ADP N ADP N V V N ADP V V NEG;V
未だ 曾て 一人 の 能く 新 機軸 を 出す ある を 見 ず	未だ 曾て 一人 の 能く 新 機軸 を 出す あり を 見る ず	ADV ADV N ADP ADV N N ADP V V ADP V NEG;V
或 又 曰く 只管 証左 に 由 て 人 を 罪 する に 於 て 若し 証左 を 缺く 時 は 罪人 或は 僥倖 に し て 刑 を 免る 可 なら ん 乎 曰く 余 之 を 歐州 の 法律 家 に 聞け り	或 又 曰く 只管 証左 に 由る て 人 を 罪 す に 於く て 若し 証左 を 缺く 時 は 罪人 或は 僥倖 なり す て 刑 を 免る 可 なり む 乎 曰く 余 之 を 歐州 の 法律 家 に 聞く り	CONJ CONJ N ADV N ADP V CONJ N ADP N V ADP V CONJ ADV N ADP V N ADP N CONJ N V V CONJ N ADP V N V V ADP N PRO PRO ADP PROPN ADP N PART ADP V V
是 は 自辨 にて も 足る べし	是 は 自辨 にて も 足る べし	PRO ADP N ADP ADP V V
然る に 二百 餘 年 の 星霜 を 歴 て 保護 法 の 説 猶 世 に 息ま ず	然り に 二百 餘 年 の 星霜 を 歴 て 保護 法 の 説 猶 世 に 息む ず	V CONJ NUM PART N ADP N ADP V CONJ N N ADP N ADV N ADP V NEG;V
且 施行 上 漸 の 一 字 彼 を し て 窘窮 する に 至ら ざら しむ	且 施行 上 漸 の 一 字 彼 を す て 窘窮 す に 至る ず しむ	CONJ N PART N ADP NUM N PRO ADP V CONJ N V ADP V NEG;V V
第 二 君長 の 義務 及び 權利	第 二 君長 の 義務 及び 權利	N NUM N ADP N CONJ N
余 が 司法 に 官 たる や 曾て 松本 水本 清岡 の 諸君 と 法朗西 治罪 法 に 依り 我 帝國 の 治刑 法 の 艸案 に 從事 し て 頗る 拮据 黽勉 す	余 が 司法 に 官 たり や 曾て 松本 水本 清岡 の 諸君 と 法朗西 治罪 法 に 依る 我 帝國 の 治刑 法 の 艸案 に 從事 す て 頗る 拮据 黽勉 す	PRO ADP N ADP N V ADP ADV PROPN PROPN PROPN ADP N ADP PROPN N N ADP V ADJ N ADP N PART ADP N ADP N V CONJ ADV N N V
之 を 呉音 と 云ふ	之 を 呉音 と 云ふ	PRO ADP N ADP V
功驗 上 より 論ずれ ば 、 道理 政治 混合 政治 共 に 上等 に し て 優劣 を 分た ず	功驗 上 より 論ず ば 、 道理 政治 混合 政治 共 に 上等 なり す て 優劣 を 分つ ず	N PART ADP V CONJ _ N N N N N ADP N V V CONJ N ADP V NEG;V
今 學術 文章 を 鴻鵠 と なす と 雖ども 苟も 歩 を 運ぶ の 事業 あら ざれ ば 折角 の 主意 も 徒爲 に 属せ ん ヿ なり	今 學術 文章 を 鴻鵠 と なす と 雖ども 苟も 歩 を 運ぶ の 事業 あり ず ば 折角 の 主意 も 徒爲 に 属す む ヿ なり	N N N ADP N ADP V ADP CONJ ADV N ADP V ADP N V NEG;V CONJ ADV ADP N ADP N ADP V V N V
風土 寒熱 人種 の 源由 相 合し て 生ず	風土 寒熱 人種 の 源由 相 合す て 生ず	N N N ADP N N V CONJ V
又 古 の 支那 人 の 曰く 其 不辜 を 殺さ ん より は 寧ろ 無經 に 失せよ と	又 古 の 支那 人 の 曰く 其 不辜 を 殺す む より は 寧ろ 無經 に 失す と	CONJ N ADP PROPN PART ADP N PRO N ADP V V ADP ADP ADV N ADP V ADP
天下 或は 攝生 不良 に し て 其 身 健康 なる 者 あり 、	天下 或は 攝生 不良 なり す て 其 身 健康 なり 者 あり 、	N CONJ N N V V CONJ PRO N N V N V _
然ら ば 所謂 英雄 の 心 を 攬る の 謂れ にて 天下 の 人材 を 一 社 の 中 に 網羅 する ヿ なれ ば 方法 だに 宜しき を 得 ば サイエンス なり アーツ なり リテラチユア なり モラル なり 大畧 一致 せ ざる ヿ なう し て 彼の 愚暗 の 頑軍 爰 に 於 て や 始て 殲滅 遺類 なき を 得 て 我 文明 の 凱歌 を 奏する に 至ら ん	然り ば 所謂 英雄 の 心 を 攬る の 謂れ にて 天下 の 人材 を 一 社 の 中 に 網羅 す ヿ なり ば 方法 だに 宜し を 得 ば サイエンス なり アーツ なり リテラチユア なり モラル なり 大畧 一致 す ず ヿ なし す て 彼の 愚暗 の 頑軍 爰 に 於く て や 始て 殲滅 遺類 なし を 得 て 我 文明 の 凱歌 を 奏す に 至る む	V CONJ ADJ N ADP N ADP V ADP N ADP N ADP N ADP NUM N ADP N ADP N V N V CONJ N ADP ADJ ADP V CONJ N ADP N ADP N ADP N ADP N N V NEG;V N V V CONJ DET ADJ ADP N PRO ADP V CONJ ADP ADV N N V ADP V CONJ ADJ N ADP N ADP V ADP V V
百 萬 の 衆 を 左右 する とも 一卒 の 支体 を 演習 する に 在り	百 萬 の 衆 を 左右 す とも 一卒 の 支体 を 演習 す に 在り	NUM NUM ADP N ADP N V CONJ N ADP N ADP N V ADP V
諸 先生 願く は 憐ん で 之 を 教へよ	諸 先生 願ふ は 憐む で 之 を 教ふ	N N V ADP V CONJ PRO ADP V
今 一たび 世運 に 逢ふ て 文献 既に 之 を 歐洲 に 取る	今 一たび 世運 に 逢ふ て 文献 既に 之 を 歐洲 に 取る	N N N ADP V CONJ N ADV PRO ADP PROPN ADP V
それ 朋友 蓋簪 切磋 琢磨 或は 己 の 見解 を 陳べ 或は 疑義 を 扣問 し 其 討論 講究 素 より 其 益 鮮少 なら ず	それ 朋友 蓋簪 切磋 琢磨 或は 己 の 見解 を 陳ぶ 或は 疑義 を 扣問 す 其 討論 講究 素 より 其 益 鮮少 なり ず	CONJ N N N N CONJ PRO ADP N ADP V CONJ N ADP N V PRO N N N ADP PRO N N V NEG;V
故 に 之 を 後代 と 云ふ も 亦 誣 ざる べし ）	故 に 之 を 後代 と 云ふ も 亦 誣ふ ず べし ）	N ADP PRO ADP N ADP V ADP ADV V NEG;V V _
夫れ 如是 は 其 度 至 て 起 の 民選 議院 も 特 に 前日 集議 院 無用 の 玩具 非産 の 消費 たり し 如き のみ なら ず 恐く 瓦裂 の 患ひ 生ぜ ん	夫れ 如此し は 其 度 至る て 起る の 民選 議院 も 特 なり 前日 集議 院 無用 の 玩具 非産 の 消費 たり き 如し のみ なり ず 恐く 瓦裂 の 患ひ 生ず む	CONJ ADJ ADP PRO N V CONJ V ADP N N ADP N V N N PART N ADP N N ADP N V V V ADP V NEG;V ADV N ADP N V V
如此く し て 社圏 を 漸次 に 廣め な ば 三 年 の 後 國 中 にて 二三 萬 の 社友 を 得 べし	如此し す て 社圏 を 漸次 に 廣む ぬ ば 三 年 の 後 國 中 にて 二三 萬 の 社友 を 得 べし	ADJ V CONJ N ADP ADV ADP V V CONJ NUM N ADP N N PART ADP NUM NUM ADP N ADP V V
是 其 學 の 級 從 て 登る なり	是 其 學 の 級 從ふ て 登る なり	PRO PRO N ADP N V CONJ V V
小子 謹 案ずる に 其 度 實 に 早し	小子 謹む 案ず に 其 度 實 に 早し	PRO V V ADP PRO N N ADP ADJ
且 今 我 國 拷問 の 法 あり	且 今 我 國 拷問 の 法 あり	CONJ N ADJ N N ADP N V
亦 美徳 なり と	亦 美徳 なり と	ADV N V ADP
故 に 又 遡り て 其 勢力 の 因 て 起る 所 の 原因 を 求め ざる を 得 ず	故 に 又 遡る て 其 勢力 の 因る て 起る 所 の 原因 を 求む ず を 得 ず	N ADP ADV V CONJ PRO N ADP V CONJ V N ADP N ADP V NEG;V ADP V NEG;V
（ 五十 七 葉 ）	（ 五十 七 葉 ）	_ NUM NUM N _
舊國 にて は 混合 政治 を 興す の 時 に 當れ ども 、 新國 にて は 舊來 の 習慣 なけれ ば 因襲 政治 を 混ずる の 患 なく 、 唯 道理 を 講究 し て 其 政体 を 立る 故 に 、 純然 たる 道理 政治 を 立る ヿ を 得る なり 、	舊國 にて は 混合 政治 を 興す の 時 に 當る ども 、 新國 にて は 舊來 の 習慣 なし ば 因襲 政治 を 混ず の 患 なし 、 唯 道理 を 講究 す て 其 政体 を 立つ 故 に 、 純然 たり 道理 政治 を 立つ ヿ を 得 なり 、	N ADP ADP N N ADP V ADP N ADP V CONJ _ N ADP ADP N ADP N V CONJ N N ADP V ADP N V _ CONJ N ADP N V CONJ PRO N ADP V N ADP _ ADJ V N N ADP V N ADP V V _
所謂 漢學 者流 も 中學 以上 の 教師 と し て 猶 彼の 拉丁 語 希臘 語 の 學師 の 如し	所謂 漢學 者流 も 中學 以上 の 教師 と す て 猶 彼の 拉丁 語 希臘 語 の 學師 の 如し	ADJ N N ADP N N ADP N ADP V CONJ ADV DET N N PROPN N ADP N ADP V
他日 我 衰ふる の 時 に 乘じ 將門 尊氏 の 徒 外國 に 生ず	他日 我 衰ふ の 時 に 乘ず 將門 尊氏 の 徒 外國 に 生ず	N PRO V ADP N ADP V PROPN PROPN ADP N N ADP V
又 第 二 の 難事 は 政事 上 の 難事 なり	又 第 二 の 難事 は 政事 上 の 難事 なり	CONJ N NUM ADP N ADP N PART ADP N V
曰く 廣く 會議 を 起し 萬事 公論 に 决す べし と	曰く 廣し 會議 を 起す 萬事 公論 に 决す べし と	N ADJ N ADP V N N ADP V V ADP
試 に 花旗 瑞典 の 諸 賢哲 公平 正大 なる 人 を し て 本邦 に 生育 せ しめ ば 人民 保護 の 上 に 於 て 自然 の 國體 に 戻り 合衆 聯邦 の 説 を 立 ざる 明々 昭々 疑 を 容れ ず	試 に 花旗 瑞典 の 諸 賢哲 公平 正大 なり 人 を す て 本邦 に 生育 す しむ ば 人民 保護 の 上 に 於く て 自然 の 國體 に 戻る 合衆 聯邦 の 説 を 立つ ず 明々 昭々 疑 を 容る ず	N ADP N PROPN ADP N N N ADJ V N ADP V CONJ N ADP N V V CONJ N N ADP N ADP V CONJ N ADP N ADP V N N ADP N ADP V NEG;V N ADJ N ADP V NEG;V
官 益 進む	官 益 進む	N ADV V
人 皆 世事 を 顧み ず し て 終に 生業 も 廢する に 至る べし	人 皆 世事 を 顧みる ず す て 終に 生業 も 廢す に 至る べし	N N N ADP V NEG;V V CONJ ADV N ADP V ADP V V
西 周	西 周	PROPN PROPN
全國 皆 此 民 と 爲る に 非 ざれ ば 眞 に 道理 政治 に 適應 する ヿ 能は ず 、	全國 皆 此 民 と 爲る なり あり ず ば 眞 に 道理 政治 に 適應 す ヿ 能ふ ず 、	N N PRO N ADP V V V NEG;V CONJ N ADP N N ADP N V N V NEG;V _
第 三 宗教 惑亂 國家 危險	第 三 宗教 惑亂 國家 危險	N NUM N N N N
是 中學 以上 の 科 と なる	是 中學 以上 の 科 と なる	PRO N N ADP N ADP V
如此 なれ ば 社 堅う し て 有志 の 人 集ら ん と す	如此し なる ば 社 堅し す て 有志 の 人 集る む と す	ADJ V CONJ N ADJ V CONJ N ADP N V V ADP V
凡そ 歳月 の 胸算 一 年 に し て 大畧 の 法則 定る べし	凡そ 歳月 の 胸算 一 年 に す て 大畧 の 法則 定る べし	ADV N ADP N NUM N ADP V CONJ N ADP N V V
曰く 此 法 行は るれ ば 本邦 の 語學 立つ	曰く 此 法 行ふ る ば 本邦 の 語學 立つ	N PRO N V V CONJ N ADP N V
第 二 我 音 に 四聲 の 別 あり	第 二 我 音 に 四聲 の 別 あり	N NUM ADJ N ADP N ADP N V
（ 六十 七 葉 ）	（ 六十 七 葉 ）	_ NUM NUM N _
政體 定まら ず し て 民選 議院 何 の 用 を 爲 ん	政體 定まる ず す て 民選 議院 何 の 用 を 爲す む	N V NEG;V V CONJ N N PRO ADP N ADP V V
而して 纉ぐ 者 又 賢 なら ず 暗君 繼立 すれ ば 復た 潰亂 し て 其 後 の 明主 を 勞する 而已	而して 纉ぐ 者 又 賢 なり ず 暗君 繼立 す ば 復た 潰亂 す て 其 後 の 明主 を 勞す 而已	CONJ V N CONJ N V NEG;V N N V CONJ ADV N V CONJ PRO N ADP N ADP V ADP
今 又 歴史 上 に 就 て 論ずれ ば 英國 の 「 コロンウェル 」 佛國 の 「 コルベルト 」 は 人傑 に し て 保護 法 の 開祖 なり	今 又 歴史 上 に 就く て 論ず ば 英國 の 「 コロンウェル 」 佛國 の 「 コルベルト 」 は 人傑 なり す て 保護 法 の 開祖 なり	N ADV N PART ADP V CONJ V CONJ PROPN ADP _ PROPN _ PROPN ADP _ PROPN _ ADP N V V CONJ N PART ADP N V
今 の 日本 人 に し て 古 の 支那 人 に 如 ず	今 の 日本 人 に す て 古 の 支那 人 に 如く ず	N ADP PROPN PART ADP V CONJ N ADP PROPN PART ADP V NEG;V
其 利 一 なり	其 利 一 なり	PRO N NUM V
而して 其 利害 得失 に 於 て は 宜しく 權衡 を 失ふ 可から ず	而して 其 利害 得失 に 於く て は 宜しく 權衡 を 失ふ 可し ず	CONJ PRO N N ADP V CONJ ADP ADV N ADP V V NEG;V
唯 行ふ て 而 四異 の 累 なき 者 英國 上下 同治 之 長 を 取ら ん 而已	唯 行ふ て 而 四異 の 累 なし 者 英國 上下 同治 之 長 を 取る む 而已	ADV V CONJ CONJ N ADP N V N PROPN N N ADP N ADP V V ADP
○ 宗教 の 相 異 なる を 以 て 生ずる 處 の 騷亂 を 防ぐ に 最良 の 術 は 倫理 を 害せ ざる 且 邦政 に 妨 なき 宗教 を 悉く 放許 し 任意 に 之 を 行は しむる に 在り	○ 宗教 の 相 異 なり を 以つ て 生ず 處 の 騷亂 を 防ぐ に 最良 の 術 は 倫理 を 害す ず 且 邦政 に 妨 なし 宗教 を 悉く 放許 す 任意 に 之 を 行ふ しむ に 在り	_ N ADP N N V ADP V CONJ V N ADP N ADP V ADP N ADP N ADP N ADP V NEG;V CONJ N ADP N V N ADP ADV N V N ADP PRO ADP V V ADP V
惡人 の 首供 する を 要せ ず	惡人 の 首供 す を 要す ず	N ADP N V ADP V NEG;V
然る に 第 二 第 三 の 兩種 は 早く 絶滅 し 、 上古 より 連續 し て 今日 に 存する 者 は 唯 第 一 種 のみ なり 、	然り に 第 二 第 三 の 兩種 は 早し 絶滅 す 、 上古 より 連續 す て 今日 に 存す 者 は 唯 第 一 種 のみ なり 、	V CONJ N NUM N NUM ADP N ADP ADJ N V _ N ADP N V CONJ N ADP V N ADP ADV N NUM N ADP V _
（ 以上 五十 六 葉 ）	（ 以上 五十 六 葉 ）	_ N NUM NUM N _
第 一 語學 の 難事	第 一 語學 の 難事	N NUM N ADP N
而 明主 賢相 出れ ば 歳月 を 無用 の 回復 に 費さ ず し て 開明 必 數 層 の 度 を 進む	而 明主 賢相 出づ ば 歳月 を 無用 の 回復 に 費す ず す て 開明 必 數 層 の 度 を 進む	CONJ N N V CONJ N ADP N ADP N ADP V NEG;V V CONJ N ADV NUM N ADP N ADP V
智者 出る に 及び 、 全部 の 安全 を 謀る が 爲 に 其 諸 部落 を 協和 聚合 し 、 盟約 を 定め 以 て 互 に 相 親交 す 、	智者 出づ に 及ぶ 、 全部 の 安全 を 謀る が 爲 に 其 諸 部落 を 協和 聚合 す 、 盟約 を 定む 以つ て 互 に 相 親交 す 、	N V ADP V _ N ADP N ADP V ADP N ADP PRO N N ADP N N V _ N ADP V V CONJ N ADP N N V _
第 二 に 其 國君 たる 者 は 人民 を し て 宣教 師 を 尊敬 せ しむる 樣 注意 し 宣教 師 を し て 其 本職 を 務むる に 要用 なる 威望 を 保た しむ べし	第 二 に 其 國君 たり 者 は 人民 を す て 宣教 師 を 尊敬 す しむ 樣 注意 す 宣教 師 を す て 其 本職 を 務む に 要用 なり 威望 を 保つ しむ べし	N NUM ADP PRO N V N ADP N ADP V CONJ N PART ADP N V V V N V N PART ADP V CONJ PRO N ADP V ADP N V N ADP V V V
特 に 民選 議院 の 弊 然る のみ なら ず 凡 學校 等 開明 に 導く の 事 皆 人智 を 長じ 姦黠 を 進め 大亂 を 釀し て 皇統 を 危ふ する の 業 たら ん か	特 なり 民選 議院 の 弊 然り のみ なり ず 凡 學校 等 開明 に 導く の 事 皆 人智 を 長ず 姦黠 を 進む 大亂 を 釀す て 皇統 を 危し す の 業 たり む か	N V N N ADP N V ADP V NEG;V ADV N PART N ADP V ADP N N N ADP V N ADP V N ADP V CONJ N ADP ADJ V ADP N V V ADP
上下 同治 の 體 定まら ざる も 民選 議院 は 之 と 別事 に し て 善く 行 るる 者 なれ ば 小子 の 迷ひ なり	上下 同治 の 體 定まる ず も 民選 議院 は 之 と 別事 なり す て 善く 行ふ る 者 なり ば 小子 の 迷ひ なり	N N ADP N V NEG;V ADP N N ADP PRO ADP N V V CONJ ADV V V N V CONJ PRO ADP N V
杉 亨二	杉 亨二	PROPN PROPN
曰 家 を 作れ ば 先 基礎 を 堅牢 に す	曰 家 を 作る ば 先 基礎 を 堅牢 なり す	N N ADP V CONJ ADV N ADP N V V
則ち 何 ぞ 獨り 文字 を 取ら ざる の 説 あら ん や	則ち 何 ぞ 獨り 文字 を 取る ず の 説 あり む や	CONJ PRO ADP N N ADP V NEG;V ADP N V V ADP
人民 日用 彝倫 の 際 に 於 て 亦 然り と す	人民 日用 彝倫 の 際 に 於く て 亦 然り と す	N N N ADP N ADP V CONJ ADV V ADP V
（ 以上 五十 七 葉 ）	（ 以上 五十 七 葉 ）	_ N NUM NUM N _
謹 て 謝し 教 を 受 ん	謹む て 謝す 教 を 受く む	V CONJ V N ADP V V
是れ 國君 の 一 義務 と 云 に 足る べし	是れ 國君 の 一 義務 と 云ふ に 足る べし	PRO N ADP NUM N ADP V ADP V V
曰く 魯國 の 強大 なる は 、 君相 に 雄材 の 人 ある を 頼む のみ 、	曰く 魯國 の 強大 なり は 、 君相 に 雄材 の 人 あり を 頼む のみ 、	N PROPN ADP N V ADP _ N ADP N ADP N V ADP V ADP _
凡そ 政治 は 、 民 の 開化 の 度 に 從ふ べき 者 に て 、 其 國 の 政体 、 其 民 の 開化 の 度 に 應ずれ ば 治まり 、 應ぜ ざれ ば 治まら ず 、	凡そ 政治 は 、 民 の 開化 の 度 に 從ふ べし 者 なり て 、 其 國 の 政体 、 其 民 の 開化 の 度 に 應ず ば 治まる 、 應ず ず ば 治まる ず 、	ADV N ADP _ N ADP N ADP N ADP V V N V CONJ _ PRO N ADP N _ PRO N ADP N ADP N ADP V CONJ V _ V NEG;V CONJ V NEG;V _
例へば 彼 に 於 て は 縱令 罪惡 を 犯す 者 ある も 其 証跡 を 得 ざれ ば 治刑 官吏 之 を 捕縛 する ヿ を 得 ず	例へば 彼 に 於く て は 縱令 罪惡 を 犯す 者 あり も 其 証跡 を 得 ず ば 治刑 官吏 之 を 捕縛 す ヿ を 得 ず	ADV PRO ADP V CONJ ADP ADV N ADP V N V ADP PRO N ADP V NEG;V CONJ N N PRO ADP N V N ADP V NEG;V
實用 に 適する 者 は 候文 に し て 既に 言ふ 所 と 異 なり	實用 に 適す 者 は 候文 なり す て 既に 言ふ 所 と 異 なり	N ADP V N ADP N V V CONJ ADV V N ADP N V
必ず 其 勢力 あり	必ず 其 勢力 あり	ADV PRO N V
君徳 を 繼ぎ 明 に する の 方 固より 之 を 謹む も 千 百 年 の 間 其 徳 の 盛衰 ある 亦 自然 に 出づ	君徳 を 繼ぐ 明 なり す の 方 固より 之 を 謹む も 千 百 年 の 間 其 徳 の 盛衰 あり 亦 自然 なり 出づ	N ADP V ADJ V V ADP N ADV PRO ADP V ADP NUM NUM N ADP N PRO N ADP N V ADV ADJ V V
曰く 人民 の 文化 果して 上進 すれ ば 拷問 等 の 惡法 跡 を 竄し て 我 帝國 を 逸去 せ ん ヿ 論 を 竢た ず	曰く 人民 の 文化 果して 上進 す ば 拷問 等 の 惡法 跡 を 竄す て 我 帝國 を 逸去 す む ヿ 論 を 竢つ ず	N N ADP N ADV N V CONJ N PART ADP N N ADP V CONJ ADJ N ADP N V V N N ADP V NEG;V
然ら ば 魯西亞 の 人君 獨裁 の 政 を 行ふ て 其 國 の 強大 なる は いかん 、	然り ば 魯西亞 の 人君 獨裁 の 政 を 行ふ て 其 國 の 強大 なり は いかん 、	V CONJ PROPN ADP N N ADP N ADP V CONJ PRO N ADP N V ADP N _
既に 空商 を 榮 と し 自滅 を 招く のみ なら ず 全國 良民 の 膽 を 奪ひ 貧民 の 疾苦 を 長じ 我 日本 政府 を し て 佛國 舊 政府 の 覆轍 を 踏ま しむる に 至る も 亦 知る べから ず	既に 空商 を 榮 と す 自滅 を 招く のみ なり ず 全國 良民 の 膽 を 奪ふ 貧民 の 疾苦 を 長ず 我 日本 政府 を す て 佛國 舊 政府 の 覆轍 を 踏む しむ に 至る も 亦 知る べし ず	ADV N ADP N ADP V N ADP V ADP V NEG;V N N ADP N ADP V N ADP N ADP V ADJ PROPN N ADP V CONJ PROPN N N ADP N ADP V V ADP V ADP ADV V V NEG;V
若し 又 從前 の 如く 唯 外國 の 輸入 を 仰ぎ 我 買ふ 所 を 節せ ず 更に 出入 を 問は ざる もの の 如く し 之 を 自由 交易 と 認め 内外 の 形勢 を 察せ ず 泰然 と し て 之 に 安んぜ ば 恰も 其 身 を 火山 の 巓 に 置く が 如し	若し 又 從前 の 如し 唯 外國 の 輸入 を 仰ぐ 我 買ふ 所 を 節す ず 更に 出入 を 問ふ ず もの の 如し す 之 を 自由 交易 と 認む 内外 の 形勢 を 察す ず 泰然 たり す て 之 に 安んず ば 恰も 其 身 を 火山 の 巓 に 置く が 如し	ADV ADV N ADP V ADV N ADP N ADP V ADJ V N ADP V NEG;V ADV N ADP V NEG;V N ADP V V PRO ADP N N ADP V N ADP N ADP V NEG;V ADJ V V CONJ PRO ADP V CONJ ADV PRO N ADP N ADP N ADP V ADP V
乃 彼我 同權 の 條約 に 非 ず	乃 彼我 同權 の 條約 なり あり ず	CONJ N N ADP N V V NEG;V
其 勢 既に 駸々 其 七 を 取 て 其 三 を 遺す 能は ざれ ば 僕 謂ふ	其 勢 既に 駸々 其 七 を 取る て 其 三 を 遺す 能ふ ず ば 僕 謂ふ	PRO N ADV ADJ PRO NUM ADP V CONJ PRO NUM ADP V V NEG;V CONJ PRO V
唯 之 を 施行 する の 難易 慮ら ざる べから ざる なり	唯 之 を 施行 す の 難易 慮る ず べし ず なり	CONJ PRO ADP N V ADP N V NEG;V V NEG;V V
然 ども 從事 する 所 の 事業 あら ざれ ば 恐く は 愚暗 の 堅軍 を 破摧 する の 大 眼目 を 達する ヿ 能は ざら ん	然り ども 從事 す 所 の 事業 あり ず ば 恐く は 愚暗 の 堅軍 を 破摧 す の 大 眼目 を 達す ヿ 能ふ ず む	V CONJ N V N ADP N V NEG;V CONJ ADV ADP ADJ ADP N ADP N V ADP N N ADP V N V NEG;V V
余 嚮 に 空商 の 説 を 作り て 之 を 諷すれ ども 聞か ず 知ら ざる 者 の 如し	余 嚮 に 空商 の 説 を 作る て 之 を 諷す ども 聞く ず 知る ず 者 の 如し	PRO N ADP N ADP N ADP V CONJ PRO ADP V CONJ V NEG;V V NEG;V N ADP V
阪谷 素	阪谷 素	PROPN PROPN
又 迂痴 なる 小子 が 如き 者 の 目的 何 の 日 か 立 ん	又 迂痴 なり 小子 が 如し 者 の 目的 何 の 日 か 立つ む	CONJ ADJ V PRO ADP V N ADP N PRO ADP N ADP V V
獨 其 長 の 善 且 美 なる 者 を 掲げ 以 て 上下 の 大 目的 と す べし	獨 其 長 の 善 且 美 なり 者 を 掲ぐ 以つ て 上下 の 大 目的 と す べし	N PRO N ADP N CONJ N V N ADP V V CONJ N ADP N N ADP V V
暗愚 の 信心 は 唯 に 迷妄 固執 惑亂 殘忍 の 者 を 生ずる の 源 に し て 倫理 を 亂り 交際 を 害する の 甚き は 實 に 彼の 自恣 の 弊 に 百 倍 す	暗愚 の 信心 は 唯 に 迷妄 固執 惑亂 殘忍 の 者 を 生ず の 源 なり す て 倫理 を 亂る 交際 を 害す の 甚し は 實 に 彼の 自恣 の 弊 に 百 倍 す	N ADP N ADP ADV ADP N N N N ADP N ADP V ADP N V V CONJ N ADP V N ADP V ADP ADJ ADP N ADP DET N ADP N ADP NUM N V
苟も 人民 私 に 世道 上 に 就 て かの 愚暗 の 大軍 を 敗ら ん と 欲すれ ば 之 を 置 て 他路 なかる べし	苟も 人民 私 なり 世道 上 に 就く て かの 愚暗 の 大軍 を 敗る む と 欲す ば 之 を 置く て 他路 なし べし	ADV N ADJ V N PART ADP V CONJ ADJ ADJ ADP N ADP V V ADP V CONJ PRO ADP V CONJ N V V
子 其れ 之 を 如何 と	子 其れ 之 を 如何 と	PRO CONJ PRO ADP N ADP
功驗 上 より 之 を 論ずれ ば 、 混合 政治 、 或は 道理 政治 に 勝る ヿ あり 、	功驗 上 より 之 を 論ず ば 、 混合 政治 、 或は 道理 政治 に 勝る ヿ あり 、	N PART ADP PRO ADP V CONJ _ N N _ CONJ N N ADP V N V _
○ 國宗 を 變じ 或は 新 に 之 を 定むる は 全く 其 邦 の 權利 に 属す	○ 國宗 を 變ず 或は 新 なり 之 を 定む は 全く 其 邦 の 權利 に 属す	_ N ADP V CONJ ADJ V PRO ADP V ADP ADV PRO N ADP N ADP V
而して 其 言 徒 に 掲げ 其 實 漸く 微 故 に 萬務 搖動 人 皆 心 に 主 を 失ふ	而して 其 言 徒 なり 掲ぐ 其 實 漸く 微 故 に 萬務 搖動 人 皆 心 に 主 を 失ふ	CONJ PRO N ADJ V V PRO N ADV ADJ N ADP N N N N N ADP N ADP V
是 を 第 三 種 と 爲す 、	是 を 第 三 種 と 爲す 、	PRO ADP N NUM N ADP V _
「 ワツテル 」 萬國 公法 の 内 宗教 を 論ずる 章 （ 撮要 ）	「 ワツテル 」 萬國 公法 の 内 宗教 を 論ず 章 （ 撮要 ）	_ PROPN _ N N ADP N N ADP V N _ N _
其 便 八 なり	其 便 八 なり	PRO N NUM V
余 も 亦 我 帝國 貿易 の 衰頽 を 憂ひ 之 を 救は ん ヿ を 欲し 茲 に 愚説 を 陳述 す	余 も 亦 我 帝國 貿易 の 衰頽 を 憂ふ 之 を 救ふ む ヿ を 欲す 茲 に 愚説 を 陳述 す	PRO ADP ADV ADJ N N ADP N ADP V PRO ADP V V N ADP V PRO ADP N ADP N V
當時 の 事情 を 知る 者 を し て 之 を 論ぜ しめ ば 則ち 言は ん	當時 の 事情 を 知る 者 を す て 之 を 論ず しむ ば 則ち 言ふ む	N ADP N ADP V N ADP V CONJ PRO ADP V V CONJ CONJ V V
苟も 外邪 の 侵犯 、 内毒 の 潰出 に 逢は ざる の 間 は 、 名く べき の 病 なき を 以 て 自ら 健康 の 人 なり と 謂へ り 、	苟も 外邪 の 侵犯 、 内毒 の 潰出 に 逢ふ ず の 間 は 、 名く べし の 病 なし を 以つ て 自ら 健康 の 人 なり と 謂ふ り 、	ADV N ADP N _ N ADP N ADP V NEG;V ADP N ADP _ V V ADP N V ADP V CONJ N N ADP N V ADP V V _
左院 又 は 明法 寮 中 有力 の 議法 官 其 人 に 乏しから ず	左院 又 は 明法 寮 中 有力 の 議法 官 其 人 に 乏し ず	N CONJ ADP N N PART ADJ ADP N PART PRO N ADP ADJ NEG;V
且 同じ 洋字 なれ ば 彼 を 見る 既に 怪む に 足ら ず	且 同じ 洋字 なり ば 彼 を 見る 既に 怪む に 足る ず	CONJ ADJ N V CONJ PRO ADP V ADV V ADP V NEG;V
之 を 漢音 と 云ふ	之 を 漢音 と 云ふ	PRO ADP N ADP V
是 を 地質 に 喩ふ 、	是 を 地質 に 喩ふ 、	PRO ADP N ADP V _
小子 愚案 に は 政體 目的 を 立る 是 也	小子 愚案 に は 政體 目的 を 立つ 是 なり	PRO N ADP ADP N N ADP V PRO V
其 前年 の 數 も 亦 殆んど 之 に 近し	其 前年 の 數 も 亦 殆んど 之 に 近し	PRO N ADP N ADP ADV N PRO ADP ADJ
余 亦 以爲 らく 政府 の 職務 は 特り 人民 の 身體 及 其 所有 を 保護 する に 在る を 以 て 凡そ 教事 は 人民 各自 の 所好 に 隨 て 爲さ しめ 若し 之 に 由 て 外顯 他人 の 妨害 と なる 者 は 政府 宜しく 法 を 設け て 之 を 制す べし	余 亦 以爲ふ り 政府 の 職務 は 特り 人民 の 身體 及 其 所有 を 保護 す に 在り を 以つ て 凡そ 教事 は 人民 各自 の 所好 に 隨ふ て 爲す しむ 若し 之 に 由る て 外顯 他人 の 妨害 と なる 者 は 政府 宜し 法 を 設く て 之 を 制す べし	PRO CONJ V V N ADP N ADP N N ADP N CONJ PRO N ADP N V ADP V ADP V CONJ ADV N ADP N N ADP N ADP V CONJ V V ADV PRO ADP V CONJ N N ADP N ADP V N ADP N ADJ N ADP V CONJ PRO ADP V V
而て 又 別 に 一 利 あり	而て 又 別 なり 一 利 あり	CONJ CONJ N V NUM N V
是 瑣々 服飾 を 變ふる の 比 に あら ざれ ば 我が 國 人民 の 性質 善 に 從ふ 流るる が 如き の 美 を 以 て 世界 に 誇り 頗 彼の 膽 を 寒やす に 足ら ん	是 瑣々 服飾 を 變ふ の 比 なり あり ず ば 我が 國 人民 の 性質 善 に 從ふ 流る が 如し の 美 を 以つ て 世界 に 誇る 頗 彼の 膽 を 寒やす に 足る む	PRO ADJ N ADP V ADP N V V NEG;V CONJ ADJ N N ADP N N ADP V V ADP V ADP N ADP V CONJ N ADP V ADV DET N ADP V ADP V V
其れ 何 を 以 て 開明 の 風習 を 起さ ん	其れ 何 を 以つ て 開明 の 風習 を 起す む	CONJ PRO ADP V CONJ N ADP N ADP V V
因襲 政治 は 其 始 上古 の 時 に 起り し 者 なれ ば 是 を 上古 の 政体 と 云ふ べし 、	因襲 政治 は 其 始 上古 の 時 に 起る き 者 なり ば 是 を 上古 の 政体 と 云ふ べし 、	N N ADP PRO N N ADP N ADP V V N V CONJ PRO ADP N ADP N ADP V V _
愈々 弱く 愈々 衰ふ	愈々 弱し 愈々 衰ふ	ADV ADJ ADV V
此 は 的 なく し て 銃丸 を 發する 如け ん	此 は 的 なし す て 銃丸 を 發す 如し む	PRO ADP N V V CONJ N ADP V V V
後 に 聞く	後 に 聞く	N ADP V
固より 顧る に 足ら ず	固より 顧る に 足る ず	ADV V ADP V NEG;V
是 其 以 て 社 を 結ぶ の 要 なる 所 に し て 又 諸 先生 の 名望 を 假る に あら ざれ ば 成す べから ざる 所 なり	是 其 以つ て 社 を 結ぶ の 要 なり 所 なり す て 又 諸 先生 の 名望 を 假る なり あり ず ば 成す べし ず 所 なり	PRO PRO V CONJ N ADP V ADP N V N V V CONJ CONJ N N ADP N ADP V V V NEG;V CONJ V V NEG;V N V
故 に 新教 を 唱ふる に 至 て も 亦 然り	故 に 新教 を 唱ふ に 至る て も 亦 然り	N ADP N ADP V ADP V CONJ ADP ADV V
苟も 食ふ なき は 則 已 ん	苟も 食ふ なし は 則 已む む	ADV V V ADP CONJ V V
即ち 世界 貿易 の 勢 是 なり	即ち 世界 貿易 の 勢 是 なり	CONJ N N ADP N PRO V
西村 茂樹	西村 茂樹	PROPN PROPN
余 想 らく 我 國 の 長ずる 所 は 農 なり	余 想ふ り 我 國 の 長ず 所 は 農 なり	PRO V V ADJ N ADP V N ADP N V
異宗 の 故 を 以 て 人 を 慘酷 に 處する を 禁じ 且 之 に 由 て 人 を 暴動 する 者 は 嚴く 之 を 罰す べし	異宗 の 故 を 以つ て 人 を 慘酷 なり 處す を 禁ず 且 之 に 由る て 人 を 暴動 す 者 は 嚴し 之 を 罰す べし	N ADP N ADP V CONJ N ADP N V V ADP V CONJ PRO ADP V CONJ N ADP N V N ADP ADJ PRO ADP V V
言ふ 所 書く 所 と 其 法 を 同う す	言ふ 所 書く 所 と 其 法 を 同じ す	V N V N ADP PRO N ADP ADJ V
之 を 有せ ざら ん と 欲す とも 國民 明 に 之 を 諾する に あら ざれ ば 得 可ら ず	之 を 有す ず む と 欲す とも 國民 明 なり 之 を 諾す なり あり ず ば 得 可し ず	PRO ADP V NEG;V V ADP V CONJ N ADJ V PRO ADP V V V NEG;V CONJ V V NEG;V
其 習 且つ 巧 なる 知る 可し	其 習 且つ 巧 なり 知る 可し	PRO N CONJ N V V V
况や 己 を 捨て て 人 に 從ふ は 大 舜 の 美徳 義 を 聞 て 則 服する は 尼訓 の 大義 事 必ず 己 より 出で て 心 に 快し と する は 大智 の 取ら ざる 所 今 亦 何 ぞ 其 陋 を 守ら む や	况や 己 を 捨つ て 人 に 從ふ は 大 舜 の 美徳 義 を 聞く て 則 服す は 尼訓 の 大義 事 必ず 己 より 出づ て 心 に 快し と す は 大智 の 取る ず 所 今 亦 何 ぞ 其 陋 を 守る む や	ADV PRO ADP V CONJ N ADP V ADP N PROPN ADP N N ADP V CONJ CONJ V ADP N ADP N N ADV PRO ADP V CONJ N ADP ADJ ADP V ADP N ADP V NEG;V N N ADV PRO ADP PRO N ADP V V ADP
其 利 三 なり	其 利 三 なり	PRO N NUM V
第 三 の 難事 は 費用 の 難 なり	第 三 の 難事 は 費用 の 難 なり	N NUM ADP N ADP N ADP N V
有識 の 國君 に し て 豈 如斯 の 宗教 を 容る べけ ん や	有識 の 國君 なり す て 豈 如斯し の 宗教 を 容る べし む や	N ADP N V V CONJ ADV ADJ ADP N ADP V V V ADP
若し 之 を 爲せ ば 國民 服せ ず	若し 之 を 爲す ば 國民 服す ず	ADV PRO ADP V CONJ N V NEG;V
方今 民選 議院 の 説 發する 所以 なり	方今 民選 議院 の 説 發す 所以 なり	N N N ADP N V N V
往時 我 國 又 白石 新井 氏 あり て 外國 濫出 の 制 を 立て 銅 の 輸出 を 省く ヿ 數十 万 斤 なり と 聞く	往時 我 國 又 白石 新井 氏 あり て 外國 濫出 の 制 を 立つ 銅 の 輸出 を 省く ヿ 數十 万 斤 なり と 聞く	N ADJ N CONJ PROPN PROPN PART V CONJ N N ADP N ADP V N ADP N ADP V N NUM NUM N V ADP V
然れ ば 則 異宗 皆 和し て 生樂 を 國内 に 共 に し 互 に 良正 に 輔導 する を 以 て 專念 と 爲す に 至る べし	然り ば 則 異宗 皆 和す て 生樂 を 國内 に 共 に す 互 に 良正 なり 輔導 す を 以つ て 專念 と 爲す に 至る べし	V CONJ CONJ N N V CONJ N ADP N ADP N ADP V N ADP ADJ V N V ADP V CONJ N ADP V ADP V V
（ 五十 五 葉 ）	（ 五十 五 葉 ）	_ NUM NUM N _
我 に 於 て は 未 曾て 誓士 の 設 ある ヿ なし	我 に 於く て は 未 曾て 誓士 の 設 あり ヿ なし	PRO ADP V CONJ ADP ADV ADV N ADP N V N V
騷亂 を 起す に 非れ ば 詐僞 俗 を 爲す に 至る べし	騷亂 を 起す なり 非ず ば 詐僞 俗 を 爲す に 至る べし	N ADP V V V CONJ N N ADP V ADP V V
今 や 聖明 上 に あり 賢俊 位 に 滿ち 萬古 無前 の 變革 立ろ に 定る	今 や 聖明 上 に あり 賢俊 位 に 滿つ 萬古 無前 の 變革 立ろ に 定る	N ADP N N ADP V N N ADP V N ADJ ADP N N ADP V
昔日 藤原 氏 の 跋扈 武臣 代覇 の 變 於是 乎 生ず	昔日 藤原 氏 の 跋扈 武臣 代覇 の 變 於是 乎 生ず	N PROPN PART ADP N N N ADP N CONJ ADP V
故 に 其 文化 局し て 海内 に 布く を 得 ず	故 に 其 文化 局す て 海内 に 布く を 得 ず	N ADP PRO N V CONJ N ADP V ADP V NEG;V
其 法 を 定む	其 法 を 定む	PRO N ADP V
久ふ し て 豪膽 強力 の 人 其 間 に 興り 、 威力 を 以 て 其 民 を 壓伏 し 、 自 其 酋長 と 爲り 、 号令 を 其 域内 に 行ふ 、	久し す て 豪膽 強力 の 人 其 間 に 興る 、 威力 を 以つ て 其 民 を 壓伏 す 、 自 其 酋長 と 爲る 、 号令 を 其 域内 に 行ふ 、	ADJ V CONJ N N ADP N PRO N ADP V _ N ADP V CONJ PRO N ADP N V _ N PRO N ADP V _ N ADP PRO N ADP V _
故 に 其 弊 を 去り 其 利 を 興し 其 目的 を 確立 す べき 而已	故 に 其 弊 を 去る 其 利 を 興す 其 目的 を 確立 す べし 而已	N ADP PRO N ADP V PRO N ADP V PRO N ADP N V V ADP
嚮 に 外國 貿易 を 請ふ の 日 我 國 從來 固有 する 所 の 物 を 以 て 之 に 當り 姑らく 是 に 抗する に 其 勢 隨 て 抗すれ ば 隨 て 強し	嚮 に 外國 貿易 を 請ふ の 日 我 國 從來 固有 す 所 の 物 を 以つ て 之 に 當る 姑らく 是 に 抗す に 其 勢 隨ふ て 抗す ば 隨ふ て 強し	N ADP N N ADP V ADP N ADJ N N N V N ADP N ADP V CONJ PRO ADP V ADV PRO ADP V ADP PRO N V CONJ V CONJ V CONJ ADJ
（ 以上 六十 六 葉 ）	（ 以上 六十 六 葉 ）	_ N NUM NUM N _
苟 陋 なら ば 其 陋 を 守 て 足れ り	苟 陋 なり ば 其 陋 を 守る て 足る り	ADV N V CONJ PRO N ADP V CONJ V V
然れ ども 之 を 眞 の 健康 の 人 に 比すれ ば 、 体格 羸痩 、 血色 青蒼 、 一見 し て 其 虚弱 人 たる ヿ を 知る 、	然り ども 之 を 眞 の 健康 の 人 に 比す ば 、 体格 羸痩 、 血色 青蒼 、 一見 す て 其 虚弱 人 たり ヿ を 知る 、	V CONJ PRO ADP N ADP N ADP N ADP V CONJ _ N N _ N N _ N V CONJ PRO N PART V N ADP V _
罪人 一度 處刑 の 行告 を 受け たる 後 其 罪 に 服せ ざる 所 あれ ば 某々 時限 内 に 於 て 更に 上等 裁判 所 に 控訴 する ヿ を 得 べし	罪人 一度 處刑 の 行告 を 受く たり 後 其 罪 に 服す ず 所 あり ば 某々 時限 内 に 於く て 更に 上等 裁判 所 に 控訴 す ヿ を 得 べし	N N N ADP N ADP V V N PRO N ADP V NEG;V N V CONJ N N PART ADP V CONJ ADV N N PART ADP N V N ADP V V
曰く 綴字 （ スペルリング ） の 法 と 呼法 （ フロナンシエシウン ） の 法 と を 立て 以 て 之 を 和せ しむ	曰く 綴字 （ スペルリング ） の 法 と 呼法 （ フロナンシエシウン ） の 法 と を 立つ 以つ て 之 を 和す しむ	N N _ N _ ADP N ADP N _ N _ ADP N ADP ADP V V CONJ PRO ADP V V
証左 に 據り て 曲直 を 判ずる は 民法 裁判 の 通法 に し て 我 帝國 日本 の 聽訟 舊法 も 歐米 の 新法 と 大に 逕庭 ある ヿ なし	証左 に 據る て 曲直 を 判ず は 民法 裁判 の 通法 なり す て 我 帝國 日本 の 聽訟 舊法 も 歐米 の 新法 と 大に 逕庭 あり ヿ なし	N ADP V CONJ N ADP V ADP N N ADP N V V CONJ ADJ N PROPN ADP N N ADP N ADP N ADP ADV N V N V
故 に 今日 之 を 改正 せ む と する の 擧 亦 なき に あら ず	故 に 今日 之 を 改正 す む と す の 擧 亦 なし なり あり ず	N ADP N PRO ADP N V V ADP V ADP N ADV V V V NEG;V
是 教法 上 臆想 の 事 に 属す と 雖 今 之 を 治刑 條例 中 に 採取 せ ん も 亦 不可 なり と せ ず	是 教法 上 臆想 の 事 に 属す と 雖 今 之 を 治刑 條例 中 に 採取 す む も 亦 不可 なり と す ず	PRO N PART N ADP N ADP V ADP CONJ N PRO ADP N N PART ADP N V V ADP ADV N V ADP V NEG;V
是 我 拙 且つ 習は ざる 所 に し て 其 遽 に 敵す べから ざる ヿ 判然 たり	是 我 拙 且つ 習ふ ず 所 なり す て 其 遽 なり 敵す べし ず ヿ 判然 たり	PRO ADJ N CONJ V NEG;V N V V CONJ PRO ADJ V V V NEG;V N ADJ V
と	と	ADP
目的 確立 の 實 嚴肅 なれ ば 學校 の 教へ 益 盛 なり やすく 開明 の 政 益 行 れ やすく 之 に 加ふる に 諸道 諸縣 有名 有望 の 士民 公論 に より 年々 官選 し て 議員 に 列し 漸く 民選 の 法 を 施さ ば 三 年 效 あり 七 年 小成 十 年 に し て 所謂 民選 議院 始て 大成 人民 保護 の 道 明 に し て 開明 富強 の 實 立ち 皇統 億 萬年 の 安き 論 を 待 不 と 愚案 仕り 候	目的 確立 の 實 嚴肅 なり ば 學校 の 教へ 益 盛 なる やすし 開明 の 政 益 行ふ る やすし 之 に 加ふ に 諸道 諸縣 有名 有望 の 士民 公論 に よる 年々 官選 す て 議員 に 列す 漸く 民選 の 法 を 施す ば 三 年 效 あり 七 年 小成 十 年 に す て 所謂 民選 議院 始て 大成 人民 保護 の 道 明 なり す て 開明 富強 の 實 立つ 皇統 億 萬年 の 安し 論 を 待つ 不 と 愚案 仕る 候ふ	N N ADP N ADJ V CONJ N ADP N ADV ADJ V PART N ADP N ADV V V PART PRO ADP V CONJ N N ADJ N ADP N N ADP V N N V CONJ N ADP V ADV N ADP N ADP V CONJ NUM N N V NUM N N NUM N ADP V CONJ ADJ N N ADV N N N ADP N ADJ V V CONJ N N ADP N V N NUM N ADP ADJ N ADP V V ADP N V V
故 に 今 の 唐音 と 別 なる 者 を 生ず	故 に 今 の 唐音 と 別 なり 者 を 生ず	N ADP N ADP N ADP N V N ADP V
夫 民選 議院 は 上下 同治 の 事 なり	夫 民選 議院 は 上下 同治 の 事 なり	CONJ N N ADP N N ADP N V
○ 若し 國宗 に 異 なる 宗教 を 信ずる 人民 其 數 甚だ 多から ず 然も 政府 之 を 國内 に 許し置く を 不可 と 爲す 時 は 其 異宗 人民 各 其 所有 の 土地 を 賣却 し 家族 と 共 に 其 國 を 去り 又 總て 其 家産 を 擕去 する の 通義 を 有す べし	○ 若し 國宗 に 異 なり 宗教 を 信ず 人民 其 數 甚だ 多し ず 然も 政府 之 を 國内 に 許し置く を 不可 と 爲す 時 は 其 異宗 人民 各 其 所有 の 土地 を 賣却 す 家族 と 共 に 其 國 を 去る 又 總て 其 家産 を 擕去 す の 通義 を 有す べし	_ ADV N ADP N V N ADP V N PRO N ADV ADJ NEG;V CONJ N PRO ADP N ADP V ADP N ADP V N ADP PRO N N N PRO N ADP N ADP N V N ADP N ADP PRO N ADP V CONJ N PRO N ADP N V ADP N ADP V V
今 夫 属官 たる 者 長官 の 輕侮 を 憤り 其 處置 の 數〻 改り 不公 不平 なる を 見聞 し て 陰 に 其 愚 を 嘲り 曰く	今 夫 属官 たり 者 長官 の 輕侮 を 憤る 其 處置 の 數〻 改る 不公 不平 なり を 見聞 す て 陰 に 其 愚 を 嘲る 曰く	N CONJ N V N N ADP N ADP V PRO N ADP ADV V N N V ADP N V CONJ N ADP PRO N ADP V N
豈 之 を 世交 の 通義 を 破り 政法 の 基礎 を 動かす と 云は ざる べけ ん や	豈 之 を 世交 の 通義 を 破る 政法 の 基礎 を 動かす と 云ふ ず べし む や	ADV PRO ADP N ADP N ADP V N ADP N ADP V ADP V NEG;V V V ADP
然り 而 小子 竊 に 疑ふ	然り 而 小子 竊 なり 疑ふ	V CONJ PRO ADJ V V
而して 今日 に 於 て 坐視 し て 自然 に 付す べけ ん や	而して 今日 に 於く て 坐視 す て 自然 に 付す べし む や	CONJ N ADP V CONJ N V CONJ N ADP V V V ADP
以 て 言ふ べし	以つ て 言ふ べし	V CONJ V V
中葉 に 及ん で 再び 漢音 を 學ば しむ	中葉 に 及ぶ で 再び 漢音 を 學ぶ しむ	N ADP V CONJ ADV N ADP V V
明君 復 起る も 力 を 回復 に 費し 漸く に し て 爲す 有 ん と すれ ば 年老ひ 身 死す	明君 復 起る も 力 を 回復 に 費す 漸く に す て 爲す 有り む と す ば 年老ふ 身 死す	N ADV V ADP N ADP N ADP V ADV ADP V CONJ V V V ADP V CONJ V N V
人民 若し 宗教 に 就 て 異説 あら ば 必ず 之 を 其 邦 の 主宰 に 致し 其 命 を 待つ べし	人民 若し 宗教 に 就く て 異説 あり ば 必ず 之 を 其 邦 の 主宰 に 致す 其 命 を 待つ べし	N ADV N ADP V CONJ N V CONJ ADV PRO ADP PRO N ADP N ADP V PRO N ADP V V
僕 甞て 謂へ らく 歐洲 の 人種 今 に し て 世界 に 冠 たり	僕 甞て 謂ふ り 歐洲 の 人種 今 に す て 世界 に 冠 たり	PRO ADV V V PROPN ADP N N ADP V CONJ N ADP N V
何 ぞ や	何 ぞ や	PRO ADP ADP
若し 之 に 罰 を 加る 時 は 國君 の 處置 實 に 不正 の 甚き 者 と 云 べし	若し 之 に 罰 を 加ふ 時 は 國君 の 處置 實 に 不正 の 甚し 者 と 云ふ べし	ADV PRO ADP N ADP V N ADP N ADP N N ADP N ADP ADJ N ADP V V
故 に 君民 同治 の 政体 は 、 因襲 道理 混合 政治 の 別名 と する も 可 なり 、	故 に 君民 同治 の 政体 は 、 因襲 道理 混合 政治 の 別名 と す も 可 なり 、	N ADP N N ADP N ADP _ N N N N ADP N ADP V ADP N V _
第 九 漢字 の 音 を 用ふる 法 を 定む	第 九 漢字 の 音 を 用ふ 法 を 定む	N NUM N ADP N ADP V N ADP V
世交 邦政 の 要 は 必然 其 國 を 安保 する に あり	世交 邦政 の 要 は 必然 其 國 を 安保 す に あり	N N ADP N ADP N PRO N ADP N V ADP V
其 分界 自ら 判然 たり	其 分界 自ら 判然 たり	PRO N ADV ADJ V
然れ ども 其 之 を 國法 に 推及 し 難き は 論 を 竢た ず	然り ども 其 之 を 國法 に 推及 す 難し は 論 を 竢つ ず	V CONJ CONJ PRO ADP N ADP N V PART ADP N ADP V NEG;V
然る に 唯 社 を 結ぶ の 一大 要訣 は 先づ 社 の 本員 を 撰擧 する 法 を 定め 黽勉 爰 に 從事 し て 敢て 人 を 勸め ず 敢て 人 を 誘は ず 別して 白面 生徒 等 を 忌物 と し 頗 密 に する 程 なる を 要す べし	然り に 唯 社 を 結ぶ の 一大 要訣 は 先づ 社 の 本員 を 撰擧 す 法 を 定む 黽勉 爰 に 從事 す て 敢て 人 を 勸む ず 敢て 人 を 誘ふ ず 別して 白面 生徒 等 を 忌物 と す 頗 密 なり す 程 なり を 要す べし	V CONJ ADV N ADP V ADP N N ADP ADV N ADP N ADP N V N ADP V N PRO ADP N V CONJ ADV N ADP V NEG;V ADV N ADP V NEG;V ADV N N PART ADP N ADP V ADV ADJ V V N V ADP V V
衣服 なり 飮食 なり 居住 なり 法律 なり 政事 なり 風俗 なり 其 他 百工 學術 に 至る まで 彼 に 採る に 向は ざる 者 莫し	衣服 なり 飮食 なり 居住 なり 法律 なり 政事 なり 風俗 なり 其 他 百工 學術 に 至る まで 彼 に 採る に 向ふ ず 者 莫し	N ADP N ADP N ADP N ADP N ADP N ADP PRO N N N ADP V ADP PRO ADP V ADP V NEG;V N V
乃 此 不通 の 習慣 法 を 永存 し て 以 て 彼我 同權 の 條約 を 締立 し 我 法律 を 以 て 外國 自由 の 民 を 束縛 せ ん と す	乃 此 不通 の 習慣 法 を 永存 す て 以つ て 彼我 同權 の 條約 を 締立 す 我 法律 を 以つ て 外國 自由 の 民 を 束縛 す む と す	CONJ PRO N ADP N PART ADP N V CONJ V CONJ N N ADP N ADP N V ADJ N ADP V CONJ N N ADP N ADP N V V ADP V
然る に 今 其 所謂 我 の 文章 なる 者 言ふ 所 書する 所 其 法 を 異 に し て 言ふ べき は 書す べから ず	然り に 今 其 所謂 我 の 文章 なり 者 言ふ 所 書す 所 其 法 を 異 なり す て 言ふ べし は 書す べし ず	V CONJ N PRO ADJ PRO ADP N V N V N V N PRO N ADP N V V CONJ V V ADP V V NEG;V
我 は 我 也	我 は 我 なり	PRO ADP PRO V
何 ぞ 其 澤 の 大 なる を 憾み ん や	何 ぞ 其 澤 の 大 なり を 憾む む や	PRO ADP PRO N ADP N V ADP V V ADP
人 將さに 謂は ん と す	人 將さに 謂ふ む と す	N ADV V V ADP V
又 我 長ずる 農 を 以 て 西國 の 農 と 其 技能 を 爭は しめ ば 優劣 何れ に か 在る	又 我 長ず 農 を 以つ て 西國 の 農 と 其 技能 を 爭ふ しむ ば 優劣 何れ に か 在り	CONJ ADJ V N ADP V CONJ N ADP N ADP PRO N ADP V V CONJ N PRO ADP ADP V
○ 邦内 の 人 一 宗教 を 好崇 する 其 數 の 半 に 過る 時 は 以 て 之 を 其 國宗 と 定むる ヿ ある べし	○ 邦内 の 人 一 宗教 を 好崇 す 其 數 の 半 に 過ぐ 時 は 以つ て 之 を 其 國宗 と 定む ヿ あり べし	_ N ADP N NUM N ADP N V PRO N ADP N ADP V N ADP V CONJ PRO ADP PRO N ADP V N V V
而て 本員 の 外 入社 の 者 は 議定 の 上 文典 の 規則 立 て 刷板 の 期 に 至ら ば 二三 葉 宛 の 摺物 を 配賦 し 其 規則 を 遵用 せ しめ 或は 不審 の 廉 あら ば 質問 に 來る を 許し 發明 あら ば 社 の 本員 に 呈し て 採用 不 採用 の 議 に 付する 等 の 特權 を 假す べし	而て 本員 の 外 入社 の 者 は 議定 の 上 文典 の 規則 立つ て 刷板 の 期 に 至る ば 二三 葉 宛 の 摺物 を 配賦 す 其 規則 を 遵用 す しむ 或は 不審 の 廉 あり ば 質問 に 來る を 許す 發明 あり ば 社 の 本員 に 呈す て 採用 不 採用 の 議 に 付す 等 の 特權 を 假す べし	CONJ N ADP N N ADP N ADP N ADP N N ADP N V CONJ N ADP N ADP V CONJ NUM N ADP ADP N ADP N V PRO N ADP N V V CONJ N ADP N V CONJ N ADP V ADP V N V CONJ N ADP N ADP V CONJ N N;NEG N ADP N ADP V ADP ADP N ADP V V
其 人 盖 曰ふ	其 人 盖 曰ふ	PRO N ADV V
且 米國 の 未だ 合衆 せ ざる や 話聖東 以下 羣賢 焦思 苦心 百會 萬議 勞す と 謂 べし	且 米國 の 未だ 合衆 す ず や 話聖東 以下 羣賢 焦思 苦心 百會 萬議 勞す と 謂ふ べし	CONJ PROPN ADP ADV N V NEG;V ADP PROPN N N N N N N V ADP V V
我 に 於 て は 縱令 罪証 十分 に 明確 なる も 罪人 の 口供 に あら ざれ ば 决放 す べから ざる を 以 て 通法 と す	我 に 於く て は 縱令 罪証 十分 なり 明確 なり も 罪人 の 口供 なり あり ず ば 决放 す べし ず を 以つ て 通法 と す	PRO ADP V CONJ ADP ADV N ADJ V ADJ V ADP N ADP N V V NEG;V CONJ N V V NEG;V ADP V CONJ N ADP V
國 異 なり	國 異 なり	N N V
余 想ふ に 國人 の 習 愈々 熟し 巧 愈々 進む 者 は 自由 交易 の 説 を 喜び 保護 法 を 嫌ふ	余 想ふ に 國人 の 習 愈々 熟す 巧 愈々 進む 者 は 自由 交易 の 説 を 喜ぶ 保護 法 を 嫌ふ	PRO V ADP N ADP N ADV V N ADV V N ADP N N ADP N ADP V N N ADP V
是れ 治國 の 道 に あら ず	是れ 治國 の 道 なり あり ず	PRO N ADP N V V NEG;V
○ 民選 議院 を 立る に は 先 政體 を 定む べき の 疑問	○ 民選 議院 を 立つ に は 先 政體 を 定む べし の 疑問	_ N N ADP V ADP ADP ADV N ADP V V ADP N
且 王朝 の 古 官府 亦 漢語 を 用ふ	且 王朝 の 古 官府 亦 漢語 を 用ふ	CONJ N ADP N N ADV N ADP V
當時 幕吏 此 見 なく 漠然 と し て 外國 に 制せ らる	當時 幕吏 此 見 なし 漠然 たり す て 外國 に 制す らる	N N PRO N V ADJ V V CONJ N ADP V V
以上 論ずる 所 に 據 て 之 を 見れ ば 因襲 政治 は 蒙昧 の 政体 に し て 、 混合 政体 は 蒙昧 に 明智 を 兼 たる 政体 、 道理 政治 は 純 に 明智 の 政体 なる が 如し 、	以上 論ず 所 に 據る て 之 を 見る ば 因襲 政治 は 蒙昧 の 政体 なり す て 、 混合 政体 は 蒙昧 に 明智 を 兼ぬ たり 政体 、 道理 政治 は 純 なり 明智 の 政体 なり が 如し 、	N V N ADP V CONJ PRO ADP V CONJ N N ADP N ADP N V V CONJ _ N N ADP N ADP N ADP V V N _ N N ADP ADJ V N ADP N V ADP V _
○ 若 夫れ 宗教 の 如き 甚 強 なる 感化 力 に 由 て 熱中 し たる 黨類 詐妄 險害 なる 教法 を 主張 し 以 て 世人 を 惑亂 する に 至ら ば 災禍 の 汎濫 する 其 極 何處 に 止まら ん	○ 若 夫れ 宗教 の 如し 甚 強 なり 感化 力 に 由る て 熱中 す たり 黨類 詐妄 險害 なり 教法 を 主張 す 以つ て 世人 を 惑亂 す に 至る ば 災禍 の 汎濫 す 其 極 何處 に 止まる む	_ ADV CONJ N ADP V ADV N V N PART ADP V CONJ N V V N N N V N ADP N V V CONJ N ADP N V ADP V CONJ N ADP N V PRO N PRO ADP V V
彼 に 於 て は 甲 徒 若しくは 禁錮 に し て 乙 死 なる の 類 なり	彼 に 於く て は 甲 徒 若しくは 禁錮 なり す て 乙 死 なり の 類 なり	PRO ADP V CONJ ADP N N CONJ N V V CONJ N N V ADP N V
請ふ	請ふ	V
と	と	ADP
其 利 五 なり	其 利 五 なり	PRO N NUM V
今 此 法 一たび 立た ば 此 等 亦 一致 す べし	今 此 法 一たび 立つ ば 此 等 亦 一致 す べし	N PRO N N V CONJ PRO PART ADV N V V
然 ども 統 は 改ら ず し て 世 は 則 改る	然り ども 統 は 改る ず す て 世 は 則 改る	V CONJ N ADP V NEG;V V CONJ N ADP CONJ V
（ 瑞士 國 の 起り は 中古 史 の 中 に 在れ ども 徳 法 英 等 の 國 に 比すれ ば 大に 後る 、	（ 瑞士 國 の 起り は 中古 史 の 中 に 在り ども 徳 法 英 等 の 國 に 比す ば 大に 後る 、	_ PROPN PART ADP N ADP N PART ADP N ADP V CONJ PROPN PROPN N ADP ADP N ADP V CONJ ADV V _
然 ども 方今 維新 の 機 に 際し 公卿 大臣 皆 化 を 尚ぶ の 人 なれ ば 苟も 之 を 説く に 理 を 以 て し 之 を 請ふ に 道 を 以 て し 其 國家 に 利 あり て 害 なき を 察せ ば 亦 允可 を 受る に 至る べし	然り ども 方今 維新 の 機 に 際す 公卿 大臣 皆 化 を 尚ぶ の 人 なり ば 苟も 之 を 説く に 理 を 以つ て す 之 を 請ふ に 道 を 以つ て す 其 國家 に 利 あり て 害 なし を 察す ば 亦 允可 を 受く に 至る べし	V CONJ N N ADP N ADP V N N N N ADP V ADP N V CONJ ADV PRO ADP V ADP N ADP V CONJ V PRO ADP V ADP N ADP V CONJ V PRO N ADP N V CONJ N V ADP V CONJ ADV N ADP V ADP V V
又 何 を 以 て 民選 議院 の 實 を 施さ ん	又 何 を 以つ て 民選 議院 の 實 を 施す む	CONJ PRO ADP V CONJ N N ADP N ADP V V
全國 人民 の 罪 なり	全國 人民 の 罪 なり	N N ADP N V
然る に 所謂 國學 を 以 て 之 を 視れ ば 之 に 依 て 國語 の 學 始て 立つ ヿ を 得 べし	然り に 所謂 國學 を 以つ て 之 を 視る ば 之 に 依る て 國語 の 學 始て 立つ ヿ を 得 べし	V CONJ ADJ N ADP V CONJ PRO ADP V CONJ PRO ADP V CONJ N ADP N ADV V N ADP V V
苟も 文章 なし	苟も 文章 なし	ADV N V
中心 の 宗教 は 各人 自己 の 事務 なり	中心 の 宗教 は 各人 自己 の 事務 なり	N ADP N ADP N N ADP N V
第 六 呼法 を 定む	第 六 呼法 を 定む	N NUM N ADP V
决して 自恣 公行 以 て 世交 の 妨害 を 爲す の 權 を 有する に 非る なり	决して 自恣 公行 以つ て 世交 の 妨害 を 爲す の 權 を 有す なり 非ず なり	ADV N N V CONJ N ADP N ADP V ADP N ADP V V V V
今ま 人 甘蔗 を 食ふ	今ま 人 甘蔗 を 食ふ	N N N ADP V
抑 原被告 人 各 其 非 を 掩ひ 其 理 を 陳ず	抑 原被告 人 各 其 非 を 掩ふ 其 理 を 陳ず	N N PART N PRO N ADP V PRO N ADP V
盖 損 あり て 益 なし	盖 損 あり て 益 なし	ADV N V CONJ N V
其 性 を 挑起 する は 秘すれ ば 愈々 盛 なる 者 なる を や	其 性 を 挑起 す は 秘す ば 愈々 盛 なり 者 なり を や	PRO N ADP N V ADP V CONJ ADV ADJ V N V PART ADP
只 其 言 を 信ぜ ば 何れ が 曲 何れ が 直 聽く 者 豈 惑は ざら ん や	只 其 言 を 信ず ば 何れ が 曲 何れ が 直 聽く 者 豈 惑ふ ず む や	CONJ PRO N ADP V CONJ PRO ADP N PRO ADP ADJ V N ADV V NEG;V V ADP
然ら ば 今日 諸 先生 僕 が 論 に 萬一 同意 し 玉は ん と なら ば 先 あ の 字 より 始む べし	然り ば 今日 諸 先生 僕 が 論 に 萬一 同意 す 玉ふ む と なる ば 先 あ の 字 より 始む べし	V CONJ N N N PRO ADP N ADP N N V V V ADP V CONJ ADV _ ADP N ADP V V
子 豈 罪人 の 僥倖 に し て 罪 を 免るる 者 絶 て 無し と 思ふ 歟	子 豈 罪人 の 僥倖 なり す て 罪 を 免る 者 絶ゆ て 無し と 思ふ 歟	PRO ADV N ADP N V V CONJ N ADP V N V CONJ V ADP V ADP
直に 彼の 法 を 取る のみ	直に 彼の 法 を 取る のみ	ADV DET N ADP V ADP
第 八 働字 の 法 并 に 時 を 定む	第 八 働字 の 法 并 に 時 を 定む	N NUM N ADP N N ADP N ADP V
猶 曰く 因循 す べし	猶 曰く 因循 す べし	ADV N N V V
豈 一大 美事 なら ず や	豈 一大 美事 なり ず や	ADV N N V NEG;V ADP
今 則 稍 自國 の 語 を 用ふ	今 則 稍 自國 の 語 を 用ふ	N CONJ ADV N ADP N ADP V
是 前 に 所謂 人民 の 愚 如何 と も する なき 者 なり	是 前 に 所謂 人民 の 愚 如何 と も す なし 者 なり	PRO N ADP ADJ N ADP N N ADP ADP V V N V
今 英語 を 引か ば 綴字 の 呼法 と 往々 に し て 異 を 表する 者 盖 亦 我が 國語 の 如く 已む を 得 ざる に 出 たる 者 なり	今 英語 を 引く ば 綴字 の 呼法 と 往々 に す て 異 を 表す 者 盖 亦 我が 國語 の 如し 已む を 得 ず に 出づ たり 者 なり	N N ADP V CONJ N ADP N ADP ADV ADP V CONJ N ADP V N ADV ADV ADJ N ADP V V ADP V NEG;V ADP V V N V
此 法 果して 立た ば 著述 飜譯 甚 便り を 得 ん	此 法 果して 立つ ば 著述 飜譯 甚 便り を 得 む	PRO N ADV V CONJ N N ADV N ADP V V
之 を 舍 可 也	之 を 舍つ 可 なり	PRO ADP V N V
手 倦み 力 竭き 己 亦 從 て 倒れ ん と す	手 倦む 力 竭く 己 亦 從ふ て 倒る む と す	N V N V PRO ADV V CONJ V V ADP V
前日 の 明詔 今日 民選 議院 の 説 期 不 し て 其 歸 を 一 に す	前日 の 明詔 今日 民選 議院 の 説 期す 不 す て 其 歸 を 一 に す	N ADP N N N N ADP N V V V CONJ PRO N ADP NUM ADP V
是れ 本然 侵し 難き の 通義 なり	是れ 本然 侵す 難し の 通義 なり	PRO N V PART ADP N V
二 年 に し て 都府 に 傳播 する を 得 べし	二 年 に す て 都府 に 傳播 す を 得 べし	NUM N ADP V CONJ N ADP N V ADP V V
曰く 其 術 如何	曰く 其 術 如何	N PRO N N
一盛 一衰 反覆 因循 國 何 を 以 て 富強 治 何 を 以 て 開明 を 得 ん	一盛 一衰 反覆 因循 國 何 を 以つ て 富強 治 何 を 以つ て 開明 を 得 む	N N N N N PRO ADP V CONJ N N PRO ADP V CONJ N ADP V V
今 洋字 を 以 て 和語 を 書す	今 洋字 を 以つ て 和語 を 書す	N N ADP V CONJ N ADP V
是 何 と なれ ば 維新 以來 日たる 未だ 久しから ざれ ば 外面 の 規模 は 如何に 盛大 に も あれ 衷情 未だ 浹洽 せ ざれ ば なり	是 何 と なり ば 維新 以來 日たる 未だ 久し ず ば 外面 の 規模 は 如何に 盛大 なり も あり 衷情 未だ 浹洽 す ず ば なり	PRO PRO ADP V CONJ N N V ADV ADJ NEG;V CONJ N ADP N ADP ADV ADJ V ADP V N ADV N V NEG;V CONJ V
夫 如此き 人民 を 以 て 如此き 國 に 居る	夫 如此し 人民 を 以つ て 如此し 國 に 居る	CONJ ADJ N ADP V CONJ ADJ N ADP V
今 我 國 にて 謹愼 意 を 用ひ 内外 の 事情 を 周悉 し 以 て 保護 法 を 行は ば 何 ぞ 其 弊 の 憂ふる に 足る 者 あら ん や	今 我 國 にて 謹愼 意 を 用ふ 内外 の 事情 を 周悉 す 以つ て 保護 法 を 行ふ ば 何 ぞ 其 弊 の 憂ふ に 足る 者 あり む や	N ADJ N ADP N N ADP V N ADP N ADP N V V CONJ N N ADP V CONJ PRO ADP PRO N ADP V ADP V N V V ADP
諸省 又 一 省 の 説 を 張 ず 一 省 内 各 一分 の りきみ を 以 て 公理 を 後 に せ ず 必ず 又 反覆 討論 至當 に 歸し て 後 之 を 行ひ 以 て 上下 同治 の 目的 を 正す	諸省 又 一 省 の 説 を 張る ず 一 省 内 各 一分 の りきみ を 以つ て 公理 を 後 に す ず 必ず 又 反覆 討論 至當 なり 歸す て 後 之 を 行ふ 以つ て 上下 同治 の 目的 を 正す	N CONJ NUM PART ADP N ADP V NEG;V NUM PART PART N N ADP N ADP V CONJ N ADP N ADP V NEG;V ADV CONJ N N N V V CONJ N PRO ADP V V CONJ N N ADP N ADP V
只 其 利 の 大 なる 者 を 見 たる なら ん	只 其 利 の 大 なり 者 を 見る たり なり む	CONJ PRO N ADP N V N ADP V V V V
○ （ 羅馬 法王 管轄 の 僧徒 等 從属 の 有樣 を 記載 する の 末 に 以下 の 文 あり ）	○ （ 羅馬 法王 管轄 の 僧徒 等 從属 の 有樣 を 記載 す の 末 に 以下 の 文 あり ）	_ _ PROPN N N ADP N PART N ADP N ADP N V ADP N ADP N ADP N V _
况や 時 古へ と 異 なり	况や 時 古へ と 異 なり	ADV N N ADP N V
文字 を 併せ て 之 を 取る に 若か ず	文字 を 併す て 之 を 取る に 若く ず	N ADP V CONJ PRO ADP V ADP V NEG;V
余輩 迂陋 拙劣 固より 其 任 に 耐 ず	余輩 迂陋 拙劣 固より 其 任 に 耐ふ ず	PRO N N ADV PRO N ADP V NEG;V
道理 上 より 之 を 論ずれ ば 道理 政治 を 以 て 上等 と 爲す べし 、	道理 上 より 之 を 論ず ば 道理 政治 を 以つ て 上等 と 爲す べし 、	N PART ADP PRO ADP V CONJ N N ADP V CONJ N ADP V V _
夫れ 本邦 國體 開闢 一姓 統御 人心 固結 し て 海外 諸國 と 異 なる 苟も 少く 知覺 ある 者 皆 之 を 知る	夫れ 本邦 國體 開闢 一姓 統御 人心 固結 す て 海外 諸國 と 異 なり 苟も 少く 知覺 あり 者 皆 之 を 知る	CONJ N N N N N N N V CONJ N N ADP N V ADV ADV N V N N PRO ADP V
故 に 我 の 新 は 彼 の 陳 たる 言 を 待 ざる なり	故 に 我 の 新 は 彼 の 陳 たり 言 を 待つ ず なり	N ADP PRO ADP N ADP PRO ADP N V N ADP V NEG;V V
今日 の 開明 に し て 而して 民心 主 なく 〓々 上 を 信ぜ ず 上 たる 者 も 亦 議論 熟せ ず 處置 しきり に 定まら ざる 者 皆 目的 立 ざる の 致す 處 なら ん	今日 の 開明 に す て 而して 民心 主 なし 〓々 上 を 信ず ず 上 たり 者 も 亦 議論 熟す ず 處置 しきり なり 定まる ず 者 皆 目的 立つ ず の 致す 處 なり む	N ADP N ADP V CONJ CONJ N N V N N ADP V NEG;V N V N ADP ADV N V NEG;V N ADJ V V NEG;V N N N V NEG;V ADP V N V V
是 かの 有力 者 首唱 たる 者 も 遂に 屈し 己 の 赤心 を 吐露 する ヿ なく 姑く 泥 を 濁らし 醨 を 啜り 本意 なら ざる も 糢糊 首 を 俯す に 外 なら ざる 所 なり	是 かの 有力 者 首唱 たり 者 も 遂に 屈す 己 の 赤心 を 吐露 す ヿ なし 姑く 泥 を 濁らす 醨 を 啜る 本意 なり ず も 糢糊 首 を 俯す に 外 なり ず 所 なり	PRO ADJ ADJ PART N V N ADP ADV V PRO ADP N ADP N V N V ADV N ADP V N ADP V N V NEG;V ADP ADJ N ADP V ADP N V NEG;V N V
唯 村 學窮 手習 師匠 俗吏 里胥 の 類 之 を 聞か ば 甚 悦び ざる あら ん	唯 村 學窮 手習 師匠 俗吏 里胥 の 類 之 を 聞く ば 甚 悦ぶ ず あり む	CONJ N N N N N N ADP N PRO ADP V CONJ ADV V NEG;V V V
其 事 の 中止 する 亦 何ん ぞ 惜む に 足ら ん	其 事 の 中止 す 亦 何ん ぞ 惜む に 足る む	PRO N ADP N V ADV PRO ADP V ADP V V
故 に 平民 共和 の 政体 は 道理 政治 の 別名 と する も 可 なり 、	故 に 平民 共和 の 政体 は 道理 政治 の 別名 と す も 可 なり 、	N ADP N N ADP N ADP N N ADP N ADP V ADP N V _
小 なる 者 往々 に し て 在り	小 なり 者 往々 に す て 在り	N V N ADV ADP V CONJ V
曰く 和字 のみ を 用ふ と	曰く 和字 のみ を 用ふ と	N N ADP ADP V ADP
將た 其 内亂 の 餘弊 あり て 然る か	將た 其 内亂 の 餘弊 あり て 然り か	ADV PRO N ADP N V CONJ V ADP
議論 政府 へ 憚り ある に 似 たる も 忌諱 犯す べき の 令 あり	議論 政府 へ 憚り あり に 似る たり も 忌諱 犯す べし の 令 あり	N N ADP N V ADP V V ADP N V V ADP N V
譬ば 我 に 於 て 子孫 祖父母 父母 を 毆つ 斬 、 改定 律例 懲役 十 年 、 子孫 を 故殺 す 徒 、	譬ば 我 に 於く て 子孫 祖父母 父母 を 毆つ 斬 、 改定 律例 懲役 十 年 、 子孫 を 故殺 す 徒 、	ADV PRO ADP V CONJ N N N ADP V N _ N N N NUM N _ N ADP N V N _
然る に 和字 の 制 子母音 相 合す	然り に 和字 の 制 子母音 相 合す	V CONJ N ADP N N N V
然れ ども 些少 も 之 に 權力 を 假す べから ず	然り ども 些少 も 之 に 權力 を 假す べし ず	V CONJ N ADP PRO ADP N ADP V V NEG;V
然 ども 其 變革 大抵 治亂 に 生ず	然り ども 其 變革 大抵 治亂 に 生ず	V CONJ PRO N ADV N ADP V
（ 五十 八 葉 ）	（ 五十 八 葉 ）	_ NUM NUM N _
僕 甞て 事 に 就く 次序 を 考へ たる 事 あり	僕 甞て 事 に 就く 次序 を 考ふ たり 事 あり	PRO ADV N ADP V N ADP V V N V
此 法 果して 立た ば 印刷 の 便 悉く 彼の 法 に 依り 其 輕便 言ふ 斗 なかる べし	此 法 果して 立つ ば 印刷 の 便 悉く 彼の 法 に 依る 其 輕便 言ふ 斗 なし べし	PRO N ADV V CONJ N ADP N ADV DET N ADP V PRO N V ADP V V
請ふ	請ふ	V
故 に 新國 なれ ば 必 皆 道理 政治 を 立る に と 云ふ に 非 ざれ ども 、 舊國 に 於 て 昔 より 道理 政治 を 立來り し と 云ふ は 未だ 聞 ざる 所 なり 、	故 に 新國 なり ば 必 皆 道理 政治 を 立つ に と 云ふ なり あり ず ども 、 舊國 に 於く て 昔 より 道理 政治 を 立來る き と 云ふ は 未だ 聞く ず 所 なり 、	N ADP N V CONJ ADV N N N ADP V ADP ADP V V V NEG;V CONJ _ N ADP V CONJ N ADP N N ADP V V ADP V ADP ADV V NEG;V N V _
豈 歎ず べき の 甚しき に あら ず や	豈 歎ず べし の 甚し なり あり ず や	ADV V V ADP ADJ V V NEG;V ADP
其 甚 に 至り て は 或は 怨み 或は 怒り 不平 を 不正 の 地 に 漏す	其 甚し に 至る て は 或は 怨む 或は 怒る 不平 を 不正 の 地 に 漏す	PRO ADJ ADP V CONJ ADP CONJ V CONJ V N ADP N ADP N ADP V
至美 至善 の 民 と は 何如なる 者 を 云ふ 、	至美 至善 の 民 と は 何如なる 者 を 云ふ 、	N N ADP N ADP ADP ADJ N ADP V _
一 國 同体 の 人民 に し て 此 に 厚く 彼 に 薄き は 公平 に あら ず	一 國 同体 の 人民 なり す て 此 に 厚し 彼 に 薄し は 公平 なり あり ず	NUM PART N ADP N V V CONJ PRO ADP ADJ PRO ADP ADJ ADP N V V NEG;V
故 に 今日 より 之 を 言へ ば 、 因襲 政治 は 人君 獨裁 の 別名 と する も 可 なり 、	故 に 今日 より 之 を 言ふ ば 、 因襲 政治 は 人君 獨裁 の 別名 と す も 可 なり 、	N ADP N ADP PRO ADP V CONJ _ N N ADP N N ADP N ADP V ADP N V _
是 僕 尤 恐るる 所 なり	是 僕 尤 恐る 所 なり	PRO PRO ADV V N V
（ 六十 四 葉 ）	（ 六十 四 葉 ）	_ NUM NUM N _
兒童 初め 國語 を 學び 次 に 漢語 に 從事 せ しむ	兒童 初め 國語 を 學ぶ 次 に 漢語 に 從事 す しむ	N N N ADP V N ADP N ADP N V V
又 器械 名物 等 に 至 て は 強て 譯字 を 下さ ず 原字 にて 用ふ べし	又 器械 名物 等 に 至る て は 強て 譯字 を 下す ず 原字 にて 用ふ べし	CONJ N N PART ADP V CONJ ADP ADV N ADP V NEG;V N ADP V V
民選 議院 は 柱 也	民選 議院 は 柱 なり	N N ADP N V
小子 淺學 なり	小子 淺學 なり	PRO N V
遂に 此 二 音 の 眞 なら ざる 者 を 傳へ 亦 除く べから ざる に 至る	遂に 此 二 音 の 眞 なり ず 者 を 傳ふ 亦 除く べし ず に 至る	ADV PRO NUM N ADP N V NEG;V N ADP V ADV V V NEG;V ADP V
今日 の 化 に 方り て 彼 陳腐 の 法 に 傚ひ 航海 條例 穀例 の 弊 を 受け 後害 を 貽す	今日 の 化 に 方る て 彼 陳腐 の 法 に 傚ふ 航海 條例 穀例 の 弊 を 受く 後害 を 貽す	N ADP N ADP V CONJ ADJ N ADP N ADP V N N N ADP N ADP V N ADP V
之 を 定む	之 を 定む	PRO ADP V
因襲 政治 を 行ふ て 其 國 の 治平 なる は 、 是 を 虚弱 の 人 に 喩ふ 、	因襲 政治 を 行ふ て 其 國 の 治平 なり は 、 是 を 虚弱 の 人 に 喩ふ 、	N N ADP V CONJ PRO N ADP N V ADP _ PRO ADP N ADP N ADP V _
此 二 家 の 爭抗 相 息ま ざれ ば 何 を 以 て 語法 を 立る を 得 ん	此 二 家 の 爭抗 相 息む ず ば 何 を 以つ て 語法 を 立つ を 得 む	PRO NUM PART ADP N N V NEG;V CONJ PRO ADP V CONJ N ADP V ADP V V
混合 政治 は 近古 に 興り し 者 なれ ば 、 是 を 近古 の 政体 と 云ふ べし 、	混合 政治 は 近古 に 興る き 者 なり ば 、 是 を 近古 の 政体 と 云ふ べし 、	N N ADP N ADP V V N V CONJ _ PRO ADP N ADP N ADP V V _
民選 議院 の 説 盛 に 起り 諸家 の 説 隨 て 多く 出る も 一 も 之 を 全く 非 と する 者 なし	民選 議院 の 説 盛 なり 起る 諸家 の 説 隨ふ て 多し 出づ も 一 も 之 を 全く 非 と す 者 なし	N N ADP N ADJ V V N ADP N V CONJ ADJ V ADP NUM ADP PRO ADP ADV N ADP V N V
是れ 此 の 如き 人民 を 保護 する は 却て 自由 に 其 業 を 營む ヿ を 妨ぐる を 以 て なり	是れ 此 の 如し 人民 を 保護 す は 却て 自由 なり 其 業 を 營む ヿ を 妨ぐ を 以つ て なり	PRO ADV ADP V N ADP N V ADP ADV N V PRO N ADP V N ADP V ADP V CONJ V
今 に 至り 尚 斯る 眞理 を 證する を 要する は 實 に 人間 面目 の 無き 甚き 者 と 謂 べし	今 に 至る 尚 斯る 眞理 を 證す を 要す は 實 に 人間 面目 の 無し 甚し 者 と 謂ふ べし	N ADP V ADV ADJ N ADP V ADP V ADP N ADP N N ADP V ADJ N ADP V V
方今 洋 筭法 行は れ 人 往々 之 を 能く す	方今 洋 筭法 行ふ る 人 往々 之 を 能く す	N N N V V N ADV PRO ADP ADV V
倩 諸國 の 建國 の 有樣 を 案ずる に 、 上古 の 時 其 民 無智 蒙昧 なる ヿ 禽獸 の 如く 、 禮義 なく 交際 なし 、	倩 諸國 の 建國 の 有樣 を 案ず に 、 上古 の 時 其 民 無智 蒙昧 なり ヿ 禽獸 の 如し 、 禮義 なし 交際 なし 、	ADV N ADP N ADP N ADP V CONJ _ N ADP N PRO N N N V N N ADP V _ N V N V _
自國 行ふ 所 の 文字 を 廢し 他國 の 長 を 取る	自國 行ふ 所 の 文字 を 廢す 他國 の 長 を 取る	N V N ADP N ADP V N ADP N ADP V
然ら ば 則 所謂 三 難 將に 除か ん と し て 一 難 始めて 起る	然り ば 則 所謂 三 難 將に 除く む と す て 一 難 始めて 起る	V CONJ CONJ ADJ NUM N ADV V V ADP V CONJ NUM N ADV V
乃ち 文藝 學術 の 世界 に 冠絶 する も アベセ 二十 六 字 の 前後 相 繼ぐ 者 に 過ぎ ざる なり	乃ち 文藝 學術 の 世界 に 冠絶 す も アベセ 二十 六 字 の 前後 相 繼ぐ 者 に 過ぐ ず なり	CONJ N N ADP N ADP N V ADP N NUM NUM N ADP N N V N ADP V NEG;V V
此 難 を 除く は 唯 諸 先生 の 憤發 負擔 勉強 耐忍 の 四 字義 上 に 止る べく 苟も 爰 に 於 て 一 を 欠く 時 は 事 决して 襄成 す べから ざる は 固 なり	此 難 を 除く は 唯 諸 先生 の 憤發 負擔 勉強 耐忍 の 四 字義 上 に 止る べし 苟も 爰 に 於く て 一 を 欠く 時 は 事 决して 襄成 す べし ず は 固 なり	PRO N ADP V ADP ADV N N ADP N N N N ADP NUM N PART ADP V V ADV PRO ADP V CONJ NUM ADP V N ADP N ADV N V V NEG;V ADP ADV V
况や 我 より 漢 と 洋 と を 視る 素 より 差別 なし	况や 我 より 漢 と 洋 と を 視る 素 より 差別 なし	ADV PRO ADP PROPN ADP N ADP ADP V N ADP N V
曰く 縱令 百 罪人 の 僥倖 に し て 罪 を 免るる 者 あり とも 一 無辜 を 罪 する ヿ 勿れ と	曰く 縱令 百 罪人 の 僥倖 なり す て 罪 を 免る 者 あり とも 一 無辜 を 罪 す ヿ 勿し と	N ADV NUM N ADP N V V CONJ N ADP V N V CONJ NUM N ADP N V N V ADP
然る に 近日 既に 洋紙 製造 所 を 建る の 設 あり	然り に 近日 既に 洋紙 製造 所 を 建つ の 設 あり	V CONJ N ADV N N PART ADP V ADP N V
天子 に 非れ ば 文 を 考へ ず	天子 なり 非ず ば 文 を 考ふ ず	N V V CONJ N ADP V NEG;V
余輩 豈 愧ぢ ざる べけ ん や	余輩 豈 愧づ ず べし む や	PRO ADV V NEG;V V V ADP
故 に 上旨 は 下達 せ ず 下情 は 上伸 せ ず し て 全身 不遂 の 人 の 如し	故 に 上旨 は 下達 す ず 下情 は 上伸 す ず す て 全身 不遂 の 人 の 如し	N ADP N ADP N V NEG;V N ADP N V NEG;V V CONJ N N ADP N ADP V
然る に 如此き 人民 の 愚 も 左提 右挈 勞來 輔翼 其 苗 を 揠 ヿ なく 去 て 耘ら ざる ヿ なく 時宜 を 制し て 漸次 開明 の 域 に 進ま しむる は 素 より 當路 諸公 の 任 に し て 之 に 反すれ ば 其 罪 將さに 政事 上 に 在ら ん と す	然り に 如此し 人民 の 愚 も 左提 右挈 勞來 輔翼 其 苗 を 揠く ヿ なし 去る て 耘る ず ヿ なし 時宜 を 制す て 漸次 開明 の 域 に 進む しむ は 素 より 當路 諸公 の 任 なり す て 之 に 反す ば 其 罪 將さに 政事 上 に 在り む と す	V CONJ ADJ N ADP N ADP N N N N PRO N ADP V N V V CONJ V NEG;V N V N ADP V CONJ ADV N ADP N ADP V V ADP N ADP N N ADP N V V CONJ PRO ADP V CONJ PRO N ADV N PART ADP V V ADP V
第 二 因襲 道理 混合 政治 方今 此 混合 政治 を 行ふ 國々 も 其 初 は 皆 單に 因襲 政治 を 行ひ し 者 なり 、	第 二 因襲 道理 混合 政治 方今 此 混合 政治 を 行ふ 國々 も 其 初 は 皆 單に 因襲 政治 を 行ふ き 者 なり 、	N NUM N N N N N PRO N N ADP V N ADP PRO N ADP N ADV N N ADP V V N V _
朝鮮 か	朝鮮 か	PROPN ADP
禁罰 し て 習は しむ べき に あら ず	禁罰 す て 習ふ しむ べし なり あり ず	N V CONJ V V V V V NEG;V
巴比倫亞 述及 亞細亞 歐羅巴 の 諸國 の 建國 の 状 は 此 類 の 者 を 多し と す 、	巴比倫亞 述及 亞細亞 歐羅巴 の 諸國 の 建國 の 状 は 此 類 の 者 を 多し と す 、	PROPN PROPN PROPN PROPN ADP N ADP N ADP N ADP PRO N ADP N ADP ADJ ADP V _
此 十 利 あり	此 十 利 あり	PRO NUM N V
若し 奮發 盡力 せ ず 其 私 に まかせ 自然 を 待ち 下民 命 を 俟 ず し て 妄 に 動き 肢體 暴戻 に し て 精神 を 蔑する に 至り 外國 機 に 乘ぜ ば 意外 の 變 モンゴル ポーランド に 似る の 事 必 無 と せ ん や	若し 奮發 盡力 す ず 其 私 に まかす 自然 を 待つ 下民 命 を 俟つ ず す て 妄 なり 動く 肢體 暴戻 なり す て 精神 を 蔑す に 至る 外國 機 に 乘ず ば 意外 の 變 モンゴル ポーランド に 似る の 事 必 無し と す む や	ADV N N V NEG;V PRO N ADP V N ADP V N N ADP V NEG;V V CONJ ADJ V V N N V V CONJ N ADP V ADP V N N ADP V CONJ ADJ ADP N PROPN PROPN ADP V ADP N ADV V ADP V V ADP
牛羊 腹肚 大 なり	牛羊 腹肚 大 なり	N N N V
古今 を 通觀 する に 政體 の 定る 皆 其 國 の 自然 に 出づ	古今 を 通觀 す に 政體 の 定る 皆 其 國 の 自然 なり 出づ	N ADP N V ADP N ADP V N PRO N ADP ADJ V V
紙 の 製 改め ざる べから ず	紙 の 製 改む ず べし ず	N ADP N V NEG;V V NEG;V
彼の 長 を 採り 彼の 文字 を 用ふる 固より 可 なり	彼の 長 を 採る 彼の 文字 を 用ふ 固より 可 なり	DET N ADP V DET N ADP V ADV N V
曰く 利 十 なら ざれ ば 事 を 變ぜ ず	曰く 利 十 なり ず ば 事 を 變ず ず	N N NUM V NEG;V CONJ N ADP V NEG;V
彼 惡人 死し て 黄泉 に 到り 或は 地獄 に 墮つ	彼 惡人 死す て 黄泉 に 到る 或は 地獄 に 墮つ	ADJ N V CONJ N ADP V CONJ N ADP V
此れ 行ふ べから ず	此れ 行ふ べし ず	PRO V V NEG;V
因襲 政治 の 混合 政治 と 爲す べから ざる は 、 猶 混合 政治 の 道理 政治 と 爲す べから ざる が 如し 、	因襲 政治 の 混合 政治 と 爲す べし ず は 、 猶 混合 政治 の 道理 政治 と 爲す べし ず が 如し 、	N N ADP N N ADP V V NEG;V ADP _ ADV N N ADP N N ADP V V NEG;V ADP V _
平生 無恙 の 時 と 雖ども 眞 の 健康 の 人 と 並ん で 業作 を 爲す ヿ 能は ず 、	平生 無恙 の 時 と 雖ども 眞 の 健康 の 人 と 並ぶ で 業作 を 爲す ヿ 能ふ ず 、	N ADJ ADP N ADP CONJ N ADP N ADP N ADP V CONJ N ADP V N V NEG;V _
然る に 之 を 講和 せ しむる 亦 其 術 なし と 謂ふ べから ず	然り に 之 を 講和 す しむ 亦 其 術 なし と 謂ふ べし ず	V CONJ PRO ADP N V V ADV PRO N V ADP V V NEG;V
即ち レキチュア トースト より 會議 の スピーチ 法師 の 説法 皆 書し て 誦す べく 讀ん で 書す べし	即ち レキチュア トースト より 會議 の スピーチ 法師 の 説法 皆 書す て 誦す べし 讀む で 書す べし	CONJ N N ADP N ADP N N ADP N N V CONJ V V V CONJ V V
然れ ども 輸入 の 品 を 以 て 悉く 之 に 税 を 賦し て 抑制 せ ん と する は 西國 昔日 の 保護 法 に し て 復 今日 に 行ふ べから ず	然り ども 輸入 の 品 を 以つ て 悉く 之 に 税 を 賦す て 抑制 す む と す は 西國 昔日 の 保護 法 なり す て 復 今日 に 行ふ べし ず	V CONJ N ADP N ADP V CONJ ADV PRO ADP N ADP V CONJ N V V ADP V ADP N N ADP N N V V CONJ ADV N ADP V V NEG;V
特 に 開明 の 度 至ら ず し て 之 を 起す 早き と 云ふ に 歸す	特 なり 開明 の 度 至る ず す て 之 を 起す 早し と 云ふ に 歸す	N V N ADP N V NEG;V V CONJ PRO ADP V ADJ ADP V ADP V
是 入學 の 難易 固より 判然 たり	是 入學 の 難易 固より 判然 たり	PRO N ADP N ADV ADJ V
