दोन लाडू शिल्लक होते .	दोन लाडू शिल्लक असणे .	NUM MASC;N;NOM;SG ADJ;NOM 3;FIN;MASC;PL;PST;V _
दोघे पुढे जाऊ लागली .	दोघे पुढे जाणे लागणे .	3;NOM;PL;PRO ADV NFIN;V 3;FIN;NEUT;PFV;PL;V _
ते तेंव्हा बाहेर खेळू शकले नाहीत .	तो तेंव्हा बाहेर खेळणे शकणे नाही .	3;MASC;NOM;PL;PRO ADV ADV NFIN;V 3;FIN;MASC;PFV;PL;V 3;FIN;NEG;PL;V _
" कोण मेले ? " म्हाताऱ्या गुरवाने विचारले .	" कोण मेला ? " म्हातारा गुरव विचारणे .	_ NOM;PRO ADJ;NEUT;NOM;SG _ _ ADJ INS;MASC;N;SG 3;FIN;MASC;PFV;PL;V _
त्याने एक लाडू फोडला .	तो एक लाडू फोडणे .	3;ERG;MASC;PRO;SG DET;SG ACC;MASC;N;SG 3;FIN;MASC;PFV;SG;V _
तो म्हणाला , दादा , जा व राजाला सांगा की , _ _ वडिलांना स्वर्गात करमत नाही .	तो म्हणणे , दादा , जाणे व राजा सांगणे की , तो चा वडिल स्वर्ग करमणे नाही .	3;MASC;NOM;PRO;SG 3;FIN;MASC;PFV;SG;V _ MASC;N;NOM;SG _ 2;FIN;IMP;PL;V CONJ DAT;MASC;N;SG 2;FIN;IMP;PL;V CONJ _ 3;MASC;PRO;SG ADP DAT;MASC;N;PL ESS;MASC;N;SG IPFV;V;V.PTCP 3;FIN;NEG;SG;V _
तो एक भाऊ म्हणाला , दादा , मला निरोप दे !	तो एक भाऊ म्हणणे , दादा , मी निरोप देणे !	DET;MASC;SG NUM MASC;N;NOM;SG 3;FIN;MASC;PFV;SG;V _ MASC;N;NOM;SG _ 1;DAT;PRO;SG ACC;MASC;N;SG 2;FIN;IMP;SG;V _
मेरी बसली आहे , आणि _ _ हात _ _ _ _ आहेत .	मेरी बसणे असणे , आणि तो चा हात तो चा डोळा समोर असणे .	FEM;NOM;PROPN;SG 3;FEM;FIN;PFV;SG;V 3;FIN;PRS;SG;V _ CONJ 3;FEM;PRO;SG ADP;MASC;PL MASC;N;NOM;PL 3;FEM;PRO;SG ADP MASC;N;PL ADP 3;FIN;PL;PRS;V _
" तुला माहित आहे का , तो कुठे आहे ? "	" तू माहित असणे का , तो कुठे असणे ? "	_ 2;DAT;PRO;SG ADV 3;FIN;PRS;SG;V ADV _ 3;MASC;NOM;PRO;SG ADV 3;FIN;PRS;SG;V _ _
" प्राण गेला तरी विकणार नाही . "	" प्राण जाणे तरी विकणे नाही . "	_ MASC;N;NOM;SG 3;FIN;MASC;PFV;SG;V CONJ FIN;PROSP;V 1;FIN;NEG;SG;V _ _
तिने राजपुत्राला हृदयाशी धरले .	तो राजपुत्र हृदय धरणे .	3;ERG;FEM;PRO;SG DAT;MASC;N;SG COM;MASC;N;SG 3;FIN;NEUT;PFV;SG;V _
अर्धा लाडू सर्वांनी खाल्ला .	अर्धा लाडू सर्व खाणे .	ADJ;MASC;NOM;SG ACC;MASC;N;SG ERG;PL;PRO 3;FIN;MASC;PFV;SG;V _
मोती अलग झाले .	मोती अलग होणे .	MASC;N;NOM;PL ADJ;NOM 3;FIN;MASC;PFV;PL;V _
तो जेम्स असेल का ?	तो जेम्स असणे का ?	3;MASC;PRO;SG MASC;NOM;PROPN;SG 3;FIN;FUT;SG;V ADV _
" तू तरी काय करशील ? "	" तू तरी काय करणे ? "	_ 2;NOM;PRO;SG CONJ ACC;PRO 2;FIN;FUT;SG;V _ _
_ _ , निष्पाप दिसत होती .	साधा भोळा , निष्पाप दिसणे असणे .	ADJ;FEM;NOM;SG ADJ;FEM;NOM;SG _ ADJ;NOM IPFV;V;V.PTCP 3;FEM;FIN;PST;SG;V _
ते विकणे _ _ _ _ येत होते .	तो विकणे तो चा जिवा वर येणे असणे .	3;NEUT;PRO;SG NFIN;NOM;V 3;MASC;PRO;SG ADP MASC;N;SG ADP IPFV;V;V.PTCP 3;FIN;NEUT;PST;SG;V _
असे _ _ भाषण करून केशवचंद्र निघून गेले .	असा धमकी चा भाषण करणे केशवचंद्र निघणे जाणे .	ADJ;NEUT;NOM;SG FEM;N;SG ADP;NEUT;SG ACC;N;NEUT;SG PFV;V;V.CVB MASC;NOM;PROPN;SG PFV;V;V.CVB 3;FIN;MASC;PFV;PL;V _
येत जा ! राजपुत्र म्हणाला .	येणे जाणे ! राजपुत्र म्हणणे .	IPFV;V;V.PTCP 2;FIN;IMP;SG;V _ MASC;N;NOM;SG 3;FIN;MASC;PFV;SG;V _
_ _ दोन - चार कलमे लावली होती .	तो ही दोन - चार कलम लावणे असणे .	3;INS;NEUT;PRO;SG PART NUM _ NUM ACC;N;NEUT;PL 3;FIN;NEUT;PFV;PL;V 3;FIN;NEUT;PL;PST;V _
राजा खुशमस्कऱ्याला म्हणाला , आता कोणता उपाय ?	राजा खुशमस्कऱ्या म्हणणे , आता कोणता उपाय ?	N;NEUT;NOM;SG DAT;MASC;N;SG 3;FIN;MASC;PFV;SG;V _ ADV MASC;PRO;SG MASC;N;NOM;SG _
मी म्हणून तुला इतकी किंमत देत आहे .	मी म्हणून तू इतका किंमत देणे असणे .	1;NOM;PRO;SG ADV 2;DAT;PRO;SG ADJ;FEM;NOM;SG ACC;FEM;N;SG IPFV;V;V.PTCP 3;FIN;PRS;SG;V _
अर्धा अर्धा लाडू दोघांनी खाल्ला .	अर्धा अर्धा लाडू दोघे खाल्ला .	ADJ;MASC;NOM;SG ADJ;MASC;NOM;SG ACC;MASC;N;SG 3;ERG;MASC;PL;PRO 3;FIN;MASC;PFV;SG;V _
_ _ दारात झळाळणाऱ्या _ _ ढीग पडले .	राजा चा दार झळाळणे मोती चा ढीग पडणे .	MASC;N;NOM;SG ADP ESS;N;NEUT;SG HAB;V;V.PTCP FEM;N;PL ADP;NEUT;SG MASC;N;NOM;SG 3;FIN;NEUT;PFV;SG;V _
_ _ बरी जिरली ! कोणी म्हणाले .	दुष्ट चा बरा जिरणे ! कोण म्हणणे .	MASC;N;SG ADP;FEM;SG ADJ;FEM;NOM;SG 3;FEM;FIN;PFV;SG;V _ ERG;PRO 3;FIN;NEUT;PFV;SG;V _
निरोप घेऊन तो परत घरी आला .	निरोप घेणे तो परत घरी येणे .	ACC;MASC;N;SG PFV;V;V.CVB 3;MASC;NOM;PRO;SG ADV ADV 3;FIN;MASC;PFV;SG;V _
आज मी तुला तू मागशील ती किंमत द्यायला तयार झालो होतो ; परंतु _ _ बुद्धी भ्रष्ट झाली आहे .	आज मी तू तू मागणे तो किंमत देणे तयार होणे असणे ; परंतु तू चा बुद्धी भ्रष्ट होणे असणे .	ADV 1;NOM;PRO;SG 2;DAT;PRO;SG 2;NOM;PRO;SG 2;FIN;FUT;SG;V DET;FEM;SG ACC;FEM;N;SG V;V.CVB ADV 1;FIN;MASC;PFV;SG;V 1;FIN;MASC;PST;SG;V _ CONJ 2;PRO;SG ADP;FEM;SG FEM;N;NOM;SG ADJ;NOM 3;FEM;FIN;PFV;SG;V 3;FIN;PRS;SG;V _
आता जाते .	आता जाणे .	ADV 1;FEM;FIN;IPFV;PRS;SG;V _
" _ _ बाबतीत देव मेला , तसा _ _ _ _ मरायचा ! "	" तो चा बाबत देव मरणे , तसा आपण चा बाबत ही मरणे ! "	_ 3;MASC;PL;PRO ADP ESS;FEM;N;SG MASC;N;NOM;SG 3;FIN;MASC;PFV;SG;V _ CONJ PRO ADP ESS;FEM;N;SG PART 3;FIN;HAB;IND;MASC;PST;SG;V _ _
" बाबा , शेत का तुम्ही विकणार ? "	" बाबा , शेत का तू विकणे ? "	_ MASC;N;NOM;SG _ ACC;N;NEUT;SG ADV 2;NOM;PL;PRO FIN;PROSP;V _ _
भीमा दुःखाने घरी गेला .	भीमा दुःख घरी जाणे .	MASC;NOM;PROPN;SG INS;N;NEUT;SG ADV 3;FIN;MASC;PFV;SG;V _
सापाला _ _ तुकडा कापून देऊन _ _ प्राण तुम्ही वाचविले .	साप मांडी चा तुकडा कापणे देणे मी चा प्राण तू वाचवणे .	DAT;MASC;N;SG FEM;N;SG ADP;MASC;SG ACC;MASC;N;SG PFV;V;V.CVB PFV;V;V.CVB 1;PRO;SG ADP;NEUT;SG ACC;N;NEUT;SG 2;NOM;PL;PRO 3;FIN;NEUT;PFV;SG;V _
ती अजून जेम्सला शोधायचा प्रयत्न करत आहे .	तो अजून जेम्स शोधणे प्रयत्न करणे असणे .	3;FEM;NOM;PRO;SG ADV ACC;MASC;PROPN;SG 3;MASC;SG;V;V.PTCP MASC;N;NOM;SG IPFV;V;V.PTCP 3;FIN;PRS;SG;V _
राजपुत्र दोन भावांना म्हणाला , त्या राजधानीत जा .	राजपुत्र दोन भाऊ म्हणणे , तो राजधानी जाणे .	MASC;N;NOM;SG NUM DAT;MASC;N;PL 3;FIN;MASC;PFV;SG;V _ DET ESS;FEM;N;SG 2;FIN;IMP;PL;V _
राजपुत्र जणू शांत झोपला होता .	राजपुत्र जणू शांत झोपणे असणे .	MASC;N;NOM;SG ADV ADV 3;FIN;MASC;PFV;SG;V 3;FIN;MASC;PST;SG;V _
_ _ _ _ _ _ _ _ _ _ शेकडो मोठमोठी माणसे येणार होती .	राजा चा सत्कारसमारंभ साठी आजूबाजू चा पाच पन्नास कोस तील शेकडो मोठमोठा माणूस येणे असणे .	MASC;N;SG ADP MASC;N;SG ADP MASC;N;SG ADP NUM NUM MASC;N;PL ADP ADJ ADJ;MASC;NOM;PL MASC;N;PL FIN;PROSP;V 3;FIN;MASC;PL;PST;V _
_ _ ती पळत सुटली .	वारा प्रमाणे तो पळणे सुटणे .	MASC;N;SG ADP 3;FEM;NOM;PRO;SG IPFV;V;V.PTCP 3;FEM;FIN;PFV;SG;V _
पाडसे वाट पाहत असतील .	पाडस वाट पहाणे असणे .	N;NEUT;NOM;PL FEM;N;NOM;SG IPFV;V;V.PTCP 3;FIN;FUT;PL;V _
सावकारी पाशात सारे शेतकरी सापडले .	सावकारी पाशा सारा शेतकरी सापडणे .	ADJ ESS;MASC;N;SG ADJ;MASC;NOM;PL MASC;N;PL 3;FIN;MASC;PFV;PL;V _
चिंता नको करूस !	चिंता नको करूस !	ACC;FEM;N;SG 2;FIN;NEG;SG;V 2;FIN;IMP;SG;V _
आज ना उद्या सुधारेल तो .	आज ना उद्या सुधारणे तो .	ADV CONJ ADV 3;FIN;FUT;SG;V 3;MASC;NOM;PRO;SG _
या _ _ _ एकट्या कुठे जाता ?	हा रान वन आतून एकटा कुठे जाणे ?	DET;NEUT;SG MASC;N;SG N;NEUT;SG ADP ADV ADV 2;FIN;IPFV;PL;PRS;V _
थोड्या वेळाने खुशमस्कऱ्या जायला निघाला .	थोडा वेळ खुशमस्कऱ्या जाणे निघाला .	ADJ FEM;INS;N;SG MASC;N;NOM;SG V;V.CVB 3;FIN;MASC;PFV;SG;V _
_ _ एक छोटा कुत्रा आहे , _ _ आता बागेत आहे .	जेम्स चा एक छोटा कुत्रा असणे , कुत्रा सुद्धा आता बाग असणे .	MASC;PROPN;SG ADP;MASC;SG DET;SG ADJ;MASC;NOM;SG MASC;N;NOM;SG 3;FIN;PRS;SG;V _ MASC;N;NOM;SG PART ADV ESS;FEM;N;SG 3;FIN;PRS;SG;V _
_ _ जाऊन बस .	शहर बाहेर जाणे बसणे .	N;NEUT;SG ADP PFV;V;V.CVB 2;FIN;IMP;SG;V _
मेरी सावकाश बागेत चालते .	मेरी सावकाश बाग चालते .	FEM;NOM;PROPN;SG ADV ESS;FEM;N;SG 3;FEM;FIN;IPFV;PRS;SG;V _
या _ _ राजा _ _ निघाला होता .	हा प्रांत चा राजा दौऱ्य वर निघणे असणे .	DET MASC;N;SG ADP;MASC;SG MASC;N;NOM;SG MASC;N;SG ADP 3;FIN;MASC;PFV;SG;V 3;FIN;MASC;PST;SG;V _
" न्याय मेला . " भीमा म्हणाला .	" न्याय मरणे . " भीमा म्हणणे .	_ ACC;MASC;N;SG 3;FIN;MASC;PFV;SG;V _ _ MASC;NOM;PROPN;SG 3;FIN;MASC;PFV;SG;V _
ती _ _ राणी होऊ दे !	तो मी चा राणी होणे देणे !	3;FEM;NOM;PRO;SG 1;PRO;SG ADP;FEM;SG ACC;FEM;N;SG NFIN;V 2;FIN;IMP;SG;V _
तिने त्या _ _ चोळामोळा करून तो पाला _ _ पदर फाडून _ _ बांधला .	तो तो पाला चा चोळामोळा करणे तो पाला आपण चा पदर फाडणे जखम वरती बांधणे .	3;ERG;FEM;PRO;SG DET MASC;N;SG ADP;MASC;SG MASC;N;NOM;SG PFV;V;V.CVB DET;MASC;NOM;SG ACC;MASC;N;SG PRO ADP;MASC;SG MASC;N;NOM;SG PFV;V;V.CVB FEM;N;SG ADP 3;FIN;MASC;PFV;SG;V _
_ _ आई घरात _ _ आहे , ती _ _ बघते आणि तिला जेम्स आणि मेरी खेळताना दिसतात .	तो चा आई घर मांजर बरोबर असणे , तो खिडकी तून बघणे आणि तो जेम्स आणि मेरी खेळणे दिसणे .	3;MASC;PL;PRO ADP;FEM;SG FEM;N;NOM;SG ESS;N;NEUT;SG N;NEUT;SG ADP 3;FIN;PRS;SG;V _ 3;FEM;NOM;PRO;SG FEM;N;SG ADP 3;FEM;FIN;IPFV;PRS;SG;V CONJ 3;DAT;FEM;PRO;SG MASC;NOM;PROPN;SG CONJ FEM;NOM;PROPN;SG IPFV;V;V.CVB 3;FIN;IPFV;PL;PRS;V _
त्याला भूक लागली .	तो भूक लागणे .	3;DAT;MASC;PRO;SG ACC;FEM;N;SG 3;FEM;FIN;PFV;SG;V _
तो लाल तुकडा पाहून बेडकाला सोडून साप तिकडे धावला .	तो लाल तुकडा पहाणे बेडूक सोडणे साप तिकडे धावणे .	DET;MASC;SG ADJ;NOM ACC;MASC;N;SG PFV;V;V.CVB ACC;MASC;N;SG PFV;V;V.CVB MASC;N;NOM;SG ADV 3;FIN;MASC;PFV;SG;V _
तो दुसरा भाऊ येऊन म्हणाला , दादा , का दु:खी ?	तो दोन भाऊ येणे म्हणणे , दादा , का दुःखी ?	DET;MASC;SG NUM MASC;N;NOM;SG PFV;V;V.CVB 3;FIN;MASC;PFV;SG;V _ MASC;N;NOM;SG _ ADV ADJ;NOM _
त्या कुत्र्याला ह्या दोन मुलांशी खेळायला आवडते .	तो कुत्रा हा दोन मुल खेळणे आवडणे .	DET DAT;MASC;N;SG DET NUM COM;N;NEUT;PL V;V.CVB 3;FIN;IPFV;NEUT;PRS;SG;V _
डराव , डराव करून त्याने बेडकांना हाका मारल्या .	डराव , डराव करणे तो बेडूक हाक मारणे .	INTJ _ INTJ PFV;V;V.CVB 3;ERG;MASC;PRO;SG DAT;MASC;N;PL FEM;N;PL 3;FEM;FIN;PFV;PL;V _
हा साप _ _ _ अमृतबिंदू घेऊन _ _ येईल , शेष म्हणाला .	हा साप तू च्या बरोबर अमृतबिंदू घेणे पृथ्वी पर्यंत येणे , शेष म्हणणे .	DET;MASC;SG MASC;N;NOM;SG 2;PRO;SG PART ADP ACC;N;NEUT;SG PFV;V;V.CVB FEM;N;SG ADP 3;FIN;FUT;SG;V _ MASC;N;NOM;SG 3;FIN;MASC;PFV;SG;V _
दोघांना भूक लागली .	दोघ भूक लागणे .	DAT;MASC;N;PL ACC;FEM;N;SG 3;FEM;FIN;PFV;SG;V _
भाऊ _ _ येऊन म्हणाला , राजाला _ _ _ _ _ _ _ _ मोती निवडून घ्यायला सांग .	भाऊ राजपुत्र कडे येणे म्हणणे , राजा अंगण तील मोती पैकी राणी चा नथ चा मोती निवडणे घेणे सांगसांगणे .	MASC;N;NOM;SG MASC;N;SG ADP PFV;V;V.CVB 3;FIN;MASC;PFV;SG;V _ DAT;MASC;N;SG N;NEUT;SG ADP FEM;N;PL ADP FEM;N;SG ADP FEM;N;SG ADP;MASC;PL ACC;MASC;N;PL PFV;V;V.CVB V;V.CVB 2;FIN;IMP;SG;V _
म्हणून त्याने सर्वांना ताकीद दिली की , त्या दिवशी _ _ फिरकू नका .	म्हणून तो सर्व ताकीद देणे की , तो दिवस घर बाहेर फिरकणे नको .	CONJ 3;ERG;MASC;PRO;SG DAT;MASC;N;PL ACC;FEM;N;SG 3;FEM;FIN;PFV;SG;V CONJ _ DET DAT;MASC;N;SG N;NEUT;SG ADP 2;FIN;IMP;NEG;V 2;FIN;NEG;PL;V _
_ _ तोंड चिंतेने जरा काळवंडले .	तो चा तोंड चिंता जरा काळवंडणे .	3;MASC;PRO;SG ADP;NEUT;SG N;NEUT;NOM;SG FEM;INS;N;SG ADV 3;FIN;NEUT;PFV;SG;V _
" काय म्हणतो तो ? "	" काय म्हणणे तो ? "	_ ACC;PRO 3;FIN;IPFV;MASC;PRS;SG;V 3;MASC;NOM;PRO;SG _ _
राखेतून राजपुत्र उभा राहिला .	राख राजपुत्र उभा रहाणे .	AT+ABL;FEM;N;SG MASC;N;NOM;SG ADV 3;FIN;MASC;PFV;SG;V _
हे _ _ शेत गेले समज आणि तुला _ _ न मिळता .	हा तू चा शेत जाणे समजणे आणि तू पै ही न मिळणे .	DET;NEUT;SG 2;PRO;SG ADP;NEUT;SG N;NEUT;NOM;SG 3;FIN;NEUT;PFV;SG;V 2;FIN;IMP;SG;V CONJ 2;DAT;PRO;SG ACC;FEM;N;SG PART ADV IPFV;V;V.PTCP _
पण कुत्रा तर _ _ शकत नाही !	पण कुत्रा तर बोलणे च शकणे नाही !	CONJ MASC;N;NOM;SG ADV NFIN;V PART IPFV;V;V.PTCP 3;FIN;NEG;SG;V _
राजपुत्र आता _ _ राहिला .	राजपुत्र आता एकटा च रहाणे .	MASC;N;NOM;SG ADV ADJ;MASC;NOM;SG PART 3;FIN;MASC;PFV;SG;V _
" आईला म्हणाला , ' हजार रुपये घ्या व शेत द्या ! ' आणि मला म्हणाला , ' _ _ बापाला काही कळत नाही . '	" आई म्हणणे , ' हजार रुपय घेणे व शेत देणे ! ' आणि मी म्हणणे , ' तू चा बाप काही कळणे नाही . '	_ DAT;FEM;N;SG 3;FIN;MASC;PFV;SG;V _ _ NUM ACC;N;NEUT;PL 2;FIN;IMP;PL;V CONJ ACC;N;NEUT;SG 2;FIN;IMP;PL;V _ _ CONJ 1;DAT;PRO;SG 3;FIN;MASC;PFV;SG;V _ _ 2;PRO;SG ADP DAT;MASC;N;SG 3;PRO;SG IPFV;V;V.PTCP 3;FIN;NEG;SG;V _ _
तेथे _ _ सिंहासन तयार करण्यात आले होते .	तेथे राजा साठी सिंहासन तयार करणे येणे असणे .	ADV MASC;N;SG ADP N;NEUT;NOM;SG ADV ESS;NFIN;V 3;FIN;NEUT;PFV;SG;V 3;FIN;NEUT;PST;SG;V _
नवीन राजा - राणी उत्कृष्ठ राज्यकारभार चालवू लागली .	नवीन राजा - राणी उत्कृष्ठ राज्यकारभार चालवणे लागणे .	ADJ;NOM N;NEUT;NOM;SG _ FEM;N;NOM;SG ADV MASC;N;NOM;SG NFIN;V 3;FIN;NEUT;PFV;PL;V _
राजपुत्र रडत बसला .	राजपुत्र रडणे बसणे .	MASC;N;NOM;SG IPFV;V;V.PTCP 3;FIN;MASC;PFV;SG;V _
मी बातमी काढून आणतो , तो म्हणाला .	मी बातमी काढणे आणणे , तो म्हणणे .	1;NOM;PRO;SG ACC;FEM;N;SG PFV;V;V.CVB 1;FIN;IPFV;MASC;PRS;SG;V _ 3;MASC;NOM;PRO;SG 3;FIN;MASC;PFV;SG;V _
_ _ भांडे तोंडात धरून तो पाताळात गेला .	राख चा भांडे तोंड धरणे तो पाताळ जाणे .	FEM;N;NOM;SG ADP;NEUT;SG N;NEUT;NOM;SG ESS;N;NEUT;SG PFV;V;V.CVB 3;MASC;NOM;PRO;SG ESS;MASC;N;SG 3;FIN;MASC;PFV;SG;V _
राजपुत्र पायी निघाला व जाऊन बसला .	राजपुत्र पायी निघणे व जाणे बसणे .	MASC;N;NOM;SG ADV 3;FIN;MASC;PFV;SG;V CONJ PFV;V;V.CVB 3;FIN;MASC;PFV;SG;V _
_ _ मूळचे मालक मजूर झाले .	शेत चा मूळचा मालक मजूर होणे .	N;NEUT;SG ADP;MASC;PL ADJ;MASC;NOM;PL MASC;N;NOM;PL ADJ;NOM 3;FIN;MASC;PFV;PL;V _
खुशमस्कऱ्या _ _ गेला व म्हणाला , राजा , राजा , त्या _ _ बहीण फार सुंदर आहे .	खुशमस्कऱ्या राजा कडे जाणे व म्हणणे , राजा , राजा , तो राजपुत्र ची बहीण फार सुंदर असणे .	MASC;N;NOM;SG MASC;N;SG ADP 3;FIN;MASC;PFV;SG;V CONJ 3;FIN;MASC;PFV;SG;V _ MASC;N;NOM;SG _ MASC;N;NOM;SG _ DET;FEM;NOM;PL MASC;N;SG ADP;FEM;SG FEM;N;NOM;SG ADJ ADJ;NOM 3;FIN;PRS;SG;V _
_ _ उपकार फेडायला मी बहीण झाले .	तू चा उपकार फेडणे मी बहीण होणे .	2;PRO;SG ADP;MASC;PL ACC;MASC;N;PL V;V.CVB 1;NOM;PRO;SG ACC;FEM;N;SG 1;FEM;FIN;PFV;SG;V _
पुन्हा बहीण बनून _ _ ती फुले देऊन ती म्हणाली , जा , राजाला ही नेऊन दे !	पुन्हा बहीण बनणे राजपुत्र जवळ तो फुल देणे तो म्हणणे , जाणे , राजा हा नेणे देणे !	ADV ACC;FEM;N;SG PFV;V;V.CVB MASC;N;SG ADP DET;NEUT;NOM;PL ACC;N;NEUT;PL PFV;V;V.CVB 3;FEM;NOM;PRO;SG 3;FEM;FIN;PFV;SG;V _ 2;FIN;IMP;SG;V _ DAT;MASC;N;SG DET;NEUT;PL PFV;V;V.CVB 2;FIN;IMP;SG;V _
ती स्त्री जवळ आली .	तो स्त्री जवळ येणे .	DET;FEM;NOM;SG FEM;N;NOM;SG ADV 3;FEM;FIN;PFV;SG;V _
मग तिला एक छोटा हात दिसतो आणि जवळ _ _ _ _ डोकं पण दिसतं .	मग तो एक छोटा हात दिसणे आणि जवळ जाणे वर तो चा डोके पण दिसणे .	ADV 3;DAT;FEM;PRO;SG DET;SG ADJ;MASC;NOM;SG ACC;MASC;N;SG 3;FIN;IPFV;MASC;PRS;SG;V CONJ ADV FIN;PFV;V ADP 3;MASC;PRO;SG ADP;NEUT;SG ACC;N;NEUT;SG ADV 3;FIN;IPFV;NEUT;PRS;SG;V _
लोकांना कुत्र्यांशी _ _ काही उत्तर मिळत नाही !	लोक कुत्रा बोलणे वर काही उत्तर मिळणे नाही !	DAT;MASC;N;PL COM;MASC;N;PL FIN;PFV;V ADP DET;NEUT;SG ACC;N;NEUT;SG IPFV;V;V.PTCP 3;FIN;NEG;SG;V _
मला कंटाळलास ?	मी कंटाळणे ?	1;DAT;PRO;SG 2;FIN;MASC;PFV;SG;V _
मेरीला वाटते कि _ _ आईला जेम्स कुठे गेला , हे माहित आहे .	मेरी वाटणे कि तो च्या आई जेम्स कुठे जाणे , हा माहित असणे .	DAT;FEM;PROPN;SG 3;FIN;IPFV;NEUT;PRS;SG;V CONJ 3;FEM;PRO;SG ADP DAT;FEM;N;SG MASC;NOM;PROPN;SG ADV 3;FIN;MASC;PFV;SG;V _ 3;ACC;NEUT;PRO;SG ADV 3;FIN;PRS;SG;V _
बहीण हरिणी बनून कृतज्ञतेने मधून मधून मागे बघत _ _ _ _ पळत गेली .	बहीण हरिणी बनणे कृतज्ञता मधून मधून मागे बघणे वारा प्रमाणे पाडस कडे पळणे जाणे .	FEM;N;NOM;SG ACC;FEM;N;SG PFV;V;V.CVB ERG;FEM;N;SG ADV ADV ADV IPFV;V;V.PTCP MASC;N;SG ADP N;NEUT;PL ADP IPFV;V;V.PTCP 3;FEM;FIN;PFV;SG;V _
त्या मंदिरात एक प्रचंड घंटा होती .	तो मंदिर एक प्रचंड घंटा असणे .	DET ESS;N;NEUT;SG DET;SG ADJ;NOM FEM;N;NOM;SG 3;FEM;FIN;PST;SG;V _
_ _ _ _ _ _ तेथे झाडे होती .	भीम चा वाडवडिल चा हात चा तेथे झाड असणे .	MASC;PROPN;SG ADP MASC;N;PL ADP MASC;N;SG ADP;NEUT;PL ADV N;NEUT;NOM;PL 3;FIN;NEUT;PL;PST;V _
राहू द्या एवढी जमीन .	रहाणे देणे एवढा जमीन .	NFIN;V 2;FIN;IMP;PL;V ADJ;FEM;NOM;SG ACC;FEM;N;SG _
हजार रुपये द्यायला तयार झाला होता . "	हजार रुपय देणे तयार होणे असणे . "	NUM ACC;N;NEUT;PL V;V.CVB ADV 3;FIN;MASC;PFV;SG;V 3;FIN;MASC;PST;SG;V _ _
_ _ सर्पाने _ _ अमृत शिंपले आणि तो निघून गेला .	पाताळ तील सर्प राख वर अमृत शिंपणे आणि तो निघणे जाणे .	MASC;N;SG ADP ERG;MASC;N;SG FEM;N;SG ADP ACC;N;NEUT;SG 3;FIN;NEUT;PFV;SG;V CONJ 3;MASC;NOM;PRO;SG PFV;V;V.CVB 3;FIN;MASC;PFV;SG;V _
दिवस गेला , रात्र गेली .	दिवस जाणे , रात्र जाणे .	MASC;N;NOM;SG 3;FIN;MASC;PFV;SG;V _ FEM;N;NOM;SG 3;FEM;FIN;PFV;SG;V _
जेम्स पटकन एका मोठ्या , जुन्या _ _ पळतो , तो _ _ लपत आहे .	जेम्स पटकन एक मोठा , जुना झाड पर्यंत पळणे , तो मेरी पासुन लपणे असणे .	MASC;NOM;PROPN;SG ADV DET;SG ADJ _ ADJ N;NEUT;SG ADP 3;FIN;IPFV;MASC;PRS;SG;V _ 3;MASC;NOM;PRO;SG FEM;PROPN;SG ADP IPFV;V;V.PTCP 3;FIN;PRS;SG;V _
पण ते मांजर घरात आहे , मांजर झोपले आहे .	पण तो मांजर घर असणे , मांजर झोपणे असणे .	CONJ DET;NEUT;SG N;NEUT;NOM;SG ESS;N;NEUT;SG 3;FIN;PRS;SG;V _ N;NEUT;NOM;SG 3;FIN;NEUT;PFV;SG;V 3;FIN;PRS;SG;V _
मी कसा जाऊ ?	मी कसा जाणे ?	1;NOM;PRO;SG ADV 1;FIN;IMP;SG;V _
या _ _ मी मालक .	हा जमिन चा मी मालक .	DET FEM;N;SG ADP;MASC;SG 1;NOM;PRO;SG MASC;N;NOM;SG _
_ _ , _ _ कळस दिसत होते .	प्रासाद चा , मंदिर चा कळस दिसणे असणे .	MASC;N;PL ADP;MASC;PL _ N;NEUT;PL ADP;MASC;PL ACC;MASC;N;PL IPFV;V;V.PTCP 3;FIN;MASC;PL;PST;V _
" _ _ आई काय म्हणाली ? "	" तू चा आई काय म्हणणे ? "	_ 2;PRO;SG ADP;FEM;SG FEM;N;NOM;SG ACC;PRO 3;FEM;FIN;PFV;SG;V _ _
ती हसून म्हणते , " मला तू सापडलास ! " .	तो हसणे म्हणणे , " मी तू सापडणे ! " .	3;FEM;NOM;PRO;SG PFV;V;V.CVB 3;FEM;FIN;IPFV;PRS;SG;V _ _ 1;DAT;PRO;SG 2;ACC;PRO;SG 2;FIN;MASC;PFV;SG;V _ _ _
बहीण येऊन म्हणाली , दादा , का रडतोस ?	बहीण येणे म्हणणे , दादा , का रडणे ?	FEM;N;NOM;SG PFV;V;V.CVB 3;FEM;FIN;PFV;SG;V _ MASC;N;NOM;SG _ ADV 2;FIN;IPFV;MASC;PRS;SG;V _
_ _ उपकार _ _ मी _ _ भाऊ बनलो .	तू चा उपकार फेडणे साठी मी तू चा भाऊ बनणे .	2;PL;PRO ADP;MASC;PL ACC;MASC;N;PL NFIN;V ADP 1;NOM;PRO;SG 2;PL;PRO ADP;MASC;SG ACC;MASC;N;SG 1;FIN;MASC;PFV;SG;V _
मुलगा _ _ राणीला झोप येत नसे .	मुलगा जाणे पासून राणी झोप येणे नसणे .	MASC;N;NOM;SG FIN;PFV;V ADP DAT;FEM;N;SG ACC;FEM;N;SG IPFV;V;V.PTCP FIN;HAB;NEG;PST;V _
खुशमस्कऱ्या _ _ गेला .	खुशमस्कऱ्या राजपुत्र कडे जाणे .	MASC;N;NOM;SG MASC;N;SG ADP 3;FIN;MASC;PFV;SG;V _
जो _ _ उभा राहतो _ _ देव मरत नाही .	जो सत्य साठी उभा रहाणे तो चा देव मरणे नाही .	MASC;NOM;PRO;SG MASC;N;SG ADP ADJ;MASC;NOM;SG 3;FIN;IPFV;MASC;PRS;SG;V 3;MASC;PRO;SG ADP;MASC;SG MASC;N;NOM;SG IPFV;V;V.PTCP 3;FIN;NEG;SG;V _
_ _ आवाज ऐकून _ _ _ _ शेतकरी येऊ लागले , ' कोण मेले ' म्हणून विचारू लागले .	घंटे चा आवाज ऐकणे देवी चा देवळ कडे शेतकरी येणे लागणे , ' कोण मरणे ' म्हणणे विचारणे लागणे .	FEM;N;SG ADP;MASC;SG ACC;MASC;N;SG PFV;V;V.CVB FEM;N;SG ADP N;NEUT;SG ADP MASC;N;NOM;PL NFIN;V 3;FIN;MASC;PFV;PL;V _ _ NOM;PRO 3;FIN;NEUT;PFV;SG;V _ PFV;V;V.CVB NFIN;V 3;FIN;MASC;PFV;PL;V _
ती _ _ बहीण !	तो मी चा बहीण !	3;FEM;NOM;PRO;SG 1;PRO;SG ADP;FEM;SG FEM;N;NOM;SG _
राजपुत्र राजाला तसे सांगून _ _ राजवाड्यात परत आला .	राजपुत्र राजा तसा सांगसांगणे आपण चा राजवाडा परत येणे .	MASC;N;NOM;SG DAT;MASC;N;SG ADV PFV;V;V.CVB PRO ADP ESS;MASC;N;SG ADV 3;FIN;MASC;PFV;SG;V _
राजपुत्राने धनुष्याला बाण लावला .	राजपुत्र धनुष्य बाण लावणे .	ERG;MASC;N;SG DAT;N;NEUT;SG ACC;MASC;N;SG 3;FIN;MASC;PFV;SG;V _
_ _ _ _ लाडू , त्याने नाही तृप्ती व्हावयाची तर कशाने ?	आई चा हात चा लाडू , तो नाही तृप्ती होणे तर काय ?	FEM;N;SG ADP MASC;N;SG ADP;MASC;NOM;SG MASC;N;NOM;SG _ 3;INS;MASC;PRO;SG 3;FIN;NEG;SG;V ACC;FEM;N;SG 3;FEM;SG;V;V.PTCP CONJ INS;PRO _
पोटापुरे ती देते .	पोटापुरे तो देणे .	ADV 3;FEM;NOM;PRO;SG 3;FEM;FIN;IPFV;PRS;SG;V _
खुषमस्कऱ्या आला .	खुषमस्कऱ्या येणे .	MASC;N;NOM;SG 3;FIN;MASC;PFV;SG;V _
_ _ आठवण येते .	खुशमस्कऱ्या चा आठवण येणे .	MASC;N;SG ADP;FEM;SG FEM;N;NOM;SG 3;FEM;FIN;IPFV;PRS;SG;V _
_ _ पण कुत्रा आहे का ?	मेरी कडे पण कुत्रा असणे का ?	FEM;PROPN;SG ADP ADV MASC;N;NOM;SG 3;FIN;PRS;SG;V ADV _
मी जातो !	मी जाणे !	1;NOM;PRO;SG 1;FIN;IPFV;MASC;PRS;SG;V _
" आढेवेढे नको घेऊस ! " केशवचंद्र म्हणाले .	" आढेवेढे नको घेणे ! " केशवचंद्र म्हणणे .	_ ACC;MASC;N;PL FIN;NEG;V 2;FIN;IMP;NEG;SG;V _ _ MASC;NOM;PROPN;SG 3;FIN;MASC;PFV;PL;V _
_ _ दयाळू - मायाळू हो !	असा च दयाळू - मायाळू होणे !	ADJ;MASC;NOM;SG PART ADJ;NOM _ ADJ;NOM 2;FIN;IMP;SG;V _
तुला कारण माहित आहे का ?	तू कारण माहित असणे का ?	2;DAT;PRO;SG N;NEUT;NOM;SG ADV 3;FIN;PRS;SG;V ADV _
त्याने _ _ बाजू _ _ _ _ आणला होता .	तो मी चा बाजू मांडणे साठी कायदेपंडित ही आणणे असणे .	3;ERG;MASC;PRO;SG 1;PL;PRO ADP;FEM;SG FEM;N;NOM;SG NFIN;V ADP ACC;MASC;N;SG PART 3;FIN;MASC;PFV;SG;V 3;FIN;MASC;PST;SG;V _
राजपुत्र _ _ जाऊन बसला .	राजपुत्र शहर बाहेर जाणे बसणे .	MASC;N;NOM;SG N;NEUT;SG ADP PFV;V;V.CVB 3;FIN;MASC;PFV;SG;V _
चला आपण जाऊ .	चलणे आपण जाणे .	2;FIN;IMP;PL;V NOM;PRO 1;FIN;IMP;PL;V _
" कशाला ग , पोरी ? "	" कशाला ग , पोरगी ? "	_ ADV INTJ _ FEM;N;SG;VOC _ _
नटूनथटून श्रीमंत मंडळी आली होती .	नटूनथटून श्रीमंत मंडळी येणे असणे .	ADV ADJ;NOM MASC;N;NOM;PL 3;FIN;MASC;PFV;PL;V 3;FIN;MASC;PL;PST;V _
कोण तुम्ही , कुठल्या ?	कोण तू , कुठला ?	NOM;PRO 2;NOM;PL;PRO _ ADJ _
_ _ तो करमणूक करू लागला .	राजपुत्र चा तो करमणूक करणे लागणे .	MASC;N;SG ADP;FEM;SG 3;MASC;NOM;PRO;SG ACC;FEM;N;SG NFIN;V 3;FIN;MASC;PFV;SG;V _
पहारेकऱ्यांनी त्याला हटकले .	पहारेकरा तो हटकणे .	ERG;MASC;N;PL 3;DAT;MASC;PRO;SG 3;FIN;NEUT;PFV;SG;V _
राजाने राजपुत्राला _ _ बसविले .	राजा राजपुत्र गादी वर बसविले .	ERG;MASC;N;SG DAT;MASC;N;SG FEM;N;SG ADP 3;CAUS;FIN;NEUT;PFV;SG;V _
त्या _ _ सारे गोरगरीब _ _ नावे खडे फोडीत होते .	तो गाव तील सारा गोरगरीब केशवचंद्र चा नाव खडा फोडणे असणे .	DET MASC;N;SG ADP ADJ;MASC;NOM;PL MASC;N;NOM;PL MASC;PL;PROPN ADP DAT;N;NEUT;PL ACC;MASC;N;PL IPFV;V;V.PTCP 3;FIN;MASC;PL;PST;V _
मी तिला विचारीन !	मी तो विचारणे !	1;NOM;PRO;SG 3;DAT;FEM;PRO;SG 1;FIN;FUT;SG;V _
" _ _ जमीन सोडू नये , दादा ! " भीमा म्हणाला .	" सत्ते चा जमीन सोडणे नये , दादा ! " भीमा म्हणणे .	_ FEM;N;SG ADP;FEM;SG ACC;FEM;N;SG 2;FIN;IMP;NEG;V FIN;NEG;SBJV;V _ INTJ _ _ MASC;NOM;PROPN;SG 3;FIN;MASC;PFV;SG;V _
_ _ बाजू कोण मांडणार ?	भीम चा बाजू कोण मांडणे ?	MASC;PROPN;SG ADP;FEM;SG ACC;FEM;N;SG NOM;PRO FIN;PROSP;V _
मग माणसाने किती चांगले असले पाहिजे , असा विचार _ _ मनात आला आणि या विचारात तो _ _ घरी आला .	मग माणूस किती चांगला असणे पाहिजे , असा विचार तो चा मन येणे आणि हा विचार तो आपण चा घरी येणे .	ADV ERG;MASC;N;SG ADV ADJ;NEUT;NOM;SG 3;FIN;NEUT;PFV;SG;V V _ ADJ;MASC;NOM;SG MASC;N;NOM;SG 3;MASC;PRO;SG ADP ESS;N;NEUT;SG 3;FIN;MASC;PFV;SG;V CONJ DET ESS;MASC;N;SG 3;MASC;NOM;PRO;SG PRO ADP ADV 3;FIN;MASC;PFV;SG;V _
वेडपट दिसतो , येथे राहण्यात अर्थ नाही .	वेडपट दिसणे , येथे रहाणे अर्थ नाही .	ACC;MASC;N;SG 3;FIN;IPFV;MASC;PRS;SG;V _ ADV ESS;NFIN;V MASC;N;NOM;SG 3;FIN;NEG;SG;V _
सुखी हो .	सुखी होणे .	ADJ;NOM 2;FIN;IMP;SG;V _
राग नका मानू दादा ; परंतु खरे ते मी सांगतो .	राग नको मानणे दादा ; परंतु खरा तो मी सांगणे .	ACC;MASC;N;SG 3;FIN;NEG;PL;V 2;FIN;IMP;NEG;PL;V INTJ _ CONJ ADJ;NEUT;NOM;SG 3;NEUT;PRO;SG 1;NOM;PRO;SG 3;FIN;IPFV;MASC;PRS;SG;V _
राजपुत्र सचिंत होऊन बसला .	राजपुत्र सचिंत होणे बसणे .	MASC;N;NOM;SG ADV PFV;V;V.CVB 3;FIN;MASC;PFV;SG;V _
" _ _ जमीन विकणार नाही .	" मी चा जमीन विकणे नाही .	_ 1;PRO;SG ADP;FEM;SG ACC;FEM;N;SG FIN;PROSP;V 1;FIN;NEG;SG;V _
_ _ साखर वाटली	शेर भर साखर वाटणे	MASC;N;NOM;SG ADP FEM;N;NOM;SG 3;FEM;FIN;PFV;SG;V
पण काल खूप गार होते !	पण काल खूप गार असणे !	CONJ ADV ADV ADJ;NOM 3;FIN;NEUT;PST;SG;V _
महाराज , या _ _ शिंपायला _ _ चार बिंदू द्या , सर्प म्हणाला .	महाराज , हा राख वर शिंपणे अमृत चा चार बिंदू देणे , सर्प म्हणणे .	MASC;N;NOM;SG _ DET FEM;N;SG ADP V;V.CVB MASC;N;SG ADP;MASC;PL NUM ACC;MASC;N;PL 2;FIN;IMP;PL;V _ MASC;N;NOM;SG 3;FIN;MASC;PFV;SG;V _
" तो _ _ सत्यानाश _ _ राहणार नाही ! " तो म्हणाला .	" तो मी चा सत्यानाश करणे वाचून रहाणे नाही ! " तो म्हणणे .	_ 3;MASC;NOM;PRO;SG 1;PL;PRO ADP;MASC;SG ACC;MASC;N;SG FIN;PFV;V ADP FIN;PROSP;V 3;FIN;NEG;SG;V _ _ 3;MASC;NOM;PRO;SG 3;FIN;MASC;PFV;SG;V _
मध्ये _ _ _ हे शेत आडवे येते .	मधे तू चा च हा शेत आडवा येणे .	ADP 2;PRO;SG ADP;NEUT;SG PART DET;NEUT;SG N;NEUT;NOM;SG ADJ;NEUT;NOM;SG 3;FIN;IPFV;NEUT;PRS;SG;V _
तो सर्प बनला .	तो सर्प बनणे .	3;MASC;NOM;PRO;SG ACC;MASC;N;SG 3;FIN;MASC;PFV;SG;V _
राजा मनात म्हणाला , " याला घालवून द्यावे . "	राजा मन म्हणणे , , हा घालवणे देणे . "	N;NEUT;NOM;SG ESS;N;NEUT;SG 3;FIN;MASC;PFV;SG;V _ _ DAT;MASC;PRO;SG PFV;V;V.CVB 3;FIN;NEUT;SBJV;SG;V _ _
तो पाठीमागून कोणी येत आहे असे त्यांना वाटले .	तो पाठीमागून कोण येणे असणे असा तो वाटणे .	DET;MASC;NOM;SG ADV ERG;PRO IPFV;V;V.PTCP 3;FIN;PRS;SG;V ADV 3;DAT;NEUT;PL;PRO 3;FIN;NEUT;PFV;SG;V _
_ _ रक्तबंबाळ झालेली मांडी पाहून _ _ डोळे भरून आले .	भाव चा रक्तबंबाळ होणे मांडी पहाणे बहिण चा डोळा भरणे येणे .	MASC;N;SG ADP;FEM;SG FEM;N;NOM;SG 3;FEM;PFV;SG;V;V.PTCP FEM;N;NOM;SG PFV;V;V.CVB FEM;N;SG ADP;MASC;PL MASC;N;NOM;PL PFV;V;V.CVB 3;FIN;MASC;PFV;PL;V _
इतक्यात तो खुशमस्कऱ्या आला .	इतक्यात तो खुशमस्कऱ्या येणे .	ADV DET;MASC;NOM;SG MASC;N;NOM;SG 3;FIN;MASC;PFV;SG;V _
मुलेबाळे तेथे येतात , खपतात , खेळतात .	मुलेबाळे तेथे येणे , खपणे , खेळणे .	MASC;N;NOM;PL ADV 3;FIN;IPFV;PL;PRS;V _ 3;FIN;IPFV;PL;PRS;V _ 3;FIN;IPFV;PL;PRS;V _
" याद राख ! "	" याद राखणे ! "	_ ACC;FEM;N;SG 2;FIN;IMP;SG;V _ _
" ती म्हणाली , ' त्यांना विचारा . ' "	" तो म्हणणे , ' तो विचारणे . ' "	_ 3;FEM;NOM;PRO;SG 3;FEM;FIN;PFV;SG;V _ _ 3;DAT;MASC;PL;PRO 2;FIN;IMP;PL;V _ _ _
तिला काही दिसत नाही आहे , आणि ती मोजत आहे .	तो काही दिसणे नाही असणे , आणि तो मोजणे असणे .	3;DAT;FEM;PRO;SG NEUT;PRO;SG IPFV;V;V.PTCP 3;FIN;NEG;SG;V 3;FIN;PRS;SG;V _ CONJ 3;FEM;NOM;PRO;SG IPFV;V;V.PTCP 3;FIN;PRS;SG;V _
कुत्रा आता खूप खुश आहे .	कुत्रा आता खूप खुश असणे .	MASC;N;NOM;SG ADV ADV ADJ;NOM 3;FIN;PRS;SG;V _
" तुम्हा बायकांना कळत नाही . "	" तुम्हा बाई कळणे नाही . "	_ DET;PL DAT;FEM;N;PL IPFV;V;V.PTCP 3;FIN;NEG;SG;V _ _
_ _ सगळी जमीन तुम्ही या ना त्या मार्गाने आपलीशी केलीत .	गाव तील सगळा जमीन तू हा ना तो मार्ग आपलीशी करणे .	MASC;N;SG ADP ADJ;FEM;NOM;SG ACC;FEM;N;SG 2;NOM;PL;PRO DET CONJ DET INS;MASC;N;SG ADJ;NOM 3;FIN;NEUT;PFV;PL;V _
का रे जातोस ?	का रे जाणे ?	ADV INTJ 2;FIN;IPFV;MASC;PRS;SG;V _
_ _ आई मला , तशी ही हरिणी या पाडसांना .	मी चा आई मी , तसा हा हरिणी हा पाडस .	1;PRO;SG ADP;FEM;SG FEM;N;NOM;SG 1;DAT;PRO;SG _ ADV DET;FEM;SG FEM;N;NOM;SG DET;NEUT;PL DAT;N;NEUT;PL _
परंतु करतात काय ?	परंतु करणे काय ?	CONJ 3;FIN;IPFV;PL;PRS;V ACC;PRO _
चिंता नको करूस !	चिंता नको करूस !	FEM;N;NOM;SG 3;FIN;NEG;SG;V 2;FIN;IMP;SG;V _
तो पुढे निघाला .	तो पुढे निघणे .	3;MASC;NOM;PRO;SG ADP 3;FIN;MASC;PFV;SG;V _
तुम्हांला वेदना होणार नाहीत ; परंतु जळून तर जाल .	तू वेदना होणे नाही ; परंतु जळणे तर जाणे .	2;DAT;PL;PRO ACC;FEM;N;PL 3;FIN;PROSP;V 3;FIN;NEG;PL;V _ CONJ PFV;V;V.CVB ADV 2;FIN;FUT;PL;V _
ती म्हणाली , राजाला सांग मी व्रती आहे .	तो म्हणणे , राजा सांगणे मी व्रती असणे .	3;FEM;NOM;PRO;SG 3;FEM;FIN;PFV;SG;V _ DAT;MASC;N;SG 2;FIN;IMP;SG;V 1;NOM;PRO;SG FEM;N;NOM;SG 3;FIN;PRS;SG;V _
एक झरा खळखळ वाहत होता .	एक झरा खळखळ वहाणे असणे .	DET;SG MASC;N;NOM;SG ADV IPFV;V;V.PTCP 3;FIN;MASC;PST;SG;V _
आपण _ _ _ काही करूया .	आपण तो च्या साठी काही करणे .	NOM;PRO 3;MASC;PRO;SG PART ADP ACC;MASC;N;SG 1;FIN;IMP;PL;V _
म्हणून मेरीला _ _ प्रश्नाला काही उत्तर मिळत नाही .	म्हणून मेर तो च्या प्रश्न काही उत्तर मिळणे नाही .	CONJ DAT;FEM;N;SG 3;FEM;PRO;SG ADP DAT;MASC;N;SG DET;NEUT;SG ACC;N;NEUT;SG IPFV;V;V.PTCP 3;FIN;NEG;SG;V _
_ _ ही मगरूर वृत्ती तुला मातीत _ _ राहणार नाही .	तू चा हा मगरूर वृत्ती तू माती मिळवणे शिवाय रहाणे नाही .	2;PRO;SG ADP;FEM;SG DET;FEM;SG ADJ;NOM FEM;N;NOM;SG 2;DAT;PRO;SG ESS;MASC;N;SG FIN;PFV;V ADP FIN;PROSP;V 3;FIN;NEG;SG;V _
_ _ बाळ !	मी चा बाळ !	1;PRO;SG ADP;MASC;SG MASC;N;NOM;SG _
राजपुत्र तो रस अंगाला लावून _ _ गेला .	राजपुत्र तो रस अंग लावणे राजा कडे जाणे .	MASC;N;NOM;SG DET;MASC;SG ACC;MASC;N;SG DAT;N;NEUT;SG PFV;V;V.CVB MASC;N;NOM;SG ADP 3;FIN;MASC;PFV;SG;V _
राजपुत्राने सारी कथा सांगितली .	राजपुत्र सारी कथा सांगसांगणे .	ERG;MASC;N;SG ADJ;FEM;NOM;SG ACC;FEM;N;SG 3;FEM;FIN;PFV;SG;V _
तो त्यांना म्हणाला , त्या राजपुत्राने _ _ प्राण वाचविला आहे .	तो तो म्हणणे , तो राजपुत्र मी चा प्राण वाचवणे असणे .	3;MASC;NOM;PRO;SG 3;DAT;MASC;PL;PRO 3;FIN;MASC;PFV;SG;V _ DET ERG;MASC;N;SG 1;PRO;SG ADP;MASC;SG ACC;MASC;N;SG 3;FIN;MASC;PFV;SG;V 3;FIN;PRS;SG;V _
" टक्केटोणपे खाऊन शहाणा होऊन घरी येईल . "	" टक्केटोणपं खाणे शहाणा होणे घरी येणे . "	_ N;NEUT;NOM;PL PFV;V;V.CVB ADJ;MASC;NOM;SG PFV;V;V.CVB ADV 3;FIN;FUT;SG;V _ _
रात्री चौघे भावंडे निघाली .	रात्री चौघे भावंड निघाली .	ADV ADJ;NEUT;NOM;PL N;NEUT;NOM;PL 3;FIN;NEUT;PFV;PL;V _
राजपुत्राने राजाला _ _ सांगितले आणि तो परत आला .	राजपुत्र राजा तो प्रमाणे सांगसांगणे आणि तो परत येणे .	ERG;MASC;N;SG DAT;MASC;N;SG 3;NEUT;PRO;SG ADP 3;FIN;NEUT;PFV;SG;V CONJ 3;MASC;NOM;PRO;SG ADV 3;FIN;MASC;PFV;SG;V _
_ _ _ जमीन आहे , असा त्याने निर्णय दिला .	केशवचंद्र चा च जमीन असणे , असा तो निर्णय देणे .	MASC;PROPN;SG ADP;FEM;SG PART FEM;N;NOM;SG 3;FIN;PRS;SG;V _ CONJ 3;ERG;MASC;PRO;SG ACC;MASC;N;SG 3;FIN;MASC;PFV;SG;V _
केशवचंद्राने न्यायालयात फिर्याद केली .	केशवचंद्र न्यायालय फिर्याद करणे .	ERG;MASC;PROPN;SG ESS;MASC;N;SG ACC;FEM;N;SG 3;FEM;FIN;PFV;SG;V _
" सांग मला , तो कुठे आहे ! " , ती _ _ आईला म्हणते .	" सांगणे मी , तो कुठे असणे ! " , तो तो च्या आई म्हणणे .	_ 2;FIN;IMP;SG;V 1;DAT;PRO;SG _ 3;MASC;NOM;PRO;SG ADV 3;FIN;PRS;SG;V _ _ _ 3;FEM;NOM;PRO;SG 3;FEM;PRO;SG ADP DAT;FEM;N;SG 3;FEM;FIN;IPFV;PRS;SG;V _
राजा _ _ आपापल्या झोपड्यांत बसून राहा .	राजा जाणे पर्यंत आपण झोपडी बसणे राहा .	N;NEUT;NOM;SG FIN;FUT;V ADP PRO ESS;FEM;N;PL PFV;V;V.CVB 3;FIN;IMP;PL;V _
इतक्यात केविलवाणा शब्द कानी आला .	इतक्यात केविलवाणा शब्द कानी येणे .	ADV MASC;N;NOM;SG MASC;N;NOM;SG ADV 3;FIN;MASC;PFV;SG;V _
" आपण चोर ठरलो नि चोर मालक ठरला . "	" मी चोर ठरणे नि चोर मालक ठरणे . "	_ 1;NOM;PL;PRO ACC;MASC;N;PL 1;FIN;PFV;PL;V CONJ MASC;N;NOM;SG ACC;MASC;N;SG 3;FIN;MASC;PFV;SG;V _ _
त्याने बाण परत भात्यात ठेवला .	तो बाण परत भाता ठेवणे .	3;ERG;MASC;PRO;SG ACC;MASC;N;SG ADV ESS;MASC;N;SG 3;FIN;MASC;PFV;SG;V _
त्याने बहिणीला सारी हकीगत सांगितली .	तो बहिण सारी हकीगत सांगणे .	3;ERG;MASC;PRO;SG DAT;FEM;N;SG ADJ;FEM;NOM;SG ACC;FEM;N;SG 3;FEM;FIN;PFV;SG;V _
तो कपाळाला हात लावून बसला .	तो कपाळ हात लावणे बसणे .	3;MASC;NOM;PRO;SG DAT;N;NEUT;SG ACC;MASC;N;SG PFV;V;V.CVB 3;FIN;MASC;PFV;SG;V _
ती _ _ शोभेल .	तो तू च शोभणे .	3;FEM;NOM;PRO;SG 2;DAT;PL;PRO PART 3;FIN;FUT;SG;V _
राजाने त्याला विचारले , कोण आला आहे राजपुत्र ?	राजा तो विचारणे , कोण येणे असणे राजपुत्र ?	ERG;MASC;N;SG 3;DAT;MASC;PRO;SG 3;FIN;NEUT;PFV;SG;V _ NOM;PRO 3;FIN;MASC;PFV;SG;V 3;FIN;PRS;SG;V MASC;N;NOM;SG _
जयघोष _ _ आले .	जयघोष कान वर येणे .	N;NEUT;NOM;SG MASC;N;SG ADP 3;FIN;NEUT;PFV;SG;V _
आज सकाळी ती _ _ बाचाबाची झाली .	आज सकाळी तो शेवट चा बाचाबाची होणे .	ADV ADV DET;FEM;SG MASC;N;SG ADP;FEM;SG FEM;N;NOM;SG 3;FEM;FIN;PFV;SG;V _
" _ _ देव सर्व जग व्यापून राहिलेला आहे ! "	" मी चा देव सर्व जग व्यापणे रहाणे असणे ! "	_ 1;PRO;SG ADP;MASC;SG MASC;N;NOM;SG ADJ;NOM ACC;N;NEUT;SG PFV;V;V.CVB 3;MASC;PFV;SG;V;V.PTCP 3;FIN;PRS;SG;V _ _
अंधाऱ्या _ _ पांढरी फुले तिने तोडली .	अंधाऱ्या दरी तील पांढरा फुल तो तोडणे .	ADJ FEM;N;SG ADP ADJ;NEUT;NOM;PL ACC;N;NEUT;PL 3;ERG;FEM;PRO;SG 3;FIN;NEUT;PFV;PL;V _
गावात कोणी मेले , तर ती घंटा वाजविण्यात येई .	गाव कोण मेरणे , तर तो घंटा वाजवणे येणे .	ESS;MASC;N;SG ERG;PRO 3;FIN;NEUT;PFV;SG;V _ CONJ DET;FEM;SG FEM;N;NOM;SG ESS;NFIN;V FIN;HAB;V _
सारे शेतकरी भीतीने घरात बसून आहेत ; परंतु भीमा कुठे आहे ?	सारा शेतकरी भीती घर बसणे असणे ; परंतु भीमा कुठे असणे ?	ADJ;NOM;PL MASC;N;PL ERG;FEM;N;SG ESS;N;NEUT;SG PFV;V;V.CVB 3;FIN;PL;PRS;V _ CONJ MASC;NOM;PROPN;SG ADV 3;FIN;PRS;SG;V _
सारी प्रजा सुखी झाली .	सारी प्रजा सुखी होणे .	ADJ;FEM;NOM;SG FEM;N;NOM;SG ADJ;NOM 3;FEM;FIN;PFV;SG;V _
त्या _ _ त्याला आठवण झाली .	तो लाडू चा तो आठवण होणे .	DET;FEM;PL MASC;N;PL ADP;FEM;SG 3;DAT;MASC;PRO;SG FEM;N;NOM;SG 3;FEM;FIN;PFV;SG;V _
आम्ही _ _ केलेले उपकार स्मरतो .	मी साप ही करणे उपकार स्मरणे .	DET;NOM;PL MASC;N;NOM;PL PART 3;MASC;PFV;PL;V;V.PTCP ACC;MASC;N;PL 1;FIN;IPFV;PL;PRS;V _
" नाही मेरी , मी तुला सांगू शकत नाही " ती उत्तर देते .	" नाही मेरी , मी तू सांगणे शकणे नाही " तो उत्तर देणे .	_ INTJ FEM;NOM;PROPN;SG _ 1;NOM;PRO;SG 2;DAT;PRO;SG NFIN;V IPFV;V;V.PTCP 1;FIN;NEG;SG;V _ 3;FEM;NOM;PRO;SG ACC;N;NEUT;SG 3;FEM;FIN;IPFV;PRS;SG;V _
" सावकार आला आहे घरी . "	" सावकार येणे असणे घरी . "	_ MASC;N;NOM;SG 3;FIN;MASC;PFV;SG;V 3;FIN;PRS;SG;V ADV _ _
मेरी _ _ मागे _ _ _ _ बघते , _ _ आई हसत आहे .	मेरी खिडकी चा मागे तो च्या आई कडे बघणे , तो चा आई हसणे असणे .	FEM;NOM;PROPN;SG FEM;N;SG PART ADP 3;FEM;PRO;SG ADP FEM;N;SG ADP 3;FEM;FIN;IPFV;PRS;SG;V _ 3;FEM;PRO;SG ADP;FEM;SG FEM;N;NOM;SG IPFV;V;V.PTCP 3;FIN;PRS;SG;V _
मी _ _ राणी होऊ शकत नाही !	मी कोण चा राणी होणे शकणे नाही !	1;NOM;PRO;SG PRO ADP;FEM;SG ACC;FEM;N;SG NFIN;V IPFV;V;V.PTCP 1;FIN;NEG;SG;V _
" आज त्याला हाकलून देणे तुला _ _ वाटले तरी _ _ _ _ आहे , " तो म्हणाला .	" आज तो हाकलणे देणे तू कठोरपणा चा वाटणे तरी तो च हित चा असणे , " तो म्हणणे .	_ ADV 3;DAT;MASC;PRO;SG PFV;V;V.CVB NFIN;NOM;V 2;DAT;PRO;SG MASC;N;SG ADP;NEUT;SG 3;FIN;NEUT;PFV;SG;V CONJ 3;NEUT;NOM;PRO;SG PART N;NEUT;SG ADP;NEUT;SG 3;FIN;PRS;SG;V _ _ 3;MASC;NOM;PRO;SG 3;FIN;MASC;PFV;SG;V _
दोघे भाऊ त्या नगरीत गेले .	दोघे भाऊ तो नगर जाणे .	DET;NOM;PL MASC;N;PL DET ESS;N;NEUT;SG 3;FIN;MASC;PFV;PL;V _
हजारो लोक तो प्रकार पाहत होते .	हजारो लोक तो प्रकार पहाणे असणे .	ADJ;NOM;PL MASC;N;NOM;PL DET;MASC;SG ACC;MASC;N;SG IPFV;V;V.PTCP 3;FIN;MASC;PL;PST;V _
भीमा _ _ काठी बसून विचार करीत होता .	भीमा विहिर चा काठी बसणे विचार करणे असणे .	MASC;PROPN;SG FEM;N;SG ADP ESS;FEM;N;SG PFV;V;V.CVB MASC;N;NOM;SG IPFV;V;V.PTCP 3;FIN;MASC;PST;SG;V _
ती चौघे जात होती .	तो चौघे जाणे असणे .	DET;NEUT;NOM;PL 3;NOM;PL;PRO IPFV;V;V.PTCP 3;FIN;NEUT;PL;PST;V _
एक होता राजा .	एक असणे राजा .	DET;SG 3;FIN;MASC;PST;SG;V N;NEUT;NOM;SG _
त्याला आनंद झाला .	तो आनंद होणे .	3;DAT;MASC;PRO;SG ACC;MASC;N;SG 3;FIN;MASC;PFV;SG;V _
तिला बहुतेक माहित आहे , तो कुठे आहे , पण तिला हे सांगायचे नाही आहे .	तो बहुतेक माहित असणे , तो कुठे असणे , पण तो हा सांगसांगणे नाही असणे .	3;DAT;FEM;PRO;SG ADV ADV 3;FIN;PRS;SG;V _ 3;MASC;NOM;PRO;SG ADV 3;FIN;PRS;SG;V _ CONJ 3;DAT;FEM;PRO;SG 3;ACC;NEUT;PRO;SG 3;FEM;SG;V;V.PTCP 3;FIN;NEG;SG;V 3;FIN;PRS;SG;V _
पहारेकऱ्यांनी दरडावले .	पहारेकऱ्या दरडावणे .	ERG;MASC;N;SG 3;FIN;NEUT;PFV;SG;V _
तो तेथील हास्यविनोद ऐकून _ _ _ _ आली .	तो तेथे हास्यविनोद ऐकणे तो चा बहीण ही येणे .	DET;MASC;NOM;SG ADJ ACC;MASC;N;PL PFV;V;V.CVB 3;MASC;PRO;SG ADP;FEM;SG FEM;N;NOM;SG PART 3;FEM;FIN;PFV;SG;V _
लोकांनी टाळ्या पिटल्या .	लोक टाळी पिटणे .	ERG;MASC;N;PL FEM;N;NOM;PL 3;FEM;FIN;PFV;PL;V _
मला नाही म्हणू नकोस , ती म्हणाली .	मी नाही म्हणणे नकोस , तो म्हणणे .	1;DAT;PRO;SG INTJ 2;FIN;IMP;NEG;PL;V 2;FIN;NEG;SG;V _ 3;FEM;NOM;PRO;SG 3;FEM;FIN;PFV;SG;V _
गहरी पेटली चिता .	गहरी पेटणे चित .	ADV 3;FEM;FIN;PFV;SG;V N;NEUT;NOM;PL _
दोघे थांबली .	दोघे थांबणे .	3;NOM;PL;PRO 3;FIN;NEUT;PFV;PL;V _
घोडेस्वार तयार करा .	घोडेस्वार तयार करणे .	ACC;MASC;N;SG ADJ;NOM 2;FIN;IMP;PL;V _
चांदी - _ _ भांडी होती .	चांदी - सोने चा भांडे असणे .	FEM;N;NOM;SG _ N;NEUT;SG ADP;NEUT;PL N;NEUT;NOM;PL 3;FIN;NEUT;PL;PST;V _
_ _ तिला झोप आली नाही .	रात्र भर तो झोप येणे नाही .	FEM;N;SG ADP 3;DAT;FEM;PRO;SG ACC;FEM;N;SG 3;FEM;FIN;PFV;SG;V 3;FIN;NEG;SG;V _
राजाने खुशमस्कऱ्याला विचारले , आता काय ?	राजा खुशमस्कऱ्या विचारणे , आता काय ?	ERG;MASC;N;SG DAT;MASC;N;SG 3;FIN;NEUT;PFV;SG;V _ ADV NOM;PRO _
_ _ हृदय द्रवले .	तो चा हृदय द्रवणे .	3;NEUT;PRO;SG ADP;NEUT;SG N;NEUT;NOM;SG 3;FIN;NEUT;PFV;SG;V _
" त्या _ _ का कोणी हजार रुपये देईल ? "	" तो तुकडा चा का कोण हजार रुपय देणे ? "	_ DET MASC;N;SG ADP;NEUT;SG ADV ERG;PRO NUM ACC;MASC;N;PL 3;FIN;FUT;SG;V _ _
आली सारी मंडळी वनात .	येणे सारी मंडळी वन .	3;FEM;FIN;PFV;SG;V ADJ;FEM;NOM;SG FEM;N;NOM;SG ESS;N;NEUT;SG _
राजपुत्र राजवाड्यात उतरला .	राजपुत्र राजवाडा उतरणे .	MASC;N;NOM;SG ESS;MASC;N;SG 3;FIN;MASC;PFV;SG;V _
एक तरुण येत होता .	एक तरुण येणे असणे .	DET;SG MASC;N;NOM;SG IPFV;V;V.PTCP 3;FIN;MASC;PST;SG;V _
चालत होता .	चालणे असणे .	IPFV;V;V.PTCP 3;FIN;MASC;PST;SG;V _
_ _ वेळ होती .	पहाटे चा वेळ असणे .	N;NEUT;SG ADP;FEM;SG FEM;N;NOM;SG 3;FEM;FIN;PST;SG;V _
शहाणी आहे _ _ आई !	शहाणा असणे तू चा आई !	ADJ;FEM;NOM;SG 3;FIN;PRS;SG;V 2;PRO;SG ADP;FEM;SG FEM;N;NOM;SG _
सरदार - जहागीरदार , सावकार , व्यापारी येणार होते .	सरदार - जहागीरदार , सावकार , व्यापारी येणे असणे .	MASC;N;NOM;SG _ MASC;N;NOM;SG _ MASC;N;NOM;SG _ MASC;N;NOM;SG FIN;PROSP;V 3;FIN;MASC;PL;PST;V _
शहाणा होऊन आलास ? राजाने विचारले .	शहाणा होणे येणे ? राजा विचारणे .	ADJ;MASC;NOM;SG PFV;V;V.CVB 2;FIN;MASC;PFV;SG;V _ ERG;MASC;N;SG 3;FIN;NEUT;PFV;SG;V _
अग्नी देण्यात आला .	अग्नी देणे येणे .	MASC;N;NOM;SG ESS;NFIN;V 3;FIN;MASC;PFV;SG;V _
त्याला लवकर पाठवून द्या !	तो लवकर पाठवणे देणे !	3;DAT;NEUT;PRO;SG ADV PFV;V;V.CVB 2;FIN;IMP;PL;V _
काय उपाय ? राजाने विचारले .	काय उपाय ? राजा विचारणे .	NOM;PRO MASC;N;NOM;SG _ ERG;MASC;N;SG 3;FIN;NEUT;PFV;SG;V _
_ _ ते लहानसे शेत ; परंतु _ _ सोने पिकवी .	तो चा तो लहानसा शेत ; परंतु खरा च सोने पिकणे .	3;MASC;PRO;SG ADP;NEUT;SG DET;NEUT;SG ADJ;NEUT;NOM;SG N;NEUT;NOM;SG _ CONJ ADJ;NEUT;NOM;SG PART N;NEUT;NOM;PL 3;FIN;NEUT;PL;SBJV;V _
' न्याय मेला ' असे जो तो उत्तर देऊ लागला .	' न्याय मरणे ' असे जो तो उत्तर देणे लागणे .	_ MASC;N;NOM;SG 3;FIN;MASC;PFV;SG;V _ CONJ MASC;NOM;PRO;SG 3;MASC;NOM;PRO;SG N;NEUT;NOM;SG NFIN;V 3;FIN;MASC;PFV;SG;V _
" काय लागला निकाल ? " बायकोने विचारले .	" काय लागणे निकाल ? " बायको विचारणे .	_ ACC;PRO 3;FIN;MASC;PFV;SG;V MASC;N;NOM;SG _ _ ERG;FEM;N;SG 3;FIN;NEUT;PFV;SG;V _
तुम्ही आम्ही होऊया .	तू मी होणे .	2;NOM;PL;PRO 1;ACC;PL;PRO FIN;IMP;V _
जुने कागदपत्र सापडले आहेत _ _ हे सिद्ध होत आहे , वगैरे _ _ म्हणणे .	जुना कागदपत्र सापडणे असणे तो वरून हा सिद्ध होणे असणे , वगैरे तो चा म्हणणे .	ADJ;MASC;NOM;PL MASC;N;NOM;PL 3;FIN;MASC;PFV;PL;V 3;FIN;PL;PRS;V 3;NEUT;PRO;SG ADP 3;NEUT;NOM;PRO;SG MASC;N;NOM;SG IPFV;V;V.PTCP 3;FIN;PRS;SG;V _ ADV 3;MASC;PRO;SG ADP;NEUT;SG NFIN;NOM;V _
आईला का कोणी विकतो ?	आई का कोण विकणे ?	DAT;FEM;N;SG ADV ERG;PRO 3;FIN;IPFV;MASC;PRS;SG;V _
त्याला सांगा कि , बहीण तरी दे किंवा मागील _ _ समुद्रात पडलेली नथ आणून दे , नाहीतर डोके उडवीन ! खुशमस्कऱ्याने सुचविले .	तो सांगसांगणे कि , बहीण तरी देणे किंवा मागील राणी चा समुद्र पडणे नथ आणणे देणे , नाहीतर डोके उडवणे ! खुशमस्कऱ्या सुचवणे .	3;DAT;MASC;PRO;SG 2;FIN;IMP;PL;V CONJ _ ACC;FEM;N;SG ADV 2;FIN;IMP;SG;V CONJ ADJ FEM;N;SG ADP;FEM;SG ESS;MASC;N;SG 3;FEM;PFV;SG;V;V.PTCP ACC;FEM;N;SG PFV;V;V.CVB 2;FIN;IMP;SG;V _ ADV ACC;N;NEUT;SG 1;FIN;FUT;SG;V _ ERG;MASC;N;SG 3;FIN;NEUT;SG;V _
सकाळी राजा मुलाला म्हणाला , _ _ चालता हो .	सकाळी राजा मुलगा म्हणणे , राज्य तून चालणे होणे .	ADV N;NEUT;NOM;SG DAT;MASC;N;SG 3;FIN;MASC;PFV;SG;V _ N;NEUT;SG ADP ESS;IPFV;V;V.PTCP 2;FIN;IMP;V _
भूक - _ _ लाडू , ती म्हणाली .	भूक - तहान चा लाडू , तो म्हणणे .	FEM;N;NOM;SG _ FEM;N;SG ADP;MASC;PL MASC;N;NOM;PL _ 3;FEM;NOM;PRO;SG 3;FEM;FIN;PFV;SG;V _
लाखो बेडूक जमा झाले .	लाखो बेडूक जमा होणे .	ADJ;NOM;PL MASC;N;NOM;PL ADV 3;FIN;MASC;PFV;PL;V _
भावाला बहीण झाली . तो म्हणाला .	भाऊ बहीण होणे . तो म्हणणे .	DAT;MASC;N;SG ACC;FEM;N;SG 3;FEM;FIN;PFV;SG;V _ 3;MASC;NOM;PRO;SG 3;FIN;MASC;PFV;SG;V _
राजपुत्र परत आलेला पाहून सारे आश्चर्यचकित झाले .	राजपुत्र परत येणे पहाणे सारे आश्चर्यचकित होणे .	MASC;N;NOM;SG ADV 3;MASC;PFV;SG;V;V.PTCP PFV;V;V.CVB MASC;PL;PRO ADJ;NOM 3;FIN;MASC;PFV;PL;V _
दादा , मी तो बेडूक .	दादा , मी तो बेडूक .	MASC;N;NOM;SG _ 1;NOM;PRO;SG DET;MASC;SG MASC;N;NOM;SG _
राजाला सांगून ठेवा , की _ _ राख मात्र _ _ घरी पाठवा !	राजा सांगणे ठेवणे , की मी चा राख मात्र मी चा घरी पाठवणे !	DAT;MASC;N;SG PFV;V;V.CVB 2;FIN;IMP;PL;V _ CONJ 1;PRO;SG ADP;FEM;SG ACC;FEM;N;SG ADV 1;PRO;SG ADP ADV 2;FIN;IMP;PL;V _
परंतु _ _ तो बिघडला .	परंतु लाड मुळे तो बिघडणे .	CONJ MASC;N;SG ADP 3;MASC;NOM;PRO;SG 3;FIN;MASC;PFV;SG;V _
" देव काही मेला नाही , केशवबाबा ! "	" देव काही मरणे नाही , केशवबाबा ! "	_ MASC;N;NOM;SG ADV 3;FIN;MASC;PFV;SG;V 3;FIN;NEG;SG;V _ MASC;NOM;PROPN;SG _ _
ठीक , हरकत नाही , राजपुत्र म्हणाला .	ठीक , हरकत नाही , राजपुत्र म्हणणे .	INTJ _ FEM;N;NOM;SG 3;FIN;NEG;SG;V _ MASC;N;NOM;SG 3;FIN;MASC;PFV;SG;V _
_ _ एक जुने _ _ मंदिर होते .	गाव बाहेर एक जुना देवी चा मंदिर असणे .	MASC;N;SG ADP DET;SG ADJ;NEUT;NOM;SG FEM;N;SG ADP;NEUT;SG N;NEUT;NOM;SG 3;FIN;NEUT;PST;SG;V _
राजपुत्राला निरोप कळविण्यात आला .	राजपुत्र निरोप कळवणे येणे .	DAT;MASC;N;SG ACC;MASC;N;SG ESS;NFIN;V 3;FIN;MASC;PFV;SG;V _
साऱ्या बेडकांनी ऐकले आणि _ _ त्यांनी केले .	साऱ्या बेडूक ऐकणे आणि तो प्रमाणे तो करणे .	ADJ ERG;MASC;N;PL 3;FIN;NEUT;PFV;SG;V CONJ 3;PRO ADP 3;ERG;MASC;PL;PRO 3;FIN;NEUT;PFV;SG;V _
तो पक्षी किंवा प्राणी नाही आहे .	तो पक्ष किंवा प्राण नाही असणे .	3;MASC;NOM;PRO;SG MASC;N;NOM;SG CONJ MASC;N;NOM;SG 3;FIN;NEG;SG;V 3;FIN;PRS;SG;V _
हवामान आज चांगले आहे , खूप गरम आहे .	हवामान आज चांगला असणे , खूप गरम असणे .	N;NEUT;NOM;SG ADV ADJ;NEUT;NOM;SG 3;FIN;PRS;SG;V _ ADV ADJ;NOM 3;FIN;PRS;SG;V _
या राजपुत्रास पाठविले _ _ मार्गाने _ _ जा !	हा राजपुत्र पाठवणे तो च मार्ग तू ही जाणे !	DET DAT;MASC;N;SG 3;FIN;NEUT;PFV;SG;V DET;FEM;PL PART INS;MASC;N;SG 2;NOM;PRO;SG PART 2;FIN;IMP;SG;V _
राजपुत्राने _ _ चमकणारी फुले राजाला नेऊन दिली .	राजपुत्र तारा प्रमाणे चमकणे फुल राजा नेणे देणे .	ERG;MASC;N;SG MASC;N;SG ADP HAB;NEUT;PL;V;V.PTCP ACC;N;NEUT;PL DAT;MASC;N;SG PFV;V;V.CVB 3;FIN;NEUT;PFV;PL;V _
गोष्ट _ _ संपली .	गोष्ट मी चा संपणे .	FEM;N;NOM;SG 1;PL;PRO ADP;FEM;SG 3;FEM;FIN;PFV;SG;V _
_ _ _ _ ते कागाळ्या घालतील , अशी त्याला शंका होती .	राजा चा कान वर तो कागाळी घालतील , असा तो शंका असणे .	MASC;N;SG ADP MASC;N;SG ADP 3;MASC;NOM;PL;PRO ACC;FEM;N;PL 3;FIN;FUT;PL;V _ CONJ 3;DAT;MASC;PRO;SG FEM;N;NOM;SG 3;FEM;FIN;PST;SG;V _
एका _ _ काठी चौघे बसली .	एक सरोवर चा काठी चौघे बसणे .	DET;SG MASC;N;SG ADP ADV 3;NOM;PL;PRO 3;FIN;NEUT;PFV;PL;V _
राजवाडा शृंगारला गेला .	राजवाडा शृंगारणे जाणे .	MASC;N;NOM;SG 3;FIN;MASC;PFV;SG;V 3;FIN;MASC;PFV;SG;V _
मला सन्मानाने मिरवत _ _ या !	मी सन्मान मिरवणे नेणे साठी येणे !	1;ACC;PRO;SG INS;MASC;N;SG IPFV;V;V.PTCP NFIN;V ADP 2;FIN;IMP;PL;V _
केशवचंद्राला _ _ _ _ भीती वाटत होती .	केशवचंद्र गाव तील लोक चा भीती वाटणे असणे .	DAT;MASC;PROPN;SG MASC;N;SG ADP MASC;N;PL ADP;FEM;SG FEM;N;NOM;SG IPFV;V;V.PTCP 3;FEM;FIN;PST;SG;V _
दुसऱ्या दिवशी राजाने राजपुत्राला बोलावणे धाडले .	दुसरा दिवशी राजा राजपुत्र बोलावणे धाडणे .	NUM ADV ERG;MASC;N;SG DAT;MASC;N;SG NFIN;NOM;V 3;FIN;NEUT;PFV;SG;V _
पुत्र _ _ पाया पडला .	पुत्र पिता चा पाय पडणे .	MASC;N;NOM;SG MASC;N;SG ADP DAT;MASC;N;SG 3;FIN;MASC;PFV;SG;V _
_ _ आवाज परत येत आहे !	तो च आवाज परत येणे असणे !	DET;MASC;SG PART MASC;N;NOM;SG ADV IPFV;V;V.PTCP 3;FIN;PRS;SG;V _
सावकाराला बघवत नाही .	सावकार बघणे नाही .	DAT;MASC;N;SG CAUS;IPFV;V;V.PTCP 3;FIN;NEG;SG;V _
देव _ _ तिजोरीत आहे !	देव मी चा तिजोरी असणे !	MASC;N;NOM;SG 1;PRO;SG ADP ESS;FEM;N;SG 3;FIN;PRS;SG;V _
ती छोटी मुलगी _ _ बहीण आहे , ती पाच _ _ आहे .	तो छोटा मुलगी तो चा बहीण असणे , तो पाच वर्ष चा असणे .	DET;FEM;SG ADJ;FEM;NOM;SG FEM;N;NOM;SG 3;MASC;PRO;SG ADP;FEM;SG FEM;N;NOM;SG 3;FIN;PRS;SG;V _ 3;FEM;NOM;PRO;SG NUM N;NEUT;SG ADP;FEM;SG 3;FIN;PRS;SG;V _
तो स्वर्गात कसा जाणार ?	तो स्वर्ग कसा जाणे ?	3;MASC;NOM;PRO;SG ESS;MASC;N;SG ADV FIN;PROSP;V _
एकुलता एक मुलगा म्हणून राजा - राणी त्याला जीव की प्राण करित .	एकुलता एक मुलगा म्हणून राजा - राणी तो जीव की प्राण करित .	ADJ;MASC;NOM;SG DET;SG MASC;N;NOM;SG CONJ N;NEUT;NOM;SG _ FEM;N;NOM;SG 3;DAT;MASC;PRO;SG MASC;N;NOM;SG ADV MASC;N;NOM;SG 3;FIN;HAB;PL;PST;V _
" नाही , त्रिवार नाही ! "	" नाही , त्रिवार नाही ! "	_ INTJ _ ADV 1;FIN;NEG;SG;V _ _
" न्याय _ _ हातात असतो , भीमा . "	" न्याय मी चा हात असणे , भीमा . "	_ MASC;N;NOM;SG 1;PL;PRO ADP ESS;MASC;N;SG 3;FIN;IPFV;MASC;PRS;SG;V _ MASC;NOM;PROPN;SG _ _
_ _ दहा लाख रुपये मिळाले .	तो चा दहा लाख रुपय मिळणे .	3;NEUT;PL;PRO ADP;NEUT;SG NUM NUM ACC;MASC;N;PL 3;FIN;MASC;PFV;PL;V _
_ _ एक खुशमस्कऱ्या होता .	राजा चा एक खुशमस्कऱ्या असणे .	MASC;N;SG ADP;MASC;SG DET;SG MASC;N;NOM;SG 3;FIN;MASC;PST;SG;V _
राजाने खुशमस्कऱ्यास बोलावले व सांगितले , अरे , _ _ बाबा _ _ आठवण काढीत आहेत .	राजा खुशमस्कऱ्या बोलावणे व सांगसांगणे , अरे , मी चा बाबा तू चा आठवण काढणे असणे .	ERG;MASC;N;SG DAT;MASC;N;SG 3;FIN;NEUT;PFV;SG;V CONJ 3;FIN;NEUT;PFV;SG;V _ INTJ _ 1;PRO;SG ADP;MASC;PL MASC;N;NOM;PL 2;PRO;SG ADP;FEM;SG FEM;N;NOM;SG IPFV;V;V.PTCP 3;FIN;PL;PRS;V _
सर्वांना ढेकर निघाली .	सर्व ढेकर निघाली .	DAT;PL;PRO ACC;FEM;N;SG 3;FEM;FIN;PFV;SG;V _
ती पटकन कुठेतरी गेली आणि पाला घेऊन आली .	तो पटकन कुठेतरी जाणे आणि पाला घेणे येणे .	3;FEM;NOM;PRO;SG ADV ADV 3;FEM;FIN;PFV;SG;V CONJ MASC;N;NOM;SG PFV;V;V.CVB 3;FEM;FIN;PFV;SG;V _
_ _ _ _ वार्ता गेली .	राजा चा कान वरती वार्ता जाणे .	MASC;N;SG ADP MASC;N;SG ADP FEM;N;NOM;SG 3;FEM;FIN;PFV;SG;V _
तो न्यायाधीशास _ _ म्हणाला , " महाराज , देवाधर्माला स्मरून मी सांगतो की ही _ _ जमीन आहे .	तो न्यायाधीश एवढा च म्हणणे , " महाराज , देवाधर्म स्मरणे मी सांगणे की हा मी चा जमीन असणे .	3;MASC;PRO;SG DAT;MASC;N;SG 3;PL;PRO PART 3;FIN;MASC;PFV;SG;V _ _ MASC;N;NOM;SG _ DAT;MASC;N;SG PFV;V;V.CVB 1;NOM;PRO;SG 1;FIN;IPFV;MASC;PRS;SG;V CONJ 3;FEM;NOM;PRO;SG 1;PRO;SG ADP;FEM;SG FEM;N;NOM;SG 3;FIN;PRS;SG;V _
सावकार निघून गेला होता .	सावकार निघने जाणे असणे .	MASC;N;NOM;SG PFV;V;V.CVB 3;FIN;MASC;PFV;SG;V 3;FIN;MASC;PST;SG;V _
तिघे चालू लागली .	तिघे चालणे लागणे .	3;NOM;PL;PRO NFIN;V 3;FIN;NEUT;PFV;PL;V _
दादा , मी साप होतो .	दादा , मी साप असणे .	MASC;N;NOM;SG _ 1;NOM;PRO;SG ACC;MASC;N;SG 1;FIN;MASC;PST;SG;V _
इतक्यात _ _ वडील मुलगी भीमी लहान भावंडाला घेऊन आली .	इतक्यात तो चा वडील मुलगी भीमी लहान भावंड घेणे येणे .	ADV 3;NEUT;PRO;SG ADP;FEM;SG MASC;N;NOM;SG FEM;N;NOM;SG FEM;NOM;PROPN;SG ADJ ACC;N;NEUT;SG PFV;V;V.CVB 3;FEM;FIN;PFV;SG;V _
ती गच्चीत उभी होती .	तो गच्ची उभा असणे .	3;FEM;NOM;PRO;SG ESS;FEM;N;SG ADJ;FEM;NOM;SG 3;FEM;FIN;PST;SG;V _
" हे म्हातारे शेतकरी साक्षीदार का खोटे सांगतात ? " वकील म्हणाला .	" हा म्हातारा शेतकरी साक्षीदार का खोटा सांगसांगणे ? " वकील म्हणणे .	_ DET;NEUT;SG ADJ;NEUT;NOM;SG MASC;N;NOM;PL MASC;N;NOM;SG CONJ ADJ;NEUT;NOM;SG 3;FIN;IPFV;PL;PRS;V _ _ MASC;N;NOM;SG 3;FIN;MASC;PFV;SG;V _
_ _ कडेला फुलझाडे होती .	विहिर चा कडे फुलझाड असणे .	FEM;N;SG ADP DAT;MASC;N;SG N;NEUT;NOM;PL 3;FIN;NEUT;PL;PST;V _
खरोखरच त्या _ _ _ _ जीव की प्राण प्रेम होते .	खरोखरच तो शेत वर भीम चा जीव की प्राण प्रेम असणे .	ADV DET N;NEUT;SG ADP MASC;PROPN;SG ADP;NEUT;SG MASC;N;NOM;SG CONJ MASC;N;NOM;SG N;NEUT;NOM;SG 3;FIN;NEUT;PST;SG;V _
राजपुत्राने दोन्ही लाडू फोडले .	राजपुत्र दोन लाडू फोडणे .	ERG;MASC;N;SG NUM ACC;MASC;N;PL 3;FIN;MASC;PFV;PL;V _
एका खळखळ वाहणाऱ्या _ _ काठी दोघं बसली .	एक खळखळ वहाणे झरा चा काठ दोघे बसणे .	DET;SG ADV HAB;V;V.PTCP MASC;N;SG ADP ESS;FEM;N;SG 3;MASC;PL;PRO 3;FIN;MASC;PFV;PL;V _
गाव शृंगारण्यात आला आणि एक सुंदर सभामंडप उभारण्यात आला .	गाव शृंगारणे येणे आणि एक सुंदर सभामंडप उभारणे येणे .	MASC;N;NOM;SG ESS;NFIN;V 3;FIN;MASC;PFV;SG;V CONJ DET;SG ADJ;NOM MASC;N;NOM;SG ESS;NFIN;V 3;FIN;MASC;PFV;SG;V _
_ _ रस्त्याने राजपुत्राला पाठवू !	तो च रस्ता राजपुत्र पाठवणे !	DET PART INS;MASC;N;SG DAT;MASC;N;SG 1;FIN;IMP;PL;V _
राजपुत्र लगबगीने _ _ राजवाड्यात आला व भावंडांना म्हणाला , हा राजा लहरी दिसतो .	राजपुत्र लगबग आपण चा राजवाडा येणे व भावंड म्हणणे , हा राजा लहर दिसणे .	MASC;N;NOM;SG FEM;INS;N;SG PRO ADP ESS;MASC;N;SG 3;FIN;MASC;PFV;SG;V CONJ DAT;N;NEUT;PL 3;FIN;MASC;PFV;SG;V _ DET;MASC;SG N;NEUT;NOM;SG ACC;FEM;N;PL 3;FIN;IPFV;MASC;PRS;SG;V _
एक स्त्री येत होती .	एक स्त्री येणे असणे .	DET;SG FEM;N;NOM;SG IPFV;V;V.PTCP 3;FEM;FIN;PST;SG;V _
बेडूक वाचवावा तर _ _ भूक कशी शमवायची ?	बेडूक वाचवणे तर साप चा भूक कसा शमवणे ?	ACC;MASC;N;SG 3;FIN;MASC;SBJV;SG;V ADV MASC;N;SG ADP;FEM;SG ACC;FEM;N;SG ADV 3;FEM;SG;V;V.PTCP _
विचार करीत तो निघाला .	विचार करणे तो निघणे .	MASC;N;NOM;SG IPFV;V;V.PTCP 3;MASC;NOM;PRO;SG 3;FIN;MASC;PFV;SG;V _
बहीण एका पालखीत बसली .	बहीण एक पालखी बसणे .	FEM;N;NOM;SG DET;SG ESS;FEM;N;SG 3;FEM;FIN;PFV;SG;V _
दोन रत्ने त्यांनी विकली .	दोन रत्न तो विकणे .	NUM ACC;N;NEUT;PL 3;ERG;MASC;PL;PRO 3;FIN;NEUT;PFV;PL;V _
त्याला एक मुलगा होता .	तो एक मुलगा असणे .	3;DAT;MASC;PRO;SG DET;SG MASC;N;NOM;SG 3;FIN;MASC;PST;SG;V _
राजपुत्र अंबारीत बसला .	राजपुत्र अंबारी बसणे .	MASC;N;NOM;SG ESS;FEM;N;SG 3;FIN;MASC;PFV;SG;V _
_ _ चाललीस ?	तू ही चालणे ?	2;NOM;PRO;SG PART 2;FEM;FIN;PFV;SG;V _
ती सगळीकडे शोधते पण तिला जेम्स सापडत नाही .	तो सगळीकडे शोधणे पण तो जेम्स सापडणे नाही .	3;FEM;NOM;PRO;SG ADV 3;FEM;FIN;IPFV;PRS;SG;V CONJ 3;DAT;FEM;PRO;SG ACC;MASC;PROPN;SG IPFV;V;V.PTCP 3;FIN;NEG;SG;V _
येतो दादा , सुखी व्हा ! असे म्हणून तो भाऊ साप बनला व थोड्या _ _ फण् फण् करीत निघून गेला .	येणे दादा , सुखी होणे ! असे म्हणणे तो भाऊ साप बनणे व थोडा अंतर वर फण् फण् करणे निघणे जाणे .	1;FIN;IPFV;MASC;PRS;SG;V MASC;N;NOM;SG _ ADJ;NOM 2;FIN;FUT;PL;V _ CONJ PFV;V;V.CVB DET;MASC;SG MASC;N;NOM;SG ACC;MASC;N;SG 3;FIN;MASC;PFV;SG;V CONJ ADJ N;NEUT;SG ADP INTJ INTJ IPFV;V;V.PTCP PFV;V;V.CVB 3;FIN;MASC;PFV;SG;V _
तू रे कोण ? राजपुत्राने विचारले .	तू रे कोण ? राजपुत्र विचारणे .	2;NOM;PRO;SG INTJ NOM;PRO _ ERG;MASC;N;SG 3;FIN;NEUT;PFV;SG;V _
कुशल प्रश्न _ _ राजा म्हणाला , _ _ पत्नी फार लावण्यवती आहे असे ऐकतो .	कुशल प्रश्न होणे वर राजा म्हणणे , तू चा पत्नी फार लावण्यवती असणे असे ऐकणे .	ADJ;NOM MASC;N;NOM;SG FIN;PFV;V ADP N;NEUT;NOM;SG 3;FIN;MASC;PFV;SG;V _ 2;PL;PRO ADP;FEM;SG FEM;N;NOM;SG ADV ADJ;FEM;NOM;SG 3;FIN;PRS;SG;V CONJ 3;FIN;IPFV;MASC;PRS;SG;V _
सभामंडप भरून गेला होता .	सभामंडप भरणे जाणे असणे .	MASC;N;NOM;SG PFV;V;V.CVB 3;FIN;MASC;PFV;SG;V 3;FIN;MASC;PST;SG;V _
एक सर्प या _ _ निघाला .	एक सर्प हा सर्प बरोबर निघाला .	DET;SG MASC;N;NOM;SG DET MASC;N;SG ADP 3;FIN;MASC;PFV;SG;V _
अरे , आजूबाजूला आता सगळीकडे _ _ जमीन !	अरे , आजूबाजू आता सगळीकडे मी चा जमीन !	INTJ _ DAT;MASC;N;SG ADV ADV 1;PRO;SG ADP;FEM;SG FEM;N;NOM;SG _
तिला आता तो नीट ऐकू येत आहे .	तो आता तो नीट ऐकणे येणे असणे .	3;DAT;FEM;PRO;SG ADV 3;ACC;MASC;PRO;SG ADV NFIN;V IPFV;V;V.PTCP 3;FIN;PRS;SG;V _
_ _ राख _ _ घरी पाठवा असे त्याने सांगितले .	मी चा राख मी चा घरी पाठवणे असे तो सांगसांगणे .	1;PRO;SG ADP;FEM;SG ACC;FEM;N;SG 1;PRO;SG ADP ADV 2;FIN;IMP;PL;V CONJ 3;ERG;MASC;PRO;SG 3;FIN;NEUT;PFV;SG;V _
तू मला मारले नाहीस .	तू मी मारणे नाही .	2;NOM;PRO;SG 1;DAT;PRO;SG 3;FIN;NEUT;PFV;SG;V 2;FIN;NEG;SG;V _
_ _ _ _ करमणूक करायला आलो आहे .	तू चा राजपुत्र चा करमणूक करणे येणे असणे .	2;PL;PRO ADP MASC;N;SG ADP;FEM;SG ACC;FEM;N;SG V;V.CVB 1;FIN;MASC;PFV;SG;V 1;FIN;PRS;SG;V _
तो थांबला .	तो थांबणे .	3;MASC;NOM;PRO;SG 3;FIN;MASC;PFV;SG;V _
" देव दूर आहे आभाळात . "	" देव दूर असणे आभाळ . "	_ MASC;N;NOM;SG ADJ;NOM 3;FIN;PRS;SG;V ESS;N;NEUT;SG _ _
तो _ _ असेल !	तो जेम्स च असणे !	3;MASC;NOM;PRO;SG MASC;NOM;PROPN;SG PART 3;FIN;FUT;SG;V _
त्याने शेषाला सारा वृत्तान्त निवेदला .	तो शेष सारा वृत्तान्त निवेदणे .	3;ERG;MASC;PRO;SG DAT;MASC;N;SG ADJ;MASC;NOM;SG ACC;MASC;N;SG 3;FIN;MASC;PFV;SG;V _
लाटांनी नथ मोडली .	लाट नथ मोडणे .	ERG;FEM;N;PL ACC;FEM;N;SG 3;FEM;FIN;PFV;SG;V _
भीमा आज त्या मंदिरात गेला आणि ती घंटा दाणदाण वाजवू लागला .	भीमा आज तो मंदिर जाणे आणि तो घंटा दाणदाण वाजवणे लागणे .	MASC;NOM;PROPN;SG ADV DET ESS;N;NEUT;SG 3;FIN;MASC;PFV;SG;V CONJ DET;FEM;SG ACC;FEM;N;SG ADV NFIN;V 3;FIN;MASC;PFV;SG;V _
_ _ वडिलांना _ _ _ _ घालून स्वर्गात पाठविले .	तू चा वडिल मरणे वर सरण वर घालणे स्वर्ग पाठवणे .	2;PL;PRO ADP DAT;MASC;N;PL FIN;PFV;V ADP N;NEUT;SG ADP PFV;V;V.CVB ESS;MASC;N;SG 3;FIN;NEUT;PFV;SG;V _
ही रत्ने विकून एक राजवाडा खरेदी करा .	हा रत्न विकणे एक राजवाडा खरेदी करणे .	DET;FEM;SG ACC;N;NEUT;PL PFV;V;V.CVB DET;SG ACC;MASC;N;SG FEM;N;NOM;SG 2;FIN;IMP;PL;V _
लाडू खाऊन , पाणी पिऊन तो पुढे निघाला , तर त्याला एक हरिणी दिसली .	लाडू खाणे , पाणी पिणे तो पुढे निघाला , तर तो एक हरिणी दिसणे .	MASC;N;NOM;PL PFV;V;V.CVB _ N;NEUT;NOM;SG PFV;V;V.CVB 3;MASC;NOM;PRO;SG ADP 3;FIN;MASC;PFV;SG;V _ CONJ 3;DAT;MASC;PRO;SG DET;SG ACC;FEM;N;SG 3;FEM;FIN;PFV;SG;V _
तो नम्रतेने म्हणाला .	तो नम्रते म्हणणे .	3;MASC;NOM;PRO;SG FEM;INS;N;SG 3;FIN;MASC;PFV;SG;V _
आणि जेम्स _ _ काय करत आहे ?	आणि जेम्स झाड जवळ काय करणे असणे ?	CONJ MASC;NOM;PROPN;SG N;NEUT;SG ADP ACC;PRO IPFV;V;V.PTCP 3;FIN;PRS;SG;V _
_ _ , _ _ लोक बघत होते .	घर तून , गच्ची तून लोक बघणे असणे .	N;NEUT;PL ADP _ FEM;N;SG ADP MASC;N;NOM;PL IPFV;V;V.PTCP 3;FIN;MASC;PL;PST;V _
राजपुत्र माघारी आला .	राजपुत्र माघार येणे .	MASC;N;NOM;SG ADV 3;FIN;MASC;PFV;SG;V _
_ _ ही गर्दी !	राजवाडा समोर हा गर्दी !	MASC;N;SG ADP DET;FEM;SG FEM;N;NOM;SG _
_ _ _ दोन रत्ने बाहेर निघाली .	तो तून ही दोन रत्न बाहेर निघाली .	3;MASC;PL;PRO ADP PART NUM N;NEUT;NOM;PL ADP 3;FIN;NEUT;PFV;PL;V _
राजा - राणी मुलाला व सुनेला आशीर्वाद देऊन _ _ वनात निघून गेली .	राजा - राणी मुलगा व सुन आशीर्वाद देणे तपश्चर्ये साठी वन निघणे जाणे .	N;NEUT;NOM;SG _ FEM;N;NOM;SG DAT;MASC;N;SG CONJ DAT;FEM;N;SG ACC;MASC;N;PL PFV;V;V.CVB FEM;N;SG ADP ESS;N;NEUT;SG PFV;V;V.CVB 3;FIN;NEUT;PFV;PL;V _
_ _ राजपुत्र निजला .	चित वर राजपुत्र निजणे .	FEM;N;SG ADP MASC;N;NOM;SG 3;FIN;MASC;PFV;SG;V _
आणि वाद्ये वाजू लागली .	आणि वाद्य वाजणे लागणे .	CONJ N;NEUT;NOM;PL NFIN;V 3;FIN;NEUT;PFV;PL;V _
मला _ _ भाऊ होऊ दे .	मी तू चा भाऊ होणे देणे .	1;DAT;PRO;SG 2;PL;PRO ADP;MASC;SG ACC;MASC;N;SG NFIN;V 2;FIN;IMP;SG;V _
" बाबा , आईने घरी बोलावले आहे . " ती म्हणाली .	" बाबा , आई घरी बोलावणे असणे . " तो म्हणणे .	_ MASC;N;NOM;SG _ ERG;FEM;N;SG ADV 3;FIN;NEUT;PFV;SG;V 3;FIN;PRS;SG;V _ _ 3;FEM;NOM;PRO;SG 3;FEM;FIN;PFV;SG;V _
राजा विचार करू लागला .	राजा विचार करणे लागणे .	MASC;N;NOM;SG ACC;MASC;N;SG NFIN;V 3;FIN;MASC;PFV;SG;V _
ती म्हणाली , _ _ जाऊन दोन _ _ बसून राहा .	तो म्हणणे , गाव बाहेर जाणे दोन कोस वरती बसणे राहाणे .	3;FEM;NOM;PRO;SG 3;FEM;FIN;PFV;SG;V _ MASC;N;SG ADP PFV;V;V.CVB NUM MASC;N;PL ADP PFV;V;V.CVB 2;FIN;IMP;V _
_ _ चालत आलेली ही जमीन .	वाडवडिल पासून चालणे येणे हा जमीन .	MASC;N;PL ADP IPFV;V;V.PTCP 3;FEM;PFV;SG;V;V.PTCP DET;FEM;SG FEM;N;NOM;SG _
काही दिवस गेले .	काही दिवस जाणे .	ADJ;NOM MASC;N;NOM;PL 3;FIN;MASC;PFV;PL;V _
तू _ _ बाण सोडणार होतास ; परंतु _ _ मातृप्रेम जागे झाले .	तू मी वर बाण सोडणे असणे ; परंतु तू चा मातृप्रेम जागा होणे .	2;NOM;PRO;SG 1;PRO;SG ADP ACC;MASC;N;SG FIN;PROSP;V 2;FIN;MASC;PST;SG;V _ CONJ 2;PRO;SG ADP;NEUT;SG N;NEUT;NOM;SG ADJ;NEUT;NOM;SG 3;FIN;NEUT;PFV;SG;V _
_ _ म्हणाला .	तो ही म्हणणे .	3;MASC;NOM;PRO;SG PART 3;FIN;MASC;PFV;SG;V _
पलीकडे _ _ लहानसा गोठा होता .	पलीकडे तो चा लहानसा गोठा असणे .	ADP 3;MASC;PRO;SG ADP;MASC;SG ADJ;MASC;NOM;SG MASC;N;NOM;SG 3;FIN;MASC;PST;SG;V _
सावकार का ही जमीन लाटणार ?	सावकार का हा जमीन लाटणे ?	MASC;N;NOM;SG ADV DET;FEM;SG ACC;FEM;N;SG FIN;PROSP;V _
सकाळी प्रातर्विधी करून सर्वांनी फराळ केला .	सकाळी प्रातर्विधी करणे सर्व फराळ करणे .	ADV ACC;MASC;N;SG PFV;V;V.CVB ERG;MASC;N;PL ACC;MASC;N;SG 3;FIN;MASC;PFV;SG;V _
मिरवणूक निघाली , शहरात आली .	मिरवणूक निघाली , शहर येणे .	FEM;N;NOM;SG 3;FEM;FIN;PFV;SG;V _ ESS;N;NEUT;SG 3;FEM;FIN;PFV;SG;V _
ठीक आहे , राजा म्हणाला .	ठीक असणे , राजा म्हणणे .	ADJ;NOM 3;FIN;PRS;SG;V _ N;NEUT;NOM;SG 3;FIN;MASC;PFV;SG;V _
" त्यांनी हिंमत सोडली म्हणून _ _ देव मेला ! "	" तो हिंमत सोडणे म्हणून तो चा देव मरणे ! "	_ 3;ERG;MASC;PL;PRO ACC;FEM;N;SG 3;FEM;FIN;PFV;SG;V CONJ 3;MASC;PL;PRO ADP;MASC;SG MASC;N;NOM;SG 3;FIN;MASC;PFV;SG;V _ _
होय तात !	होय तात !	INTJ MASC;N;NOM;SG _
_ _ मोजून _ _ ती आवतीभोवती बघते .	मेर चा मोजणे होणे वर तो आवतीभोवती बघणे .	FEM;N;SG ADP;NEUT;SG PFV;V;V.CVB FIN;PFV;V ADP 3;FEM;NOM;PRO;SG ADV 3;FEM;FIN;IPFV;PRS;SG;V _
_ _ बाळ !	मी चा बाळ !	1;PRO;SG ADP;MASC;SG MASC;N;NOM;SG _
राजाने येऊ दिले तर ! तो म्हणाला .	राजा येणे देणे तर ! तो म्हणणे .	ERG;MASC;N;SG NFIN;V 3;FIN;NEUT;PFV;SG;V CONJ _ 3;MASC;NOM;PRO;SG 3;FIN;MASC;PFV;SG;V _
" आपण _ _ मजूर झालो . " तो दुःखाने बोलला .	" मी उद्या पासून मजूर होणे . " तो दुःख बोलणे .	_ 1;NOM;PL;PRO MASC;N;SG ADP MASC;N;NOM;SG 1;FIN;PFV;PL;V _ _ 3;MASC;NOM;PRO;SG ERG;N;NEUT;SG 3;FIN;MASC;PFV;SG;V _
देवाला प्रार्थना करत होती .	देव प्रार्थना करणे असणे .	DAT;MASC;N;SG ACC;FEM;N;SG IPFV;V;V.PTCP 3;FEM;FIN;PST;SG;V _
ती तसं का करते ?	तो तसा का करणे ?	3;FEM;NOM;PRO;SG ADV ADV 3;FIN;IPFV;NEUT;PRS;SG;V _
भीमा _ _ घरी आला .	भीमा मुलगी बरोबर घरी येणे .	MASC;NOM;PROPN;SG FEM;N;SG ADP ADV 3;FIN;MASC;PFV;SG;V _
_ _ गिधाडी दृष्टी तुला भिकेला _ _ राहणार नाही ! "	मी चा गिधाडी दृष्टी तू भिक लावणे शिवाय रहाणे नाही ! "	1;PRO;SG ADP;FEM;SG ADJ;FEM;NOM;SG FEM;N;NOM;SG 2;DAT;PRO;SG DAT;FEM;N;SG FIN;PFV;V ADP FIN;PROSP;V 3;FIN;NEG;SG;V _ _
" हजार रुपये ? "	" हजार रुपय ? "	_ NUM N;NEUT;NOM;PL _ _
ती कुत्र्याला विचारते , तुला जेम्स दिसला का ?	तो कुत्रा विचारणे , तू जेम्स दिसणे का ?	3;FEM;NOM;PRO;SG DAT;MASC;N;SG 3;FEM;FIN;IPFV;PRS;SG;V _ 2;DAT;PRO;SG ACC;MASC;PROPN;SG 3;FIN;MASC;PFV;SG;V ADV _
म्हणत राणी _ _ खाली आली .	म्हणणे राणी धावणे च खाली येणे .	IPFV;V;V.PTCP FEM;N;NOM;SG IPFV;V;V.PTCP PART ADV 3;FEM;FIN;PFV;SG;V _
ती पुन्हा चालू लागली .	तो पुन्हा चालणे लागणे .	3;NEUT;NOM;PL;PRO ADV NFIN;V 3;FIN;NEUT;PFV;PL;V _
_ _ _ _ _ _ साऱ्या _ _ तेथे जणू प्रदर्शन होते .	आजूबाजू चा पाच पन्नास कोस तील सारा संपत्ती चा तेथे जणू प्रदर्शन असणे .	MASC;N;SG ADP NUM NUM MASC;N;PL ADP ADJ FEM;N;SG ADP;NEUT;SG ADV ADV N;NEUT;NOM;SG 3;FIN;NEUT;PST;SG;V _
येथे तुम्ही आम्ही आहोत .	येथे तू मी असणे .	ADV 2;NOM;PL;PRO 1;NOM;PL;PRO 1;FIN;PL;PRS;V _
मग तिला आवाज ऐकू येतो , तो त्या मोठ्या जुन्या _ _ मागून येत आहे .	मग तो आवाज ऐकणे येणे , तो तो मोठा जुना झाड चा मागून येणे असणे .	ADV 3;DAT;FEM;PRO;SG ACC;MASC;N;SG NFIN;V 3;FIN;IPFV;MASC;PRS;SG;V _ 3;MASC;NOM;PRO;SG DET ADJ ADJ N;NEUT;SG ADP ADV IPFV;V;V.PTCP 3;FIN;PRS;SG;V _
_ _ एकटा का ? राजपुत्राने विचारले .	रान वन एकटा का ? राजपुत्र विचारणे .	N;NEUT;SG ESS;N;NEUT;SG ADJ;MASC;NOM;SG ADV _ ERG;MASC;N;SG 3;FIN;NEUT;PFV;SG;V _
नाही म्हणू नका .	नाही म्हणणे नका .	INTJ 2;FIN;IMP;NEG;PL;V 2;FIN;NEG;PL;V _
तेथे फक्त गरिबांना _ _ बंदी होती .	तेथे फक्त गरिब येणे स बंदी असणे .	ADV ADJ;NOM DAT;MASC;N;PL NFIN;V ADP FEM;N;NOM;SG 3;FEM;FIN;PST;SG;V _
काही अंतर चालून _ _ मागून _ _ माणूस येत आहे , असे त्याला वाटले .	काही अंतर चालून जाणे वर मागून कोणी तरी माणूस येणे असणे , असे तो वाटणे .	ADV N;NEUT;NOM;SG PFV;V;V.CVB FIN;PFV;V ADP ADV DET;NOM PART MASC;N;NOM;SG IPFV;V;V.PTCP 3;FIN;PRS;SG;V _ CONJ 3;DAT;MASC;PRO;SG 3;FIN;NEUT;PFV;SG;V _
त्या दोघा भावांनी घोडेस्वार _ _ ठेवले आणि हत्ती सजविला .	तो दोघे भाऊ घोडेस्वार तैनाती स ठेवणे आणि हत्ती सजवी .	DET;FEM;PL DET;PL ERG;MASC;N;PL ACC;MASC;N;PL MASC;N;SG ADP 3;FIN;MASC;PFV;PL;V CONJ ACC;MASC;N;PL DAT;FEM;N;SG _
तो रडत बसला .	तो रडणे बसणे .	3;MASC;NOM;PRO;SG IPFV;V;V.PTCP 3;FIN;MASC;PFV;SG;V _
मी राजपुत्र .	मी राजपुत्र .	1;NOM;PRO;SG MASC;N;NOM;SG _
पुन्हा थोड्या _ _ बहीण म्हणाली , दादा , _ _ निरोप दे !	पुन्हा थोडा अंतर वर बहीण म्हणणे , दादा , मी ही निरोप देणे !	ADV ADJ N;NEUT;SG ADP FEM;N;NOM;SG 3;FEM;FIN;PFV;SG;V _ MASC;N;NOM;SG _ 1;DAT;PRO;SG PART ACC;MASC;N;SG 2;FIN;IMP;SG;V _
त्यांनी राजवाडा खरेदी केली , नोकरचाकर ठेवले .	तो राजवाडा खरेदी करणे , नोकरचाकर ठेवणे .	3;ERG;NEUT;PL;PRO ACC;MASC;N;SG FEM;N;NOM;SG 3;FEM;FIN;PFV;SG;V _ ACC;MASC;N;PL 3;FIN;MASC;PFV;PL;V _
जेम्स एक लहान मुलगा आहे आणि तो सहा _ _ आहे .	जेम्स एक लहान मुलगा असणे आणि तो सहा वर्ष चा असणे .	MASC;NOM;PROPN;SG DET;SG ADJ;NOM MASC;N;NOM;SG 3;FIN;PRS;SG;V CONJ 3;MASC;NOM;PRO;SG NUM N;NEUT;SG ADP;MASC;SG 3;FIN;PRS;SG;V _
दुसरी दोन विकावी लागली नाहीत .	दुसरा दोन विकणे लागणे नाही .	ADJ;NEUT;NOM;PL NUM 3;FIN;NEUT;PL;SBJV;V 3;FIN;NEUT;PFV;PL;V 3;FIN;NEG;PL;V _
पैशाने कोण वश होत नाही !	पैशे कोण वश होणे नाही !	INS;MASC;N;SG NOM;PRO ADJ;NOM IPFV;V;V.PTCP 3;FIN;NEG;SG;V _
राजपुत्राने _ _ _ _ घेतले .	राजपुत्र तो ही आपण बरोबर घेणे .	ERG;MASC;N;SG 3;ACC;MASC;PRO;SG PART PRO ADP 3;FIN;NEUT;PFV;SG;V _
राजपुत्राला ती गोष्ट कळविण्यात आली .	राजपुत्र तो गोष्ट कळवणे येणे .	DAT;MASC;N;SG DET;FEM;NOM;SG ACC;FEM;N;SG ESS;NFIN;V 3;FEM;FIN;PFV;SG;V _
कोण आहे ?	कोण असणे ?	NOM;PRO 3;FIN;PRS;SG;V _
ती _ _ आणि _ _ _ बघते , पण जेम्स तिकडे नाही आहे .	तो टेबल खाली आणि खुर्ची च्या खाली बघणे , पण जेम्स तिकडे नाही असणे .	3;FEM;NOM;PRO;SG MASC;N;SG ADP CONJ FEM;N;SG PART ADP 3;FEM;FIN;IPFV;PRS;SG;V _ CONJ MASC;NOM;PROPN;SG ADV 3;FIN;NEG;SG;V 3;FIN;PRS;SG;V _
तुम्ही _ _ भूक _ _ _ _ तुकडा कापून फेकलात .	तू मी ची भूक शमविणे साठी मांडी चा तुकडा कापणे फेकणे .	2;NOM;PL;PRO 1;PRO;SG ADP;FEM;SG ACC;FEM;N;SG NFIN;V ADP FEM;N;SG ADP;MASC;SG ACC;MASC;N;SG PFV;V;V.CVB 2;FIN;PFV;PL;V _
जेम्स कुठे आहे , हे मेरीला माहित नाही .	जेम्स कुठे असणे , हा मेरी माहित नाही .	MASC;NOM;PROPN;SG ADV 3;FIN;PRS;SG;V _ 3;ACC;NEUT;PRO;SG DAT;FEM;PROPN;SG MASC;N;NOM;SG 3;FIN;NEG;SG;V _
कुठला ?	कुठला ?	ADJ;MASC;NOM;SG _
_ _ चालत होती .	रात्र भर चालत असणे .	FEM;N;SG ADP ADV 3;FIN;NEUT;PL;PST;V _
तो एक खेळ आहे .	तो एक खेळ असणे .	3;MASC;NOM;PRO;SG DET;SG MASC;N;NOM;SG 3;FIN;PRS;SG;V _
मी ती हरिणी .	मी तो हरिणी .	1;NOM;PRO;SG DET;FEM;SG FEM;N;NOM;SG _
